tax_id	episode	tax_name	parent_tax	category	jurisdiction	start_year	start_date	end_year	end_date	episode_status	date_confidence	source_id	source_locator	source_quote	notes
shipgeld	1	Shipgeld		early direct tax	England	1008		1066		ended	low	dowell_v1	Book I ch. II	"""The third was the Ship-geld"""	Pre-Conquest tax included as background; start is a best-guess Anglo-Saxon naval-levy date, and end is conservatively set at the Norman Conquest.
danegeld	1	Danegeld		land/property	England	1084		1163		ended	medium	dowell_v1	Contents, ch. V	The danegeld, revived by the Conqueror, afterwards becomes annual... Disappears after 1163.	
fumage	1	Fumage/hearth tax		household/property	England	1000		1066		ended	low	dowell_v1	Book I ch. II	"""as the original of the 'Hearth-money'"""	Pre-Conquest hearth-related tax; start is a best-guess placeholder because Dowell describes it as an old English custom rather than giving an enactment date.
carucage	1	Carucage		land/property	England	1194		1224		ended	medium	dowell_v1	Contents, ch. V	Carucage taken by Richard I. in 1194 and 1198... The Falkes de Breaute carucage in 1224. End of carucage	
scutage	1	Scutage		land/property	England	1159		1306		ended	medium	dowell_v1	Contents, ch. VI	The scutage of Toulouse, 1159... The last of the scutages	
tallage	1	Tallage		direct tax	England	1163		1304		ended	medium	dowell_v1	Book I ch. V	"""the special era of tallage, commences... a.d. 1163"""	Dowell treats 1163-1304 as the special era of tallage; later threatened revivals are not counted as separate levies unless collected.
saladin_tithe	1	Saladin tithe		moveables	England	1188		1188		ended	high	dowell_v1	Contents, ch. VIII	The Saladin tithe, 1188. Taxation of moveables.	
tax_on_moveables	1	Taxation of moveables		moveables	England	1188		1334		ended	medium	dowell_v1	Contents, ch. VIII	The taxation of moveables. 1188-1334.	
prisage_wine	1	Prisage of wine		wine/customs	England	1215		1302		ended	low	dowell_v1	Book I ch. IX	"""The King's Prisage of Wine"""	Known to exist before Magna Carta; coded from 1215 as "known in force by" and ended at the 1302 commutation for foreign merchants. Native-merchant continuity needs later splitting.
fifteenths_tenths	1	Fifteenths and tenths		direct tax	England	1334		1624		ended	medium	dowell_v1	Contents, Book III / ch. I	Settlement of the fifteenth and tenth in 1334... The last fifteenths and tenths.	End year inferred from Dowell phrase; verify.
parish_tax	1	Parish tax		direct tax	England	1371		1371		ended	medium	dowell_v1	Contents, ch. I	The novel tax on parishes in 1371.	
poll_tax_general	1	Poll tax / tallage of groats		personal tax	England	1377		1377		ended	high	dowell_v1	Contents, ch. I	Imposition of the first poll tax. The tallage of groats of 1377.	
poll_tax_general	2	Graduated poll tax		personal tax	England	1379		1379		ended	high	dowell_v1	Contents, ch. I	The graduated poll tax of 1379.	
poll_tax_general	3	Poll tax		personal tax	England	1380		1380		ended	high	dowell_v1	Contents, ch. I	Imposition of another poll tax in 1380. The peasant insurrection.	
alien_poll_tax	1	Poll tax on aliens		personal tax	England	1439		1439		ended	medium	dowell_v3	Book I ch. I	One such poll was imposed in 1439; another, in 1442.	
alien_poll_tax	2	Poll tax on aliens		personal tax	England	1442		1442		ended	medium	dowell_v3	Book I ch. I	One such poll was imposed in 1439; another, in 1442.	
alien_poll_tax	3	Annual poll tax on aliens		personal tax	England	1453		1461		ended	low	dowell_v3	Book I ch. I	In 1453 an annual tax of this description was granted, for life, to king Henry VI.	End set to death/deposition year; verify.
land_income_tax_1404	1	Land tax on large landowners		land/property	England	1404		1404		ended	medium	dowell_v1	Contents, ch. I	New land tax of 5 per cent. on large landowners in 1404.	
land_income_tax_1411	1	Land tax		land/property	England	1411		1411		ended	medium	dowell_v1	Contents, ch. I	A similar tax, at ... per cent on a wider basis, in 1411.	
householder_land_tax_1428	1	Householder and land tax		direct tax	England	1428		1428		ended	medium	dowell_v1	Contents, ch. I	Novel tax on inhabitant householders... combined with a land tax on the fee in 1428.	
income_from_land_tax_1435	1	Graduated tax on income from land/rents/offices		income/property	England	1435		1435		ended	medium	dowell_v1	Contents, ch. I	Grant... in 1435, and, in supplement, a graduated tax on income from lands, rents, and annuities and offices	
income_from_land_tax_1450	2	Graduated tax on income from land/rents/offices		income/property	England	1450		1450		ended	medium	dowell_v1	Contents, ch. I	Grant, in 1450, of another graduated tax on income from lands, rents, annuities, and offices and fees.	
archers_income_tax	1	Tax for archers / income tax		income tax	England	1472		1472		ended	medium	dowell_v1	Contents, ch. I	Grant, in 1472, of 13,000 archers... and an income tax of 10 per cent. for their pay. Failure of the tax.	
alien_poll_tax	4	Increased poll on aliens		personal tax	England	1482		1482		ended	medium	dowell_v1	Contents, ch. I	In 1482, a fifteenth and tenth granted, together with an increased poll upon aliens	
benevolences	1	Benevolences		exaction	England	1470		1628		ended	low	dowell_v1	Contents, ch. III	Suppression of forced loans and benevolences by the Petition of Right	Several episodes; needs splitting.
subsidy	1	Subsidy		direct tax	England	1513		1641		ended	low	dowell_v1	Contents, ch. I	Grant of a subsidy. Practice of granting fifteenths and tenths and a subsidy together.	Needs episodic splitting. Includes the 1547/1548 sheep-and-cloth charge as a subsidy component; not counted separately.
poll_tax_general	4	Poll tax		personal tax	England	1513		1513		ended	high	dowell_v3	Book I ch. I	A general poll tax, imposed in 1513, 4 Henry VIII	
first_fruits_tenths	1	First-fruits and tenths		ecclesiastical tax	England	1534		1926		ended	medium	legislation_first_fruits_measure_1926	First Fruits and Tenths Measure 1926	"""all first fruits and tenths... shall be extinguished"""	Still requires historical start-statute verification beyond Dowell; end from Church Assembly Measure.
customs	1	Customs duties at ports		customs	England	1275				chart_split_only	low	dowell_v1	Contents, ch. IX	Origin of the customs... the antiqua custuma of 1275 are recognised.	Broad customs-regime umbrella retained for context only; not counted while commodity customs heads are counted separately.
tunnage_poundage	1	Tunnage and poundage		customs	England/Great Britain	1302		1787	1787-05-10	ended	medium	legislation_customs_excise_act_1787	Section 1	"""from and after the tenth Day of May one thousand seven hundred and eighty-seven... Duties whatever... shall cease and determine"""	Approximate conceptual endpoint: swept into Pitt's customs consolidation from 10 May 1787.
wool_customs	1	Customs on wool, woolfells and leather		customs	England/Great Britain	1275		1787	1787-05-10	ended	medium	legislation_customs_excise_act_1787	Section 1	"""from and after the tenth Day of May one thousand seven hundred and eighty-seven... Duties whatever... shall cease and determine"""	Approximate conceptual endpoint: old wool customs lineage swept into Pitt's customs consolidation from 10 May 1787.
poor_rate	1	Poor rate		local/property tax	England and Wales	1601		1927		ended	medium	poor_relief_act_1601_vlex	43 Elizabeth I c.2; Rating and Valuation Act 1925, s.1	"""taxation of every inhabitant... every occupier of lands, houses"""	Statutory Elizabethan poor-rate lineage; later folded into the general rate under 1925 reforms. Exact appointed-day treatment needs later checking.
tobacco_impost	1	Impost on tobacco		customs/excise	England/Great Britain	1604		1787	1787-05-10	ended	medium	legislation_customs_excise_act_1787	Section 1	"""from and after the tenth Day of May one thousand seven hundred and eighty-seven... Duties whatever... shall cease and determine"""	Approximate endpoint for the Stuart impost lineage; later tobacco duty is separately coded.
currants_impost	1	Impost on currants		customs	England/Great Britain	1606		1787	1787-05-10	ended	medium	legislation_customs_excise_act_1787	Section 1	"""from and after the tenth Day of May one thousand seven hundred and eighty-seven... Duties whatever... shall cease and determine"""	Approximate endpoint for the Stuart imposition lineage; later dried-fruit duties are separately coded.
ship_money	1	Ship money		property/exaction	England	1634		1641		ended	high	dowell_v1	Contents, ch. IV	First issue of the writs in October, 1634... The Act against ship money.	
excise_duties	1	Excise duties		excise	England	1643				chart_split_only	medium	parliament_key_dates	Lines 175-176	1643 - Excise duties first imposed; Charged on beer and tobacco	Broad excise-regime umbrella retained for context only; not counted while specific excise heads are counted separately.
commonwealth_soap_excise	1	Commonwealth soap excise		excise/manufactures	England/Commonwealth	1643		1660		ended	medium	dowell_v4	Book IV ch. I	"""included taxes on many manufactured articles--soap, starch, all sorts of glass, gold and silver wire, and all articles of cast iron"""	Commonwealth manufactured-goods excise abandoned at the Restoration.
commonwealth_starch_excise	1	Commonwealth starch excise		excise/manufactures	England/Commonwealth	1643		1660		ended	medium	dowell_v4	Book IV ch. I	"""included taxes on many manufactured articles--soap, starch, all sorts of glass, gold and silver wire, and all articles of cast iron"""	Commonwealth manufactured-goods excise abandoned at the Restoration.
commonwealth_glass_excise	1	Commonwealth glass excise		excise/manufactures	England/Commonwealth	1643		1660		ended	medium	dowell_v4	Book IV ch. I	"""included taxes on many manufactured articles--soap, starch, all sorts of glass, gold and silver wire, and all articles of cast iron"""	Commonwealth manufactured-goods excise abandoned at the Restoration; later glass-duty episodes separately coded.
gold_silver_wire_excise	1	Gold and silver wire excise		excise/manufactures	England/Commonwealth/Great Britain	1643		1826		ended	medium	dowell_v4	Book IV ch. I	"""gilt and silver wire all ranged as contributories to the revenue"""	Commonwealth/early-modern manufactured-goods duty; Dowell notes repeal of the minor tax on gilt and silver wire in 1826.
cast_iron_excise	1	Cast iron excise		excise/manufactures	England/Commonwealth	1643		1660		ended	medium	dowell_v4	Book IV ch. I	"""all articles of cast iron made within the commonwealth"""	Commonwealth manufactured-goods excise abandoned at the Restoration.
poll_tax_general	5	Poll tax		personal tax	England	1641		1641		ended	high	dowell_v3	Book I ch. I	In 1641 another general poll tax was imposed	
commonwealth_monthly_assessment	1	Commonwealth monthly assessments		direct/property tax	England, Wales, Scotland and Ireland	1643		1660		ended	medium	dowell_v2	Book I ch. I	"""they adopted a system of monthly assessments"""	Start year approximate from parliamentary ordinance period; operated during the Commonwealth.
weekly_meal_tax	1	Weekly meal tax		personal/consumption tax	England and Wales	1643		1649		ended	medium	dowell_v2	Book I ch. I	"""was levied by the parliament during six years"""	Dowell gives duration and yield but not exact start month.
poll_tax_general	6	Poll taxes under Charles II		personal tax	England	1660		1685		ended	low	dowell_v3	Book I ch. I	After the Restoration, poll taxes were used on several occasions during the reign of Charles II.	Needs separate episodes.
poll_tax_general	10	Single poll		personal/poll tax	England	1689		1689		ended	high	dowell_v3	Vol III, Book I ch. I, p. 9	"""In 1689, a single poll... produced... 288,310l."""	Added from old_taxes2.tsv review.
poll_tax_general	11	Review of 1689 poll and additional poll		personal/poll tax	England	1690		1690		ended	high	dowell_v3	Vol III, Book I ch. I, p. 9	"""In 1690 a review of the poll of 1689 and an additional poll produced together 23,059l."""	Added from old_taxes2.tsv review.
poll_tax_general	12	Second poll		personal/poll tax	England	1690		1690		ended	high	dowell_v3	Vol III, Book I ch. I, p. 9	"""A second poll for 1690 produced 239,958l."""	Added from old_taxes2.tsv review.
poll_tax_general	7	Quarterly poll tax		personal tax	England	1692		1692		ended	medium	dowell_v3	Book I ch. I	A quarterly poll in 1692 produced 580,000l.	
poll_tax_general	13	Second quarterly poll		personal/poll tax	England	1694		1694		ended	high	dowell_v3	Vol III, Book I ch. I, p. 10	"""In 1694 a second quarterly poll produced 486,321l."""	Added from old_taxes2.tsv review.
poll_tax_general	8	Capitation tax		personal tax	England	1697		1697		ended	high	dowell_v3	Book I ch. I	"""In 1697, 612,912l. was raised"""	Dowell distinguishes this from the single and quarterly polls.
poll_tax_general	9	Quarterly poll tax		personal tax	England	1698		1698		ended	high	dowell_v3	Book I ch. I	"""In 1698 a quarterly poll produced 321,397l."""	Last general poll tax according to Dowell.
hearth_money	1	Hearth-money		household/property	England and Wales	1662		1689		ended	high	legislation_hearth_money_act_1688	Hearth Money Act 1688	"""repealed by the Hearth Money Act 1688... in 1689"""	End year uses calendar-year royal assent/operation, not old-style regnal citation.
land_tax	1	Land tax		land/property	England	1692		1963		ended	high	tna_land_tax_1692_1963	Guide	"""The Land Tax was first imposed in England in 1692. It ran from 1692 to 1963."""	Parliament key-dates page says 1693, but the underlying statute/TNA guide support 1692.
window_tax	1	Window tax		household/property	England	1696		1851		ended	high	parliament_key_dates	Lines 180-181	1696 - Window Tax imposed... It remained in force until 1851	
stamp_duties	1	General stamp duties		stamp duty	England	1694				chart_split_only	medium	dowell_v3	Contents, Part II	FROM THE ORIGINAL STAMP ACT OF 1694 TO THE GENERAL STAMP ACT OF 1815.	Broad stamp-duty umbrella retained for context only; not counted while specific stamp heads are counted separately.
stamp_duty_land_conveyances	1	Stamp duty on land conveyances		land transaction tax	England/Great Britain/United Kingdom	1694		2003	2003-12-01	ended	medium	govuk_sdlt_manual	SDLTM00030	"""SDLT was introduced in Part 4 of the Finance Act 2003"""	Pre-SDLT stamp-duty head on land conveyances; broad start from the original stamp-duty regime, endpoint from SDLT replacement.
stamp_duty_shares_securities	1	Stamp duty on shares and marketable securities		securities transaction tax	England/Great Britain/United Kingdom	1694				active	medium	current_chart_2024_25	current chart	"""Stamp taxes on shares"""	Paper/instrument stamp duty on securities; current chart has a separate Stamp duty on shares line alongside SDRT.
bearer_instrument_duty	1	Bearer Instrument Duty		securities transaction tax	United Kingdom	1963				active	high	govuk_stsm_bearer_instrument_duty	STSM062000	"""Bearer Instrument Duty"""	Article footnote zero-revenue oddity; current head inserted into Stamp Act 1891 by Finance Act 1963, with older bearer-security stamp heads preceding it.
law_proceedings_stamp_duty	1	Law proceedings stamp duty		stamp duty	England/Great Britain	1670		1824		ended	medium	dowell_v3	Book IV ch. I	"""duties had been imposed, in 1670, upon proceedings at law"""	Dowell says the 1670 duties expired in 1680 and later law-proceedings stamp duties were repealed in 1824; retained as one broad lineage pending episode split.
bills_exchange_promissory_notes_duty	1	Bills of exchange and promissory notes stamp duty		stamp duty	Great Britain/United Kingdom	1782		1971	1971-02-01	ended	high	legislation_finance_act_1970	Schedule 7; Dowell vol. III Book IV ch. I	"""Duties abolished as from 1st February 1971"""	Dowell identifies North's 1782 tax on bills of exchange and promissory notes; Finance Act 1970 abolished bill/receipt duties from 1 February 1971.
agreements_stamp_duty	1	Agreements stamp duty		stamp duty	Great Britain/United Kingdom	1783		1971		ended	low	dowell_v3	Book IV ch. I	"""introduced into the list several new heads of duty, viz.--agreements"""	Dowell identifies agreements as a distinct 1783 stamp head. End is provisional: broad non-core agreement stamp duties largely swept away by the late twentieth-century stamp-duty reforms.
receipt_stamp_duty	1	Receipt stamp duty		stamp duty	England/Great Britain/United Kingdom	1694		1971	1971-02-01	ended	high	legislation_finance_act_1970	Schedule 7, para. 2	"""the duty of 2d. specified... under the heading beginning Receipt"""	Broad receipt-stamp head; Finance Act 1970 abolished it from 1 February 1971.
cheque_stamp_duty	1	Cheque stamp duty		stamp duty	United Kingdom	1853		1971	1971-02-01	ended	high	legislation_finance_act_1970	Schedule 7, para. 2	"""Duties abolished as from 1st February 1971"""	Start from Stamp Act 1853 cheque duty; endpoint confirmed by Finance Act 1970.
apprenticeship_indentures_stamp_duty	1	Apprenticeship indentures duty		stamp duty	England and Wales	1710		1811		ended	high	tna_apprenticeship_indentures_duty	Research guide	"""stamp duty was payable on indentures of apprenticeship"""	Duty on apprenticeship indentures/premiums; separate from the modern Apprenticeship Levy.
marriage_birth_burial_duty	1	Marriage, birth and burial duties		personal/event tax	England and Wales	1695		1706		ended	medium	british_history_marriage_duty_1694	6 & 7 William III c.6	"""for granting to His Majesty certaine Rates and Duties upon Marriages Births and Burials"""	War-revenue duty; end year from secondary descriptions of the Act's expiry, still needs final repeal/expiry statute check.
bachelor_widower_duty	1	Bachelor and widower duties		personal/status tax	England and Wales	1695		1706		ended	medium	british_history_marriage_duty_1694	6 & 7 William III c.6	"""Duties upon Marriages Births and Burials Batchelors and Widowers"""	Charged under the same 1695 Act; counted separately because the duty base/status charge differed from event registration duties.
probate_administration_inventory_duty	1	Probate, administration and inventory duties		successions	England	1694		1894		ended	medium	dowell_v3	Book II ch. II	"""in the original Stamp Act... stamp duty... was imposed"""	Start predates Great Britain; end year retained as 1894 consolidation under estate duty; exact transitional treatment needs later legal verification.
legacy_duty	1	Legacy duty		successions	Great Britain	1780		1949	1949-07-30	ended	high	legislation_finance_act_1949	Section 27	"""Legacy duty and succession duty shall not be chargeable"""	Estate duty overlaid these duties from 1894; statutory abolition/non-charge traced to Finance Act 1949.
succession_duty	1	Succession duty		successions	United Kingdom	1853		1949	1949-07-30	ended	high	legislation_finance_act_1949	Section 27	"""Legacy duty and succession duty shall not be chargeable"""	Charged successions to land and settled property; estate duty overlaid from 1894, with statutory abolition/non-charge in 1949.
corporation_duty	1	Corporation duty		corporate/property tax	United Kingdom	1885		1959		ended	medium	tna_inland_revenue_records_c161	Series description	"""Corporation Duty, 1885-1959"""	Duty on corporate and unincorporated bodies; needs Customs and Inland Revenue Act 1885 section-level verification.
estate_duty	1	Estate duty		successions	United Kingdom	1894		1975	1975-03-12	ended	high	tna_estate_duty_records	Series description	"""In 1894, estate duty was imposed"""	End date cross-checked to GOV.UK IHT threshold history, which lists Estate Duty to 12 March 1975.
capital_transfer_tax	1	Capital Transfer Tax		successions/lifetime transfers	United Kingdom	1975	1975-03-13	1986	1986-03-17	ended	high	govuk_iht_thresholds_2026	Threshold history	"""Capital Transfer Tax... from 13 March 1975 to 17 March 1986"""	Renamed/recast as inheritance tax from 18 March 1986.
auction_property_tax	1	Tax on property sold by auction		property transaction	Great Britain	1777		1845		ended	high	dowell_v3	Contents, ch. III	the tax on property sold BY AUCTION. 1777-1845	
fire_insurance_duty	1	Tax on fire insurance		insurance tax	Great Britain	1782		1869		ended	high	dowell_v3	Contents, ch. IV	The Tax on Fire Insurance (1782-1869)	
sea_insurance_duty	1	Tax on sea/marine insurance		insurance tax	Great Britain	1782		1959		ended	medium	legislation_finance_act_1959	Eighth Schedule	"""Policy of Sea Insurance"""	Start moved from 1795 to 1782 on audit/source review; 1795 appears to be a major rate increase, not the introduction. Finance Act 1959 repealed the Stamp Act 1891 head of charge for sea insurance policies.
inhabited_house_duty	1	Inhabited house duty		household/property	Great Britain	1778		1834		ended	high	dowell_v3	Contents, Book III ch. II	Lord North's tax (1778-1834)	
inhabited_house_duty	2	Inhabited house duty		household/property	Great Britain	1851		1924		ended	high	legislation_finance_act_1924	Section 20	"""Repeal of inhabited house duty"""	
carriage_duty	1	Duty on carriages		establishment/luxury	Great Britain	1747		1945	1945-01-01	ended	high	legislation_finance_act_1944	Section 6	"""carriages and hackney carriages... shall cease to be chargeable"""	
plate_chest_duty	1	Household plate chest duty		establishment/luxury	Great Britain	1756		1777		ended	high	dowell_v3	Contents, ch. III	On the household plate chest (1756-1777)	
male_servant_duty	1	Male servants duty		establishment/luxury	Great Britain	1777		1937		ended	high	legislation_finance_act_1937	Section 5	"""in respect of male servants shall cease to be chargeable"""	
female_servant_duty	1	Female servants duty		establishment/luxury	Great Britain	1785		1792		ended	high	dowell_v3	Contents, ch. III	On establishments of female servants (1785-1792)	
horse_duty	1	Horse duty		establishment/luxury	Great Britain	1784		1874		ended	high	dowell_v3	Contents, ch. III	On establishments of horses (1784-1874)	
racehorse_duty	1	Racehorse duty		establishment/luxury	Great Britain	1784		1874		ended	high	dowell_v3	Contents, ch. III	On establishments of racehorses (1784-1874)	
sporting_licence	1	Sporting licences		licence duty	Great Britain	1784		2011		ended	medium	legislation_wane_scotland_2011	Schedule, Part 2	"""Game Licences Act 1860... The whole Act"""	England/Wales game licence law was repealed by the 2007 Regulatory Reform (Game) Order; Scotland repeal in 2011 marks final GB endpoint.
gun_licence	1	Gun licences		licence duty	Great Britain	1870		1966		ended	high	legislation_local_government_act_1966	Schedule 3, Part I	"""The Gun Licence Act 1870"""	Listed among enactments ceasing to have effect.
hair_powder_duty	1	Hair-powder duty		establishment/luxury	Great Britain	1795		1869		ended	high	dowell_v3	Contents, ch. III	On the use of hair-powder (1795-1869)	
dog_licence	1	Dog licence duty		licence duty	Great Britain	1796		1988	1988-05-24	ended	high	legislation_local_government_act_1988	Schedule 7, Part IV	"""Dog Licences Act 1959. The whole Act."""	Repeals had effect two months after Royal Assent on 24 March 1988.
clock_watch_duty	1	Clock and watch duty		establishment/luxury	Great Britain	1797		1798		ended	high	dowell_v3	Contents, ch. III	In respect of clocks and watches (1797-1798)	
armorial_ensigns_duty	1	Armorial ensigns duty		licence duty	Great Britain	1798		1945	1945-01-01	ended	high	legislation_finance_act_1944	Section 6	"""armorial bearings... shall cease to be chargeable"""	
shopkeeper_tax	1	Tax on shopkeepers		licence/profession	Great Britain	1785		1789		ended	high	dowell_v3	Book I ch. II	"""in 1785, when Pitt revived the project of a shop tax"""	Repealed from 5 April 1789 according to Dowell.
attorney_solicitor_duty	1	Attorneys, solicitors, proctors, conveyancers and special pleaders tax		licence/profession	Great Britain/United Kingdom	1785		1949		ended	medium	hansard_solicitors_public_notaries_1949	Lords second reading	"""The duty was originally £5 in the year 1785."""	Hansard says the duty was reduced in Finance Act 1947 and abolished by the 1949 Bill; use 1949 as best endpoint.
note_banker_duty	1	Note bankers tax		licence/profession	Great Britain/United Kingdom	1808		1972	1972-06-25	ended	medium	legislation_finance_act_1972	Schedule 28, Part XI	"""In Schedule 1 the heading " BANK NOTE "."""	Annual licence/composition duty for note-issuing bankers; endpoint uses Finance Act 1972 repeal of Stamp Act 1891 bank-note provisions.
auctioneer_duty	1	Auctioneers tax		licence/profession	Great Britain	1777		1949	1949-07-05	ended	high	legislation_finance_act_1949	Section 14	"""Abolition of excise duties on licences for appraisers, auctioneers, house agents and plate dealers"""	Dowell says 1777 duty was small; revenue duty of 5l imposed in 1825.
appraiser_duty	1	Appraisers tax		licence/profession	Great Britain	1806		1949	1949-07-05	ended	high	legislation_finance_act_1949	Section 14	"""Abolition of excise duties on licences for appraisers, auctioneers, house agents and plate dealers"""	
furnished_house_agent_duty	1	Furnished-house agents tax		licence/profession	Great Britain	1861		1949	1949-07-05	ended	high	legislation_finance_act_1949	Section 14	"""Abolition of excise duties on licences for appraisers, auctioneers, house agents and plate dealers"""	
pawnbroker_duty	1	Pawnbrokers tax		licence/profession	Great Britain	1785		1985	1985-05-19	ended	medium	legislation_consumer_credit_act_1974	Schedule 5	"""Pawnbrokers Act 1872. The whole Act."""	Finance Act 1949 transferred duties to local authorities; Consumer Credit Act 1974 repealed the Pawnbrokers Act, with pawnbroking regime commenced in 1985.
hawker_pedlar_duty	1	Hawkers and pedlars tax		licence/profession	England	1697		1966		ended	high	legislation_local_government_act_1966	Schedule 3, Part I	"""The Hawkers Act 1888"""	Start predates Great Britain; foot-hawker element repealed in 1870; wider Hawkers Act listed among enactments ceasing to have effect in 1966.
hackney_carriage_duty	1	Hackney coach, carriage and cab duty		licence/profession	England	1694		1870		ended	high	dowell_v3	Book I ch. III	"""1694-1870"""	Start predates Great Britain; replaces broad locomotion-provider placeholder with the dated metropolitan hackney-carriage series.
stage_coach_duty	1	Stage-coach and caravan duty		transport/locomotion tax	England	1694		1695		ended	medium	dowell_v3	Book I ch. III, locomotion section	"""the short-lived tax imposed, in 1694, upon the drivers of stage-coaches"""	First short-lived stage-coach duty; later stage-coach proprietors and mileage duty coded separately.
stage_coach_duty	2	Stage-coach and caravan duty		transport/locomotion tax	Great Britain	1779		1870	1870-01-01	ended	high	dowell_v3	Book I ch. III, locomotion section	"""The Tax on Persons keeping Stage-Coaches and Caravans. 1694-5, 1779-1869."""	Dowell says Lowe repealed the duty from 1 January 1870.
post_horse_duty	1	Post-horse and horse-hire duty		transport/locomotion tax	Great Britain	1779		1870	1870-01-01	ended	high	dowell_v3	Book I ch. III, locomotion section	"""The tax on persons keeping post-horses or keeping horses to let for hire. 1779-1869."""	Dowell says Lowe repealed the tax from 1 January 1870.
waggon_cart_duty	1	Waggons, wains and carts duty		transport/locomotion tax	Great Britain	1783		1792		ended	medium	dowell_v3	Book III ch. III, carriage section	"""a small tax on waggons and carts first imposed in 1783"""	Dowell says the Coalition Ministry's waggon/cart tax was repealed in 1792.
coachmaker_licence_duty	1	Coachmakers licence duty		licence/profession	Great Britain	1785		1869		ended	medium	dowell_v2	Book II ch. VIII	"""for coachmakers, with a tax of 20s. for every four-wheeled and 10s. for every two-wheeled carriage made by them"""	Dowell identifies Pitt's 1785 coachmaker licence/manufacture tax; later endpoint provisionally aligned to the 1869-70 locomotion/establishment duty repeal pass.
cotton_stuffs_duty_1784	1	Cotton stuffs duty		manufacture duty	Great Britain	1784		1785		ended	high	dowell_v4	Vol IV, Book IV ch. I, p. 291	"""A tax on cotton stuffs, bleached or dyed, which was repealed in the next year."""	Added from old_taxes2.tsv review; separate short-lived Pitt tax.
salt_duty	1	Salt excise		food/commodity	England and Wales	1643		1660		ended	low	dowell_v4	Book I ch. I	Under the system of taxation... introduced... by the parliament in the civil war, salt... was charged	Exact start/end to verify.
salt_duty	2	Salt duty		food/commodity	England and Wales	1694		1730		ended	medium	dowell_v4	Book I ch. I	in 1694... a duty was again imposed... Repealed by Walpole... in 1730	
salt_duty	3	Salt duty revived		food/commodity	Great Britain	1732		1825		ended	medium	dowell_v4	Book I ch. I	revived... only two years after the repeal	End from Dowell narrative; verify exact expiry.
corn_duty	1	Imported corn/wheat duties		food/customs	Great Britain	1791		1869		ended	medium	dowell_v4	Book I ch. II	"""In 1791 the corn law was changed by Pitt"""	Broad imported-corn duty row. Dowell says the 1846 Act reduced duties and fixed a 1s registration-fee duty from 1849, then Lowe repealed the tax in 1869.
cattle_meat_duty	1	Imported cattle, sheep, pigs and meat duties		food/customs	Great Britain	1842		1846		ended	medium	dowell_v4	Book I ch. III	"""The practically prohibitory duties reduced, by Peel, in 1842"""	Start is the clear revenue-duty reduction point in Dowell; earlier prohibitions/practically prohibitory duties need statute-level episode work. Hams survived to 1853 but are not split here.
butter_cheese_duty	1	Butter and cheese duties		food/customs	Great Britain	1787		1860		ended	low	dowell_v4	Book I ch. IV	"""In Pitt's tariff of 1787, the duty on butter was 2s. 6d. the cwt."""	Known from Dowell to be in Pitt's 1787 tariff for butter; cheese is known to be yielding revenue by 1815. Repealed in 1860.
egg_duty	1	Imported eggs duty		food/customs	Great Britain	1815		1860		ended	low	dowell_v4	Book I ch. IV	"""The repeal of the duty on eggs"""	Start is a best-guess "known extant by" date, aligned with other food duties yielding revenue by 1815; repeal is from Gladstone's 1860 tariff revision.
sugar_duty	1	Sugar duty		food/commodity	England/Great Britain	1685		1693		ended	medium	dowell_v4	Book I ch. V	"""a special tax on sugar, 1685. A tax imposed for eight years, determines in 1693"""	First special sugar-tax episode identified by Dowell.
sugar_duty	2	Sugar duty		food/commodity	Great Britain	1709		1874		ended	medium	dowell_v4	Book I ch. V	"""Sugar further taxed in the war of the Spanish Succession"""	Later sugar-duty lineage after the 1685-93 special tax; Dowell says Northcote repealed the tax in 1874.
pepper_duty	1	Pepper duty		food/customs	Great Britain	1709		1866		ended	medium	dowell_v4	Book I ch. VI	"""pepper was charged in 1709... with an additional 1s. 6d. the pound"""	Dowell says pepper was already heavily taxed before 1709; this start captures the first specific date found in the sidecar.
raisin_duty	1	Raisins duty		food/customs	England/Great Britain	1660		1885		ended	low	dowell_v4	Book I ch. VII	"""After the Restoration other principles prevailed, but raisins continued to be subjected to heavy taxation"""	Best-guess endpoint currently set at Dowell's source horizon; post-1885 repeal not yet traced.
currant_duty	1	Currants duty		food/customs	Great Britain	1787		1885		ended	low	dowell_v4	Book I ch. VIII	"""In Pitt's tariff of 1787, the duty was imposed at the rate of 1l. 3s. 4d. the cwt."""	Best-guess endpoint currently set at Dowell's source horizon; post-1885 repeal not yet traced.
orange_lemon_duty	1	Oranges and lemons duty		food/customs	Great Britain	1815		1860		ended	low	dowell_v4	Book I ch. IX	"""in 1815... the yield of the duties... nearly reached 45,000l."""	Start is "known extant by" from Dowell; actual enactment date not yet coded.
fig_plum_prune_duty	1	Figs, plums and prunes duty		food/customs	Great Britain	1860		1885		ended	low	dowell_v4	Book I ch. VII	"""The duty continues to be 7s. the cwt.--the rate payable also for currants, figs, fig-cake, French plums, and other dried or preserved plums and prunes."""	Start is "known extant by" from the 7s dried-fruit rate described after the 1860 reduction; best-guess endpoint currently set at Dowell's source horizon.
olive_oil_duty	1	Olive oil duty		food/customs	Great Britain	1815		1845		ended	low	dowell_v4	Book I ch. X	"""in 1815 we derived from the duty on ordinary olive oil alone nearly 28,000l."""	Start is "known extant by" from Dowell; actual enactment date not yet coded.
vinegar_duty	1	Vinegar duty		food/commodity	England	1660		1880		ended	medium	dowell_v4	Book I ch. VII	"""After the Restoration, an excise... was imposed"""	Start predates Great Britain. Complex history: 1699 repeal/reimposition and later customs countervailing duty; 1880 repeal with malt duty.
beer_duty	1	Beer duty		alcohol/excise	England/Great Britain	1643				active	low	parliament_key_dates	Lines 175-176	Excise duties first imposed; Charged on beer and tobacco	Needs split into ale/beer/brewers/licences.
malt_duty	1	Malt duty		alcohol/excise	England	1697		1880		ended	high	dowell_v4	Book II ch. I	"""a tax was imposed, in 1697, upon malt"""	Start predates Great Britain; repealed in 1880 and replaced by beer duty.
hops_duty	1	Hops duty		alcohol/excise	Great Britain	1710		1862		ended	high	dowell_v4	Book II ch. I	"""the excise on hops was revived in 1710"""	End retained from existing Dowell contents summary.
beer_seller_licence	1	Beer seller and brewer licences		alcohol/licence	Great Britain	1710				active	medium	dowell_v4	Book II ch. I	"""a small stamp duty of 1s., imposed in 1710"""	Publican/licensed-victualler duty later became excise revenue licence; modern alcohol licensing/tax boundary needs review.
wine_duty	1	Wine duties		alcohol/customs	England	1302				active	low	dowell_v4	Book II ch. II	"""The Duties on Wine"""	Start predates Great Britain. Very broad wine-duty series; start tied to medieval tunnage/butlerage and should later be split.
wine_seller_licence	1	Wine seller licences		alcohol/licence	England	1660				active	medium	dowell_v4	Book II ch. II	"""the revenue from the wine licenses was specially reserved"""	Start predates Great Britain; revenue licence history continues through later stamp/excise licensing; modern status needs review.
sweets_made_wines_duty	1	Sweets and made wines duty		alcohol/excise	England	1696		1834		ended	high	dowell_v4	Contents, Book II ch. III	SWEETS, MADE WINES, MEAD AND METHEGLIN. 1696-1834.	Start predates Great Britain.
mead_metheglin_duty	1	Mead and metheglin duty		alcohol/excise	England	1696		1834		ended	high	dowell_v4	Contents, Book II ch. III	SWEETS, MADE WINES, MEAD AND METHEGLIN. 1696-1834.	Start predates Great Britain.
home_spirits_duty	1	Home-made spirits duty		alcohol/excise	England	1660				active	medium	dowell_v2	Book I ch. II	"""Strong water or aqua vitae, the gallon"""	Start predates Great Britain; hereditary/temporary excise charged domestic spirits; modern spirits duty continues under later regime.
foreign_spirits_duty	1	Foreign spirits duty		alcohol/customs	England	1660				active	medium	dowell_v2	Book I ch. II	"""Spirits made of wine or cider, the gallon"""	Start predates Great Britain; imported spirits charged under Restoration excise; modern duty/tariff boundary needs later split.
rum_duty	1	Rum duty		alcohol/customs/excise	Great Britain	1740		1885		ended	low	dowell_v4	Book II ch. IV	"""rum was included in the Act"""	Best-guess endpoint currently set at Dowell's source horizon; relationship to later general spirits duty needs coding.
spirit_retailer_licence	1	Spirit retailer and merchant licences		alcohol/licence	Great Britain	1784				active	medium	dowell_v4	Book II ch. IV	"""Retailers of Spirits"""	Start from Pitt licence-tax period; modern alcohol licensing/tax boundary needs review.
cider_perry_duty	1	Cider and perry duty		alcohol/excise	England	1660				active	medium	dowell_v2	Book I ch. II	"""Cider and perry, the hogshead"""	Start predates Great Britain; Restoration excise charged cider and perry; modern cider duty remains.
dashwood_cider_perry_tax	1	Dashwood's cider and perry tax		cider/perry excise	Great Britain	1763		1765		ended	high	dowell_v4	Book II ch. V	"""Dashwood's cider tax in 1763; repealed in 1765."""	Short-lived additional cider/perry tax on cider country, counted separately from the broader cider/perry duty lineage.
tea_duty	1	Tea duty		drink/customs	England	1660		1929		ended	medium	legislation_finance_act_1929	Finance Act 1929	"""Repeal of duty on tea"""	Start predates Great Britain; older continuous tea-duty episode; statutory repeal identified from Finance Act 1929.
tea_duty	2	Tea duty		drink/customs/excise	United Kingdom	1932	1932-04-20	1962	1962-04-10	ended	high	legislation_finance_act_1932	Section 1	"""Customs duties... shall be payable on tea... on or after the twentieth day of April, nineteen hundred and thirty-two"""	Finance Act 1962 moved tea to protective import-duty treatment rather than older revenue duty.
coffee_duty	1	Coffee duty		drink/customs	England	1660		1962	1962-04-10	ended	high	legislation_finance_act_1962	Section 3	"""Sugar, tea, coffee and cocoa chargeable with protective instead of revenue duties"""	Start predates Great Britain; counts the revenue-duty series as ended when replaced by protective/import-duty treatment.
chicory_duty	1	Chicory duty		drink/customs/excise	Great Britain	1833		1962	1962-04-10	ended	high	legislation_finance_act_1962	Section 3	"""coffee, chicory and mixtures thereof"""	Home-grown chicory excise added in 1860; revenue-duty treatment replaced in 1962.
cocoa_nut_duty	1	Cocoa-nuts/cocoa duty		drink/commodity	Great Britain	1832		1962	1962-04-10	ended	low	legislation_finance_act_1962	Section 3	"""cocoa, cocoa butter and cocoa husks and shells"""	Start is "known extant by": Dowell says the duty on cocoa-nuts was reduced in 1832, but does not give the original enactment date in the extracted passage.
tobacco_duty	1	Tobacco duty		tobacco/excise/customs	England	1643				active	low	parliament_key_dates	Lines 175-176	Excise duties first imposed; Charged on beer and tobacco	Start predates Great Britain; needs split between customs, excise and licences.
table_waters_duty	1	Table waters duty		drink/commodity	United Kingdom	1916	1916-05-15	1926	1926-08-01	ended	medium	hansard_table_waters_1926	Hansard 6 July 1926	"""the duty of 8d. a gallon on unsweetened table waters has been retained"""	Audit suggested 1924 end, but 1926 Hansard indicates unsweetened table waters duty survived after the 1924 repeal of sweetened table-water duty.
mineral_waters_duty	1	Soda, potash and aerated waters duty		drink/stamp duty	Great Britain	1812		1838		ended	medium	dowell_v4	Book IV ch. XII	"""all artificial mineral waters"""	Dowell places artificial mineral waters in the 1812 proprietary-medicines schedule and says they were specifically exempted in 1838; a heading/footnote also points to 1833, so endpoint needs statute check.
match_duty	1	Matches duty		manufacture/excise	United Kingdom	1916		1993	1993-01-01	ended	medium	legislation_finance_no2_act_1992	Finance (New Duties) Act 1916; Finance (No. 2) Act 1992, s.6	"""Abolition of duties on matches and mechanical lighters"""	Start year from Finance (New Duties) Act references; endpoint from Finance (No. 2) Act 1992 repeal. Needs original 1916 Act text in local source set.
mechanical_lighters_duty	1	Mechanical lighters duty		manufacture/excise	United Kingdom	1928		1993	1993-01-01	ended	medium	legislation_finance_act_1951	Finance Act 1951, s.5; Finance (No. 2) Act 1992, s.6	"""relating to the excise duty on mechanical lighters"""	Start from Finance Act 1928 references in later statutes; endpoint from Finance (No. 2) Act 1992 repeal.
glass_duty	1	Glass duty		manufacture/excise	England	1695		1699		ended	high	dowell_v4	Contents, Book IV ch. I	The tax on glass, 1695-1699. 1745-1845	Start predates Great Britain.
glass_duty	2	Glass duty		manufacture/excise	Great Britain	1745		1845		ended	high	dowell_v4	Contents, Book IV ch. I	The tax on glass, 1695-1699. 1745-1845	
stone_earthen_bottle_duty	1	Stone and earthen bottle duty		manufacture/excise	England	1695		1698		ended	high	dowell_v4	Contents, Book IV ch. I	The tax on stone and earthen bottles, 1695-1698. 1812-1834	Start predates Great Britain.
tobacco_pipe_duty	1	Tobacco pipe duty		manufacture/excise	England	1695		1698		ended	low	dowell_v4	Book IV ch. I	"""another, on tobacco pipes, also a failure"""	Dowell identifies the William III tobacco-pipe duty as a short-lived failed manufactures tax; endpoint approximated to the stone/earthen bottle repeal window.
stone_earthen_bottle_duty	2	Stone and earthen bottle duty		manufacture/excise	Great Britain	1812		1834		ended	high	dowell_v4	Contents, Book IV ch. I	The tax on stone and earthen bottles, 1695-1698. 1812-1834	
candle_duty	1	Candles duty		manufacture/excise	Great Britain	1710		1831		ended	high	dowell_v4	Contents, Book IV ch. I	The tax on the manufacture of candles, 1710-1831	
leather_duty	2	Leather duty		manufacture/excise	Great Britain	1710		1830		ended	high	dowell_v4	Contents, Book IV ch. I	The tax on the manufacture of leather, 1710-1830	
leather_duty	1	Leather duty		manufacture/excise	England	1697		1700		ended	medium	dowell_v4	Book IV ch. I	"""a tax on leather, which was in existence for three years, from 1697 to 1700"""	Short first leather-duty episode before the Spanish Succession duty.
playing_cards_dice_duty	1	Playing cards duty		manufacture/stamp	Great Britain	1711		1960		ended	high	legislation_finance_act_1960	Section 8	"""Abolition of duties on and licences for playing cards"""	Dowell row split: dice duty ended separately in 1862.
dice_duty	1	Dice duty		manufacture/stamp	Great Britain	1711		1862		ended	medium	hansard_playing_cards_dice_1908	Playing Cards and Dice	"""The tax on dice was repealed in 1862."""	Hansard confirms repeal; exact statutory section still to be tied to Customs and Inland Revenue Act 1862.
soap_duty	1	Soap duty		manufacture/excise	Great Britain	1712		1853		ended	high	dowell_v4	Contents, Book IV ch. I	The tax on soap, 1712-1853	
paper_duty	1	Paper duty		manufacture/excise	Great Britain	1712		1861		ended	high	dowell_v4	Contents, Book IV ch. I	The tax on paper, 1712-1861	
wallpaper_duty	1	Paper-hangings / stained paper duty		manufacture/excise	Great Britain	1712		1839		ended	medium	dowell_v4	Book IV ch. I	"""paper, and paper-hangings"""	Dowell says 1839 reforms carried out repeal of the duty on stained paper; old_taxes1 listed 1836, but Dowell supports 1839.
printed_goods_duty	1	Printed goods duty		manufacture/excise	Great Britain	1712		1831		chart_split_only	high	dowell_v4	Contents, Book IV ch. I	The tax on printed goods... 1712-1831	Umbrella row retained for context only; old_taxes2.tsv split the main printed-goods heads.
printed_foreign_calico_duty	1	Printed foreign calicoes duty	Printed goods duty	manufacture/printed goods duty	Great Britain	1712		1831		ended	high	dowell_v4	Vol IV, Book IV ch. I, pp. 343-349	"""The new tax was imposed upon printed silks... printed calicoes... printed linens and stuffs."""	Added from old_taxes2.tsv review.
printed_linen_duty	1	Printed linens duty	Printed goods duty	manufacture/printed goods duty	Great Britain	1712		1831		ended	high	dowell_v4	Vol IV, Book IV ch. I, pp. 343-349	"""The new tax was imposed upon printed silks... printed calicoes... printed linens and stuffs."""	Added from old_taxes2.tsv review.
printed_silk_duty	1	Printed silks duty	Printed goods duty	manufacture/printed goods duty	Great Britain	1712		1831		ended	high	dowell_v4	Vol IV, Book IV ch. I, pp. 343-349	"""The tax on printed goods: silks, foreign calicoes, linen, mixed stuffs..."""	Added from old_taxes2.tsv review.
printed_mixed_stuffs_duty	1	Printed mixed stuffs duty	Printed goods duty	manufacture/printed goods duty	Great Britain	1736		1831		ended	high	dowell_v4	Vol IV, Book IV ch. I, pp. 343-349	"""Printed mixed stuffs... received parliamentary sanction, in 1736."""	Added from old_taxes2.tsv review; start uses the specific mixed-stuffs date.
printed_cotton_duty	1	Printed cottons / British manufactory duty	Printed goods duty	manufacture/printed goods duty	Great Britain	1774		1831		ended	medium	dowell_v4	Vol IV, Book IV ch. I, pp. 343-349	"""Althorp repeals, in 1831, the taxes on candles and printed cottons."""	Added from old_taxes2.tsv review; original printed-goods duties began earlier but cotton-specific treatment developed later.
newspaper_duty	1	Newspapers duty		stamp/excise	Great Britain	1712		1855		ended	high	dowell_v4	Contents, Book IV ch. I	The tax on newspapers, 1712-1855	
advertisement_duty	1	Advertisement duty		stamp/excise	Great Britain	1712		1853		ended	high	dowell_v4	Contents, Book IV ch. I	The tax on advertisements in newspapers and periodicals, 1712-1853	
starch_duty	1	Starch duty		manufacture/excise	Great Britain	1712		1834		ended	high	dowell_v4	Contents, Book IV ch. I	The tax on starch, 1712-1834	
proprietary_medicine_duty	1	Proprietary medicines duty		manufacture/stamp	Great Britain	1783		1941		ended	high	hansard_pharmacy_medicines_1941	Pharmacy and Medicines Bill, Lords second reading	"""repeals altogether... the duties of Excise and the Medicine Stamp Duties"""	Legislation.gov.uk PDF not indexed in search, but Hansard identifies clause and 1941 Act context.
parish_register_stamp_duty	1	Parish register stamp duty		stamp/event tax	Great Britain	1783		1794		ended	high	nrs_parish_register_tax_1783	Guide	"""Parish Register Tax 1783-1794"""	Duties on parish-register entries for baptisms, marriages and burials; separate from the 1695 event duties.
plate_manufacture_duty	1	Sunderland's silver plate tax		manufacture/excise	Great Britain	1720		1758		ended	high	dowell_v4	Book IV ch. I, plate section	"""Sunderland's Tax on Silver Plate. 1720-58."""	
plate_manufacture_duty	2	Gold and silver plate duty		manufacture/excise	Great Britain	1784		1890		ended	medium	hansard_plate_duty_1890	Plate Duty	"""the Duty on gold or silver plate having been repealed by an Act of this Session"""	Needs exact 1890 Act/section citation; licence duty continued until 1949.
plate_dealer_licence	1	Plate dealer licence		licence duty	Great Britain	1758		1949	1949-07-05	ended	high	legislation_finance_act_1949	Section 14	"""Abolition of excise duties on licences for appraisers, auctioneers, house agents and plate dealers"""	
brick_tile_duty	1	Bricks and tiles duty		manufacture/excise	Great Britain	1784		1850		ended	high	dowell_v4	Contents, Book IV ch. I	The taxes on bricks and tiles, and stone and slates, 1784-1850. 1794-1831	
stone_slate_duty	1	Stone and slates duty		manufacture/excise	Great Britain	1794		1831		ended	high	dowell_v4	Contents, Book IV ch. I	The taxes on bricks and tiles, and stone and slates, 1784-1850. 1794-1831	
hat_duty	1	Hats duty		manufacture/excise	Great Britain	1784		1811		ended	high	dowell_v4	Book IV ch. I	"""The Tax on Felt, Beaver, and other Hats. 1784-1811"""	Does not include the earlier chip-hat import duty; add separately if counting fashion import duties.
chip_hat_duty	1	Chip, straw, cane and horsehair hats and bonnets duty		customs/fashion duty	Great Britain	1767		1770		ended	low	dowell_v4	Book IV ch. I	"""A tax imposed upon chip hats in 1767."""	Functional endpoint approximate: Dowell says North's 1770 restrictions tried to secure the tax, but a fashion change "in effect" abolished it.
glove_mitten_duty	1	Gloves and mittens duty		manufacture/excise	Great Britain	1785		1794		ended	high	dowell_v4	Book IV ch. I	"""The Tax on Gloves and Mittens. 1785-1794"""	
toilet_article_duty	1	Toilet articles duty		manufacture/excise	Great Britain	1786		1800		ended	high	dowell_v4	Book IV ch. I	"""Taxes on Articles for the Toilet... 1786-1800"""	Covered perfumes, tooth powder, pomatum and hair powder; hair-powder licence is separate.
almanac_duty	1	Almanacs duty		stamp/excise	Great Britain	1710		1834		ended	high	dowell_v4	Book IV ch. I	"""first imposed in 1710... repealed... in 1834"""	
coal_duty	1	Coal duty		raw material/customs/excise	England	1695		1831		ended	medium	dowell_v4	Book IV ch. II	"""another tax on coal, in 1695"""	Start predates Great Britain; Commonwealth and Restoration coal charges existed; this row follows the sea-borne coal duty repealed by Althorp.
iron_duty	1	Iron duty		raw material/customs/excise	Great Britain	1797		1845		ended	medium	dowell_v4	Book IV ch. XI	"""additional 10 per cent. on imported iron in bars imposed in 1797"""	Dowell says Peel wholly repealed the tax in 1845.
timber_duty	1	Imported timber duty		raw material/customs	Great Britain	1801		1866		ended	medium	dowell_v4	Book IV ch. II	"""In his last Budget before leaving office, in 1801, Pitt increased the duties on wood, including timber"""	First specific timber-duty date found in Dowell sidecar; earlier wood duties may need separate coding.
tallow_duty	1	Imported tallow duty		raw material/customs	Great Britain	1799		1860		ended	medium	obrien_wp99	Minor innovations, p. 9	"""Between 1799, when Pitt first imposed the duty and the end of the wars, imports of tallow increased from 227,000 cwt. to 360,000 cwt."""	Start from O'Brien; Dowell says Gladstone repealed the tax in 1860.
barilla_duty	1	Barilla duty		raw material/customs	Great Britain	1815		1845		ended	low	dowell_v4	Book IV ch. III	"""The tax on barilla... produced, in 1815, 59,000l."""	Start is "known extant by"; Dowell says Peel repealed it in 1845.
wool_duty	1	Wool duty		raw material/customs	Great Britain	1803		1845		ended	medium	dowell_v4	Book IV ch. V	"""in 1803 we departed from this policy and subjected wool on importation to a duty"""	Dowell says Peel repealed the wool duties in 1845.
silk_duty	1	Silk duty		raw material/customs	Great Britain	1787		1846		ended	medium	dowell_v4	Book IV ch. VI	"""The duty, imposed in Pitt's tariff of 1787, at 3s. the pound"""	Raw silk/not-dyed thrown silk ended in 1845; thrown silk dyed ended in 1846. French manufactured silk goods duty survived to 1860 and may need a separate row.
flax_duty	1	Flax duty		raw material/customs	Great Britain	1793		1845		ended	low	obrien_wp99	Extensions to the fiscal base, p. 6	"""At least twenty-one 'new' taxes were imposed between 1793 and 1815, but levies on flax... made too small a contribution to be worth detailed consideration."""	Start is best-guessed to the French-war reimposition window identified by O'Brien and Dowell; Dowell says Peel repealed flax/raw linen yarn duties in 1845.
cotton_duty	1	Cotton duty		raw material/customs	Great Britain	1802		1845		ended	medium	dowell_v4	Book IV ch. VIII	"""In 1802... a new duty was charged upon cotton-wool"""	Dowell says Peel wholly repealed the tax in 1845.
hemp_duty	1	Hemp duty		raw material/customs	Great Britain	1809		1845		ended	high	dowell_v4	Book IV ch. IV	"""In Spencer Perceval's tariff of 1809, the duty on rough or undressed hemp was imposed"""	Dowell says Peel repealed the tax in 1845.
indigo_duty	1	Indigo/indico duty		raw material/customs	England	1692		1721		ended	medium	dowell_v4	Book IV ch. XII	"""the 'impost of 1692,' imposing an additional 4d. the pound upon foreign indico"""	Walpole wholly exempted dyeing drugs from duty in 1721.
indigo_duty	2	Indigo duty		raw material/customs	Great Britain	1793		1845		ended	low	obrien_wp99	Table 1 and minor innovations, pp. 4 and 6	"""Indigo*... Taxes marked with an asterisk (*) were imposed after the outbreak of war."""	Start is best-guessed to the French-war window from O'Brien; Dowell says Peel abolished the tax in 1845.
cochineal_duty	1	Cochineal duty		raw material/customs	Great Britain	1842		1845		ended	low	dowell_v4	Book IV ch. XII	"""duties on cochineal"""	Start is "known extant by" from Dowell's note on Peel's 1842 tariff reduction; duties were repealed with indigo in 1845.
seed_duty	1	Seeds duty		raw material/customs	Great Britain	1815		1853		ended	low	dowell_v4	Book IV ch. X	"""In 1815 the yield of the duties to which seeds were liable on importation was... 44,239l."""	Start is "known extant by"; Dowell says Gladstone repealed the tax in 1853.
income_tax	1	Income tax / property and income tax		income tax	Great Britain	1799		1802		ended	high	dowell_v3	Contents, Book II ch. I	Pitt's Property and Income Tax (1799-1802)	
triple_assessment	1	Triple Assessment		assessed-taxes surcharge/property proxy	Great Britain	1798		1798		ended	high	dowell_v3	Vol III, Book II ch. I, p. 100	"""The famous Triple Assessment in 1798... proved a failure."""	Added from old_taxes2.tsv review; technically a surcharge on assessed taxes rather than a lasting separate tax.
income_tax	2	Income tax / property and income tax		income tax	Great Britain	1803		1806		ended	high	dowell_v3	Contents, Book II ch. I	Addington's Property and Income Tax (1803-1806)	
income_tax	3	Income tax / property and income tax		income tax	Great Britain	1806		1816		ended	high	parliament_key_dates	Lines 183-187	1799 - Income Tax introduced... 1816 - Income Tax abolished	Dowell table says 1806-1815; Parliament gives abolition 1816.
income_tax	4	Income tax / property and income tax		income tax	United Kingdom	1842				chart_split_only	high	parliament_key_dates	Lines 189-190	1842 - Income Tax reintroduced	Current income-tax umbrella retained for context only; the count follows the sunburst convention and treats work, dividend, savings and rent income-tax slices as separate current taxes.
investment_income_surcharge	1	Investment Income Surcharge		income tax	United Kingdom	1973	1973-04-06	1984	1984-04-05	ended	medium	legislation_finance_act_1984	Schedule 7	"""abolition of investment income surcharge for 1984-85 and subsequent years"""	Boundary case: an additional income-tax charge/rate on investment income, but separately named and material.
super_tax_surtax	1	Super-tax / Surtax		income tax	United Kingdom	1910		1973		ended	medium	legislation_finance_1909_10_act_1910	Finance (1909-10) Act 1910; TNA C161	"""an additional duty of income tax... referred to as a super-tax"""	Introduced by the 1909-10 Budget; later Surtax. End year follows TNA's Surtax records span and needs section-level repeal check.
increment_value_duty	1	Increment value duty		land value tax	United Kingdom	1910		1920		ended	high	legislation_finance_1909_10_act_1910	Finance (1909-10) Act 1910; Finance Act 1920	"""a duty, called increment value duty"""	One of Lloyd George's land-values duties; repealed for future charging by Finance Act 1920.
reversion_duty	1	Reversion duty		land value tax	United Kingdom	1910		1920		ended	high	legislation_finance_1909_10_act_1910	Finance (1909-10) Act 1910; Finance Act 1920	"""a duty, called reversion duty"""	One of Lloyd George's land-values duties; repealed for future charging by Finance Act 1920.
undeveloped_land_duty	1	Undeveloped land duty		land value tax	United Kingdom	1910		1920		ended	high	legislation_finance_1909_10_act_1910	Finance (1909-10) Act 1910; Finance Act 1920	"""a duty, called undeveloped land duty"""	One of Lloyd George's land-values duties; repealed for future charging by Finance Act 1920.
mineral_rights_duty	1	Mineral rights duty		land/mineral tax	United Kingdom	1910		1967		ended	medium	legislation_finance_1909_10_act_1910	Finance (1909-10) Act 1910; TNA C161	"""mineral rights duty"""	Excluded from the 1920 land-values repeal; end year follows TNA land-values records span pending Finance Act 1967 section check.
excess_profits_duty	1	Excess profits duty		business/war profits tax	United Kingdom	1915		1921		ended	high	legislation_finance_act_1921	Finance (No. 2) Act 1915; Finance Act 1921	"""Excess profits duty... final accounting period"""	First World War excess-profits charge; endpoint from Finance Act 1921.
excess_mineral_rights_duty	1	Excess mineral rights duty		mineral/war profits tax	United Kingdom	1915		1921	1921-08-04	ended	high	legislation_finance_act_1921	Section 32	"""Excess mineral rights duty shall not be charged... after the fourth day of August, nineteen hundred and twenty-one"""	Start tied to wartime excess-profits legislation; exact 1915 section still needs original Act extraction.
munitions_levy	1	Munitions levy		business/war profits levy	United Kingdom	1915		1921		ended	medium	tna_excess_profits_duty_records	Series description	"""Munitions Levy, 1915-1921"""	Official archive series identifies lifespan; original charge section still to verify.
corporation_profits_tax	1	Corporation profits tax		business profits tax	United Kingdom	1920		1924	1924-06-30	ended	high	legislation_finance_act_1920	Finance Act 1920; Finance Act 1924	"""there shall be charged... corporation profits tax"""	Abolition applies to accounting periods commencing after 30 June 1924.
national_defence_contribution_profits_tax	1	National Defence Contribution / Profits Tax		business profits tax	United Kingdom	1937		1966		ended	high	legislation_finance_act_1937	Finance Act 1937; Finance Act 1946; Finance Act 1965	"""a tax (to be called the 'national defence contribution')"""	Renamed Profits Tax in 1946; Finance Act 1965 ended charge after 1965-66.
armament_profits_duty	1	Armament profits duty		business/war profits tax	United Kingdom	1939		1947		ended	medium	tna_inland_revenue_records_c161	TNA C161; Finance (No. 2) Act 1939	"""Armament Profits Duty, 1939-1947"""	Official archive date span; needs detailed interaction check with Excess Profits Tax.
excess_profits_tax	1	Excess profits tax		business/war profits tax	United Kingdom	1939		1946		ended	high	legislation_finance_act_1946	TNA C161; Finance Act 1946	"""Excess profits tax shall not be chargeable... after the end of the year nineteen hundred and forty-six"""	Second World War excess-profits charge.
purchase_tax	1	Purchase tax		consumption tax	United Kingdom	1940	1940-10-21	1973	1973-04-02	ended	medium	parliament_key_dates	Lines 199-208	1940 - Purchase Tax introduced... 1973 - VAT... introduced	Exact dates from audit/secondary check; original Finance (No. 2) Act 1940 source still needs extraction.
entertainments_duty	1	Entertainments Duty		admissions/consumption tax	United Kingdom	1916	1916-05-15	1960	1960-04-10	ended	high	tna_customs_excise_records_c67	Series description	"""entertainments duty from its introduction in 1916 until its abolition in 1960"""	Admissions duty on cinema/theatre/entertainments, introduced in the First World War; exact operative dates cross-checked to Budget/Hansard material.
railway_passenger_duty	1	Railway passenger duty		transport/admissions tax	United Kingdom	1832		1929	1929-04-01	ended	medium	legislation_finance_act_1929	Section 3	"""shall cease to be charged"""	Started as passenger stamp duty in 1832 and became railway passenger duty; Finance Act 1929 repealed it from 1 April 1929.
excess_profits_levy_1952	1	Excess Profits Levy		business/war profits levy	United Kingdom	1952	1952-01-01	1953	1953-12-31	ended	high	legislation_finance_act_1952	Part V	"""excess profits levy"""	Korean-war-era short-life profits levy; Hansard confirms it ran from 1 January 1952 to 31 December 1953.
national_insurance_surcharge	1	National Insurance Surcharge		employment/payroll tax	United Kingdom	1977	1977-04-06	1985	1985-04-06	ended	high	legislation_finance_act_1984	Section 117	"""The surcharge payable under the National Insurance Surcharge Act 1976 is hereby abolished"""	Final endpoint for specified public bodies was 6 April 1985; most other cases ended 1 October 1984.
special_contribution	1	Special Contribution		capital/income levy	United Kingdom	1948		1948		ended	high	legislation_finance_act_1948	Part V	"""there shall... be charged a special contribution"""	One-off post-war charge by reference to investment income/capital thresholds.
health_social_care_levy	1	Health and Social Care Levy / NIC increase		social contribution/tax	United Kingdom	2022	2022-04-06	2022	2022-11-05	ended	high	legislation_hsc_levy_repeal_act_2022	Explanatory notes, section 2	"""higher rates of Class 1 NICs... remain in place until 5 November 2022"""	Boundary case: the standalone levy was repealed before April 2023 commencement; this row counts the labelled 2022-23 NIC increase associated with the Levy.
value_added_tax	1	Value Added Tax		consumption tax	United Kingdom	1973				active	high	parliament_key_dates	Lines 207-208	1973 - VAT (Value Added Tax) introduced	
car_tax	1	Car tax		consumption/vehicle tax	United Kingdom	1973	1973-04-01	1992	1992-11-13	ended	high	legislation_finance_act_1972	Finance Act 1972; Car Tax (Abolition) Act 1992	"""A tax, to be known as car tax, shall be charged after 31st March 1973"""	Endpoint from Car Tax (Abolition) Act 1992, deemed in force from 13 November 1992.
selective_employment_tax	1	Selective Employment Tax		employment tax	United Kingdom	1966	1966-09-05	1973	1973-04-02	ended	medium	legislation_finance_act_1966	Section 44	"""a tax (to be known as the selective employment tax)"""	Replaced by VAT from April 1973; exact end date follows audit/Hansard secondary check pending repeal-section extraction.
community_charge	1	Community Charge / Poll Tax		local tax	Scotland	1989		1993		ended	high	parliament_key_dates	Lines 210-211	1989-90 - Poll Tax... Came into force in Scotland and England. It was replaced by the Council Tax in 1993	Scotland first; split from England/Wales episode.
community_charge	2	Community Charge / Poll Tax		local tax	England and Wales	1990		1993		ended	high	parliament_key_dates	Lines 210-211	1989-90 - Poll Tax... Came into force in Scotland and England. It was replaced by the Council Tax in 1993	
council_tax	1	Council tax		local/property	Great Britain	1993	1993-04-01			active	high	legislation_local_government_finance_act_1992	Sections 1-6	"""as regards the financial year beginning in 1993"""	Operative start date added from Local Government Finance Act 1992 commencement/year structure.
general_rate	1	General rate		local/property tax	England and Wales	1927		1990	1990-04-01	ended	medium	legislation_rating_valuation_act_1925	Rating and Valuation Act 1925, s.1; Local Government Finance Act 1988	"""make and levy... 'the general rate'"""	Successor to poor and other local rates in England and Wales; replaced by community charge/domestic rating changes and NNDR from 1990.
national_insurance_contributions	1	National Insurance contributions		social contribution/tax	United Kingdom	1912	1912-07			active	medium	parliament_key_dates	Lines 193-194	Further welfare reforms up to 1914 (national insurance, unemployment assistance) required more increases in taxation	National Insurance Act was 1911; counting uses operational contribution start in July 1912. Modern classes need splitting later.
corporation_tax	1	Corporation tax		business tax	United Kingdom	1965				active	high	govuk_ct_stats_2023	Historical background	"""CT introduced, with a uniform rate on all profits"""	
capital_gains_tax	1	Capital gains tax		wealth tax	United Kingdom	1965				active	high	commons_cgt_history	Summary	"""CGT was first introduced in 1965"""	
development_charge	1	Development charge		land development tax/charge	Great Britain	1948		1953		ended	medium	town_country_planning_act_1947_refs	Town and Country Planning Act 1947	"""development charge"""	Broad land-development charge under the 1947 planning regime; statutory repeal/transition needs section-level extraction.
betterment_levy	1	Betterment levy		land development levy	Great Britain	1967		1970		ended	medium	legislation_land_commission_act_1967	Land Commission Act 1967	"""to impose a betterment levy in respect of land"""	Charged by the Land Commission regime; repeal/abolition date still needs section-level check.
tax_on_development_gains	1	Tax on development gains		land development tax	United Kingdom	1973	1973-12-17	1976		ended	medium	legislation_finance_act_1974	Section 38	"""gains accruing... on a disposal of land... shall be treated... as income"""	Boundary case: a targeted income-tax charge rather than separately named tax; included for broad series.
development_land_tax	1	Development Land Tax		land development tax	United Kingdom	1976		1985	1985-03-19	ended	high	legislation_finance_act_1985	Development Land Tax Act 1976; Finance Act 1985	"""Development land tax shall not be charged... on or after 19th March 1985"""	
advance_corporation_tax	1	Advance Corporation Tax		business tax/prepayment	United Kingdom	1973	1973-04-06	1999	1999-04-06	ended	medium	legislation_finance_act_1972	Finance Act 1972; HMRC COTAX Manual COM30010	"""liable to pay an amount of corporation tax (to be known as 'advance corporation tax')"""	Boundary case: described as an amount of corporation tax, but separately named and administered. Shadow ACT is now counted separately as the post-1999 transitional regime.
shadow_act	1	Shadow ACT	Advance Corporation Tax	business tax/prepayment restriction	United Kingdom	1999	1999-04-06	2026	2026-04-01	ended	medium	govuk_act_reform_call_2026	Chapter 3	"""Since ACT was abolished in 1999, companies have continued to use their pre-1999 unrelieved surplus ACT balances to reduce CT liabilities, subject to shadow ACT rules"""	Added as a separate counted transitional ACT regime after Dan's review. GOV.UK says the shadow ACT rules are removed from 1 April 2026.
composite_rate_tax	1	Composite Rate Tax		income tax/withholding	United Kingdom	1951		1991	1991-04-06	ended	medium	income_tax_act_2007_notes_crt	Explanatory notes	"""From April 1991, CRT was abolished"""	Started as statutory building-society composite-rate arrangements in 1951; retail bank deposits were brought into a similar CRT scheme by Finance Act 1984.
inheritance_tax	1	Inheritance tax		wealth/successions	United Kingdom	1986	1986-03-18			active	high	govuk_iht_thresholds_2026	Threshold history	"""Inheritance Tax thresholds — from 18 March 1986"""	Succeeded/renamed Capital Transfer Tax.
insurance_premium_tax	1	Insurance premium tax		insurance tax	United Kingdom	1994	1994-10-01			active	high	govuk_ipt_historical_rates	Overview	"""introduced on 1 October 1994"""	
air_passenger_duty	1	Air passenger duty		transport tax	United Kingdom	1994	1994-11-01			active	high	govuk_apd_background_2026	Background and references	"""introduced in November 1994"""	Exact 1 November date cross-checked to HMRC historical rates table/Commons Library.
landfill_tax	1	Landfill tax		environmental tax	United Kingdom except devolved replacements	1996	1996-10-01			active	high	govuk_landfill_tax_consultation_2016	Introduction	"""introduced on 1 October 1996"""	No longer applies in Scotland from 1 April 2015 or Wales from 1 April 2018.
climate_change_levy	1	Climate change levy		environmental tax	United Kingdom	2001	2001-04-01			active	high	govuk_ccl_manual	VFUP5000	"""introduced on 1 April 2001"""	
aggregates_levy	1	Aggregates levy		environmental tax	United Kingdom except Scotland from 1 April 2026	2002	2002-04-01			active	high	govuk_environmental_taxes_historical_rates	Aggregates Levy rates	"""1 April 2002"""	Continues in England, Wales and Northern Ireland after Scottish devolution.
bank_payroll_tax	1	Bank Payroll Tax		business/bank tax	United Kingdom	2010	2010-04-08	2010		ended	high	govuk_banking_sector_tax_receipts_2022	Bank Payroll Tax	"""Bank Payroll Tax did not pass into law until 8 April 2010"""	One-off tax on bank bonuses awarded in financial year 2009-10; payment due date was 31 August 2010.
special_tax_banking_deposits	1	Special tax on banking deposits		business/bank windfall tax	United Kingdom	1981	1981-04-01	1982	1982-03-31	ended	high	legislation_finance_act_1981	Section 134	"""a tax (to be known as the special tax on banking deposits)"""	One-off Howe bank levy, often described as a bank windfall tax; charged for the year beginning 1 April 1981, based on chargeable deposits in a base period.
bank_levy	1	Bank levy		business tax	United Kingdom	2011	2011-01-01			active	high	govuk_banking_sector_tax_receipts_2022	Bank Levy	"""with effect from 1 January 2011"""	
annual_tax_enveloped_dwellings	1	Annual tax on enveloped dwellings		property tax	United Kingdom	2013	2013-04-01			active	high	govuk_ated_historic_charges	Historic chargeable amounts	"""1 April 2013 to 31 March 2014"""	
diverted_profits_tax	1	Diverted profits tax		business tax	United Kingdom	2015	2015-04-01	2026	2026-01-01	ended	high	govuk_tp_pe_dpt_reform_2025	Finance Bill 2025-26 DPT reform	"""This measure proposes to repeal Diverted Profits Tax"""	Repeal/withdrawal of DPT as a standalone tax for chargeable periods beginning on or after 1 January 2026; replacement UTPP charge is within Corporation Tax and not counted as a separate tax.
bank_surcharge	1	Bank surcharge		business tax	United Kingdom	2016	2016-01-01			active	high	govuk_banking_sector_tax_receipts_2022	Bank Surcharge	"""from 1 January 2016"""	
apprenticeship_levy	1	Apprenticeship levy		employment/business tax	United Kingdom	2017	2017-04-06			active	high	govuk_apprenticeship_levy_manual	ALM02000	"""on or after 6 April 2017"""	
soft_drinks_industry_levy	1	Soft drinks industry levy		health/commodity tax	United Kingdom	2018	2018-04-06			active	high	govuk_sdil_press_release	Press release	"""the Soft Drinks Industry Levy comes into effect"""	Published 5 April 2018; operative date Friday 6 April 2018.
digital_services_tax	1	Digital services tax		business tax	United Kingdom	2020	2020-04-01			active	high	hmrc_receipts_2026	Table notes	Digital Services Tax. Introduced on 1 April 2020	
residential_property_developer_tax	1	Residential Property Developer Tax		business/property tax	United Kingdom	2022	2022-04-01			active	high	hmrc_receipts_2026	Table notes	Residential Property Developer Tax. Introduced on 1 April 2022	
economic_crime_levy	1	Economic Crime Levy		levy	United Kingdom	2022	2022-04-01			active	high	hmrc_receipts_2026	Table notes	Economic Crime Levy. Introduced on 1 April 2022	
energy_profits_levy	1	Energy Profits Levy		business/energy tax	United Kingdom	2022	2022-05-26			active	high	hmrc_receipts_2026	Table notes	Energy Profits Levy. Introduced on 26 May 2022	
plastic_packaging_tax	1	Plastic Packaging Tax		environmental tax	United Kingdom	2022	2022-04-01			active	high	govuk_ppt_collection	Collection page	"""came into force on 1 April 2022"""	
electricity_generator_levy	1	Electricity Generator Levy		business/energy tax	United Kingdom	2023	2023-01-01			active	high	hmrc_receipts_2026	Table notes	Electricity Generator Levy. Introduced on 1 January 2023	
carbon_border_adjustment_mechanism	1	Carbon Border Adjustment Mechanism		environmental/carbon tax	United Kingdom	2027	2027-01-01			not_yet_in_force	high	govuk_cbam_policy_summary_2026	Policy summary	"""CBAM... rates will be calculated and published... from 1 January 2027"""	Article footnote zero-revenue/future tax; primary legislation introduced in Finance Act 2026.
vaping_products_duty	1	Vaping Products Duty		health/commodity tax	United Kingdom	2026	2026-10-01			not_yet_in_force	high	govuk_vaping_products_duty_2026	TIIN	"""will take effect from 1 October 2026"""	Article footnote zero-revenue/future tax.
extended_producer_responsibility_packaging_fees	1	Extended Producer Responsibility packaging fees		environmental/producer levy	United Kingdom	2025	2025-04-01			active	high	govuk_epr_packaging_invoicing_2025	Year 1 invoicing	"""assessment year from 1st April 2025 to 31st March 2026"""	Article footnote zero-revenue/new levy. ONS classifies PackUK producer base fees as a tax; first invoices issued October 2025 for the 2025-26 assessment year.
building_safety_levy	1	Building Safety Levy		property/development levy	England	2026	2026-10-01			not_yet_in_force	high	govuk_building_safety_levy_guidance	Section 1.1 and 3.3	"""The levy will come into operation on 1 October 2026."""	Article footnote zero-revenue/future tax; applies to certain new residential development in England.
international_student_levy	1	International Student Levy		education/provider levy	England	2028	2028-08-01			not_yet_in_force	medium	govuk_international_student_levy_technical	Consultation description	"""It will take effect from 1 August 2028."""	Article footnote zero-revenue/future levy. Government states the date, but as of this pass draft legislation is still to be published.
fuel_duty	1	Fuel duties		transport/energy tax	United Kingdom	1909				active	medium	parliament_new_taxes	New directions, new taxes	"""first time a duty was payable on petrol"""	Petrol duty in Lloyd George Budget; modern hydrocarbon oil duties need lineage split.
vehicle_excise_duty	1	Vehicle Excise Duty		transport tax	United Kingdom	1889				active	medium	parliament_ved_roads	House of Lords Library	"""VED was levied on four-wheeled motor vehicles from 1889"""	1920 road-fund/tax-disc reforms should be a separate episode or note later.
business_rates	1	Business rates / national non-domestic rates		local/property tax	England and Wales	1990	1990-04-01			active	medium	govuk_business_rates_admin_2014	Discussion paper	"""introduced in 1990"""	Modern NNDR row only; older local rates not yet coded.
stamp_duty_land_tax	1	Stamp Duty Land Tax		land transaction tax	England and Northern Ireland	2003	2003-12-01			active	high	govuk_sdlt_manual	SDLTM00030	"""SDLT was introduced in Part 4 of the Finance Act 2003"""	Replaced stamp duty on land transactions; Scotland/Wales replacements coded separately.
land_buildings_transaction_tax	1	Land and Buildings Transaction Tax		land transaction tax	Scotland	2015	2015-04-01			active	high	revenue_scotland_lbtt	LBTT overview	"""replaced UK Stamp Duty Land Tax (SDLT) in Scotland from 1 April 2015"""	Devolved replacement for SDLT in Scotland.
land_transaction_tax_wales	1	Land Transaction Tax		land transaction tax	Wales	2018	2018-04-01			active	high	govwales_ltt	Overview	"""LTT replaced Stamp Duty Land Tax (SDLT) in Wales from 1 April 2018"""	Devolved replacement for SDLT in Wales.
stamp_duty_reserve_tax	1	Stamp Duty Reserve Tax		securities transaction tax	United Kingdom	1986	1986-10-27			active	high	govuk_sdrt_manual	STSM131010	"""introduced on 27 October 1986"""	
petroleum_revenue_tax	1	Petroleum Revenue Tax		oil and gas tax	United Kingdom Continental Shelf	1975				active	medium	govuk_oil_tax_manual	OT00150	"""imposed a new tax, Petroleum Revenue Tax"""	Rate currently 0%; repealed for fields approved after 16 March 1993 but not fully abolished.
supplementary_petroleum_duty	1	Supplementary Petroleum Duty		oil and gas tax	United Kingdom Continental Shelf	1981		1982	1982-12-31	ended	high	govuk_oil_tax_spd	OT05705	"""Supplementary Petroleum Duty"""	Short-life North Sea additional duty; abolished from the beginning of 1983 and replaced by APRT mechanics.
advance_petroleum_revenue_tax	1	Advance Petroleum Revenue Tax		oil and gas tax/prepayment	United Kingdom Continental Shelf	1983	1983-01-01	1986	1986-12-31	ended	high	govuk_oil_tax_aprt	OT05700	"""temporary tax payable for periods from 1 January 1983 to 31 December 1986"""	Boundary case: accelerated PRT payments rather than a separate profits base, but separately named and administered.
scottish_landfill_tax	1	Scottish Landfill Tax		environmental tax	Scotland	2015	2015-04-01			active	high	revenue_scotland_landfill_tax	SLfT overview	"""in operation since 1 April 2015"""	Replaced UK Landfill Tax in Scotland.
landfill_disposals_tax_wales	1	Landfill Disposals Tax		environmental tax	Wales	2018	2018-04-01			active	high	govwales_landfill_disposals_tax	Overview	"""replaced Landfill Tax in Wales from April 2018"""	
scottish_aggregates_tax	1	Scottish Aggregates Tax		environmental tax	Scotland	2026	2026-04-01			active	high	govscot_scottish_aggregates_tax	Scottish Aggregates Tax	"""replace the UK Aggregates Levy in Scotland from 1 April 2026"""	Devolved replacement for Aggregates Levy in Scotland.
hgv_road_user_levy	1	HGV Road User Levy		transport tax/levy	United Kingdom	2014	2014-04-01			active	high	govuk_hgv_road_user_levy	Written statement	"""from midnight... required to pay"""	Current chart calls this Lorry road levy.
uk_emissions_trading_scheme	1	UK Emissions Trading Scheme auction receipts		environmental/carbon pricing	United Kingdom	2021	2021-01-01			active	medium	govuk_uk_ets_overview	Policy overview	"""established the UK ETS... on 1 January 2021"""	Counts auction receipts/carbon-pricing tax line in current chart; EU ETS predecessor not yet coded.
multinational_top_up_tax	1	Multinational Top-up Tax		business/international tax	United Kingdom	2023	2023-12-31			active	high	govuk_pillar2_collection	Collection page	"""introduced 2 new taxes in the UK"""	Applies to accounting periods beginning on or after 31 December 2023.
domestic_top_up_tax	1	Domestic Top-up Tax		business/international tax	United Kingdom	2023	2023-12-31			active	high	govuk_pillar2_collection	Collection page	"""Domestic Top-up Tax"""	Applies to accounting periods beginning on or after 31 December 2023.
general_betting_duty	1	General Betting Duty		betting/gaming tax	United Kingdom	1966				active	high	govuk_remote_gambling_consultation_2025	Tax treatment of remote gambling consultation	"""first introduced in 1966"""	
pool_betting_duty	1	Pool Betting Duty		betting/gaming tax	United Kingdom	1948				active	high	govuk_remote_gambling_consultation_2025	Tax treatment of remote gambling consultation	"""first introduced in 1948"""	
gaming_duty	1	Gaming Duty		betting/gaming tax	United Kingdom	1997	1997-10-01			active	high	govuk_betting_gaming_historical_rates	Gaming Duty rates	"""replaced Gaming Licence Duty on 1 October 1997"""	Current casino gaming duty.
bingo_duty	1	Bingo Duty		betting/gaming tax	United Kingdom	1966		2026	2026-04-01	ended	high	legislation_finance_act_1966	Section 13	"""bingo duty"""	1981 Act was consolidation; Finance Act 1966 introduced the bingo-duty charge. Abolished from 1 April 2026.
remote_gaming_duty	1	Remote Gaming Duty		betting/gaming tax	United Kingdom	2007	2007-09-01			active	high	govuk_betting_gaming_historical_rates	Remote Gaming Duty rates	"""01.09.07"""	HMRC background says RGD was introduced in 2007; rate table gives precise first date.
machine_games_duty	1	Machine Games Duty		betting/gaming tax	United Kingdom	2013	2013-02-01			active	high	govuk_betting_gaming_background_2025	Betting and Gaming background	"""replaced AMLD and VAT charged on the income from gaming machines from the 1 February 2013"""	
lottery_duty	1	Lottery Duty		betting/gaming tax	United Kingdom	1994				active	high	govuk_betting_gaming_background_2025	Betting and Gaming background	"""Lottery Duty was introduced in November 1994"""	Applies to National Lottery only; month known but exact day not yet coded.
amusement_machine_licence_duty	1	Amusement Machine Licence Duty		betting/gaming tax	United Kingdom	1995	1995-11-01	2013	2013-02-01	ended	high	govuk_betting_gaming_historical_rates	Amusement Machine Licence Duty	"""replaced Gaming Machine Licence Duty with effect from 1 November 1995"""	Replaced by Machine Games Duty.
windfall_tax_privatised_utilities	1	Windfall Tax on privatised utilities		business/windfall tax	United Kingdom	1997	1997-07-02	1998	1998-12-01	ended	high	legislation_finance_no2_act_1997	Part I, ss.1-5	"""a tax (to be known as the 'windfall tax')"""	One-off Gordon Brown windfall tax on privatised utilities; liability was based on the windfall benefitting companies on 2 July 1997, payable in two instalments due 1 December 1997 and 1 December 1998.
churchill_betting_duty	1	Churchill betting duty		betting/gaming tax	United Kingdom	1926	1926-04-16	1929	1929-04-16	ended	high	legislation_finance_act_1929	Section 2	"""as from the sixteenth day of April, nineteen hundred and twenty-nine"""	Unsuccessful general betting duty introduced in 1926 and repealed in 1929.
horserace_betting_levy	1	Horserace Betting Levy		betting/gaming levy	Great Britain	1961				active	high	govuk_horserace_betting_levy_reform_2017	Reform announcement	"""The Levy has been in existence since 1961"""	Statutory levy; included because ONS/OBR/chart treats similar levy receipts as tax-like.
statutory_gambling_levy	1	Statutory Gambling Levy		betting/gaming levy	Great Britain	2025	2025-04-06			active	high	gambling_commission_statutory_levy_2025	Introduction	"""commenced on 6 April 2025"""	Statutory levy charged to licensed gambling activity; first levy-period/classification issues need separate treatment for annual counts.
visa_fees	1	Visa fees		immigration tax/fee	United Kingdom	1971				active	low	ons_appendix_d_2026	Current receipts Appendix D / methodology	"""visa charges are compulsory... and unrequited... classified as a tax"""	Current ONS/OBR tax line. Start is a conservative Immigration Act 1971-era placeholder pending a proper fee-power history.
passport_fees	1	Passport fees		passport tax/fee	United Kingdom	1795				active	low	ons_appendix_d_2026	Current receipts Appendix D	Passport fees	Current ONS/OBR tax line. Start uses the modern passport-office fee era as a placeholder pending a proper passport-fee history.
consumer_credit_fees	1	Consumer credit fees		regulatory fee/tax	United Kingdom	2014	2014-04-01			active	medium	ons_appendix_d_2026	Current receipts Appendix D	Consumer credit fees	Current ONS/OBR tax line; start follows transfer of consumer-credit regulation to the FCA in 2014, pending statute-level refinement.
land_registry_fees	1	Land Registry fees		land/property fee tax	England and Wales	1862				active	medium	ons_appendix_d_2026	Current receipts Appendix D	Land Registry receipts	Current ONS/OBR tax line; start follows establishment of Land Registry fee-charging, pending statute-level refinement.
companies_house_fees	1	Companies House fees		company registration fee tax	United Kingdom	1844				active	medium	ons_appendix_d_2026	Current receipts Appendix D	Companies House receipts	Current ONS/OBR tax line; start follows joint-stock company registration, pending statute-level refinement.
pension_protection_levy	1	Pension Protection Levy		pensions levy/tax	United Kingdom	2005				active	medium	ons_appendix_d_2026	Current receipts Appendix D	Pension protection levy	Current ONS/OBR tax line; created under the Pensions Act 2004 and first levy year began in 2005.
lottery_payments	1	Lottery payments		lottery tax-like payments	United Kingdom	1994				active	medium	ons_appendix_d_2026	Current receipts Appendix D	Lottery payments	Current ONS/OBR tax line separate from Lottery Duty; start follows launch of the National Lottery.
levy_funded_bodies	1	Levy-funded bodies		levy-funded public bodies	United Kingdom	2024				active	low	ons_appendix_d_2026	Current receipts Appendix D	Levy-funded bodies	Current ONS/OBR aggregate line retained provisionally; should be disaggregated into underlying levies if possible.
other_taxes_nes	1	Other taxes n.e.s.		other tax aggregate	United Kingdom	2024				chart_split_only	low	ons_appendix_d_2026	Current receipts Appendix D	Other taxes on production not elsewhere specified	Current ONS residual aggregate retained for chart reconciliation only; not counted as a separate tax because it is a balancing bucket, not an individual tax.
british_transport_police_levy	1	British Transport Police levy		transport/security levy	Great Britain	2004				active	medium	ons_appendix_d_2026	Current receipts Appendix D	British Transport Police	Current ONS/OBR tax line; modern statutory authority dates from 2004.
dvla_registration_fees	1	DVLA registration fees		transport registration fee tax	United Kingdom	1994				active	low	ons_appendix_d_2026	Current receipts Appendix D	Driver and Vehicle Licensing Agency new car registration fees	Current ONS/OBR tax line; start placeholder follows the Vehicle Excise and Registration Act 1994 framework.
lighthouse_dues	1	Lighthouse dues		maritime levy/tax	United Kingdom	1854				active	low	ons_appendix_d_2026	Current receipts Appendix D	lighthouse dues	Current ONS/OBR tax line; start placeholder follows nineteenth-century merchant-shipping lighthouse-dues consolidation.
atol_protection_contribution	1	ATOL Protection Contribution		travel levy/tax	United Kingdom	2008	2008-04-01			active	medium	ons_appendix_d_2026	Current receipts Appendix D	Air Travel Organisers Licence	Current ONS/OBR tax line; ATOL Protection Contribution introduced in 2008.
current_small_tax_residual	1	Current small tax residual		other tax residual	United Kingdom	2024				chart_split_only	low	ons_appendix_d_2026	Current receipts Appendix D	Other taxes on production not elsewhere specified	Temporary balancing row for chart reconciliation only; not counted as a separate tax because it is a residual bucket awaiting named disaggregation.
income_tax_on_work	1	Income tax on work	Income tax / property and income tax	income tax	United Kingdom	1842				active	medium	current_chart_2024_25	current chart	"""Income tax on work"""	Current chart leaf counted separately to keep the historical count consistent with the sunburst terminal-slice convention.
dividend_income_tax_current	1	Dividend income tax	Income tax / property and income tax	income tax	United Kingdom	1842				active	medium	current_chart_2024_25	current chart	"""Dividend income tax"""	Current chart leaf counted separately to keep the historical count consistent with the sunburst terminal-slice convention.
savings_income_tax_current	1	Savings income tax	Income tax / property and income tax	income tax	United Kingdom	1842				active	medium	current_chart_2024_25	current chart	"""Savings income tax"""	Current chart leaf counted separately to keep the historical count consistent with the sunburst terminal-slice convention.
rent_income_tax_current	1	Rent income tax	Income tax / property and income tax	income tax	United Kingdom	1842				active	medium	current_chart_2024_25	current chart	"""Rent income tax"""	Current chart estimated leaf counted separately to keep the historical count consistent with the sunburst terminal-slice convention.
employer_national_insurance_contributions	1	Employer NICs	National Insurance contributions	social contribution/tax	United Kingdom	1912	1912-07			chart_split_only	medium	parliament_key_dates	Lines 193-194	Further welfare reforms up to 1914 (national insurance, unemployment assistance) required more increases in taxation	Current chart leaf only; not counted separately from NICs in the lifespan count.
employee_national_insurance_contributions	1	Employee NICs	National Insurance contributions	social contribution/tax	United Kingdom	1912	1912-07			chart_split_only	medium	parliament_key_dates	Lines 193-194	Further welfare reforms up to 1914 (national insurance, unemployment assistance) required more increases in taxation	Current chart leaf only; not counted separately from NICs in the lifespan count.
self_employed_national_insurance_contributions	1	Self-employed NICs	National Insurance contributions	social contribution/tax	United Kingdom	1948	1948-07-05			chart_split_only	medium	govuk_nim41110_1948_nics	NIM41110	"""Before the National Insurance scheme started in July 1948"""	Current chart leaf only; not counted separately from NICs in the lifespan count.
other_national_insurance_contributions	1	Other NICs	National Insurance contributions	social contribution/tax	United Kingdom	1912	1912-07			chart_split_only	medium	current_chart_2024_25	current chart	"""Other NICs"""	Current chart residual leaf only; not counted separately from NICs in the lifespan count.
onshore_corporation_tax	1	Onshore corporation tax	Corporation tax	business tax	United Kingdom	1965				chart_split_only	medium	govuk_ct_stats_2023	Historical background	"""CT introduced, with a uniform rate on all profits"""	Current chart leaf only; not counted separately from corporation tax in the lifespan count.
ring_fence_corporation_tax	1	Offshore / ring fence corporation tax	Corporation tax	oil and gas tax	United Kingdom Continental Shelf	1975				chart_split_only	medium	govuk_ring_fence_ct_review_2014	Ring Fence Corporation Tax	"""special rules, which were first introduced in 1975"""	Current chart leaf only; not counted separately from corporation tax in the lifespan count.
residential_sdlt	1	Residential SDLT	Stamp Duty Land Tax	land transaction tax	England and Northern Ireland	2003	2003-12-01			chart_split_only	medium	govuk_sdlt_manual	SDLTM00030	"""SDLT was introduced in Part 4 of the Finance Act 2003"""	Current chart child only; not counted separately from SDLT in the lifespan count.
additional_dwellings_sdlt	1	SDLT higher rates for additional dwellings	Stamp Duty Land Tax	land transaction tax	England and Northern Ireland	2016	2016-04-01			chart_split_only	high	govuk_sdlt_higher_rates_2016	SDLTM09735	"""would apply from 1 April 2016"""	Current chart child/surcharge only; not counted separately from SDLT in the lifespan count.
non_resident_sdlt	1	SDLT non-resident surcharge	Stamp Duty Land Tax	land transaction tax	England and Northern Ireland	2021	2021-04-01			chart_split_only	high	govuk_sdlt_non_resident_2021	SDLTM09870	"""From 1 April 2021"""	Current chart child/surcharge only; not counted separately from SDLT in the lifespan count.
non_residential_sdlt	1	Non-residential SDLT	Stamp Duty Land Tax	land transaction tax	England and Northern Ireland	2003	2003-12-01			chart_split_only	medium	govuk_sdlt_manual	SDLTM00030	"""SDLT was introduced in Part 4 of the Finance Act 2003"""	Current chart child only; not counted separately from SDLT in the lifespan count.
northern_ireland_domestic_rates	1	NI domestic rates		local/property tax	Northern Ireland	1977				active	medium	current_chart_2024_25	current chart	"""NI domestic rates"""	Current chart leaf; older domestic-rating lineage in Northern Ireland needs a statute pass.
northern_ireland_business_rates	1	NI business rates		local/property tax	Northern Ireland	1977				active	medium	current_chart_2024_25	current chart	"""NI business rates"""	Current chart leaf; older non-domestic-rating lineage in Northern Ireland needs a statute pass.
renewables_obligation	1	Renewables Obligation		environmental/energy levy	United Kingdom	2002	2002-04-01			active	high	govuk_renewables_obligation_2026	Consultation document	"""introduced in April 2002"""	Current chart environmental-levy leaf; Northern Ireland scheme followed in 2005.
contracts_for_difference_supplier_obligation	1	Contracts for Difference supplier obligation		environmental/energy levy	Great Britain	2015	2015-04-01			active	high	govuk_cfd_supplier_obligation	Collection	"""set the operational costs levy for the period from 1st April 2015"""	Current chart environmental-levy leaf.
warm_home_discount	1	Warm Home Discount		environmental/energy levy	Great Britain	2011	2011-04-01			active	high	govuk_warm_home_discount_methodology	Methodology	"""introduced in 2011"""	Current chart environmental-levy leaf; supplier obligation came into force for scheme year 2011-12.
television_licence_fee	1	TV licence fee		licence fee/tax	United Kingdom	1946	1946-06-01			active	high	govuk_broadcasting_white_paper_2022	Licence Fee Settlement	"""became the television and radio licence fee in 1946"""	Current chart Other leaf; OBR/ONS classify licence fee receipts as tax.
immigration_health_surcharge	1	Immigration Health Surcharge		immigration tax/fee	United Kingdom	2015	2015-04-06			active	high	govuk_immigration_health_surcharge_2015	News story	"""From 6 April"""	Current chart Other leaf; ONS/OBR classify ordinary immigration charges as taxes.
bank_of_england_levy	1	Bank of England Levy		financial-sector levy	United Kingdom	2024	2024-03-01			active	medium	legislation_boe_levy_regulations_2024	Regulations 2024	"""Bank of England levy"""	Current chart Other leaf replacing the Cash Ratio Deposit scheme.
immigration_skills_charge	1	Immigration Skills Charge		immigration/employment levy	United Kingdom	2017	2017-04-06			active	high	govuk_immigration_skills_charge_2016	Press release	"""set to be introduced in April 2017"""	Current chart Other leaf.
community_infrastructure_levy	1	Community Infrastructure Levy		property/development levy	England and Wales	2010	2010-04-06			active	high	govuk_cil_manual	CIL manual	"""came into force in England and Wales on 6 April 2010"""	Current chart Other leaf.
modern_customs_duties	1	Customs duties		customs/import duty	United Kingdom	2021				active	medium	ons_appendix_d_2026	Current receipts Appendix D	"""Customs duties"""	Current ONS Appendix D customs-duties line. Separate from the broad historical customs-regime umbrella to avoid double-counting older commodity duties.
green_gas_levy	1	Green Gas Levy		environmental/energy levy	Great Britain	2021	2021-11-30			active	high	govuk_green_gas_levy_2021	GOV.UK page	"""applies to licensed fossil fuel gas suppliers in Great Britain from 30 November 2021"""	Current environmental levy; likely within the ONS environmental-levies aggregate rather than separately named in Appendix D.
capacity_market_supplier_charge	1	Capacity Market supplier charge		energy/security levy	Great Britain	2015	2015-04-01			active	medium	govuk_capacity_market_2014	Capacity Market collection	"""payments to be made by and to electricity suppliers in relation to the Capacity Market from 1st April 2015"""	Current supplier charge funding capacity payments; counted as a separate compulsory energy levy pending ONS-line disaggregation.
danegeld_anglo_saxon_late	1	Danegeld / Dane-money (late Anglo-Saxon levies)		land/property tax	England	991		1051		ended	medium	dowell_v1	Vol I, ch. III, pp. 21-23	Originally... towards the close of the tenth century... Again, in 1002... 1007... 1012... 1018... Edward the Confessor abolished it.	Included despite pre-1000 origin because Dowell records substantial post-1000 levies. End year approximate: abolished about mid-11th century by Edward the Confessor. Added from old_taxes3.tsv review.
maletote_wool	1	Maletote on wool	ancient_customs_wool_woolfells_leather	customs/port duty	England	1294		1297		ended	medium	dowell_v1	Vol I, ch. V, p. 168	The maletoute of wool.	Extra/obnoxious wool levy in Edward I's reign; short-lived. Added from old_taxes3.tsv review.
nova_custuma	1	Nova custuma / new customs		customs/port duty	England	1303		1787		ended	low	dowell_v1	Vol I, ch. V, p. 169	Nova custuma--the new customs.	New customs duties on alien merchants; later absorbed into customs history. Best-guess endpoint added for the lifespan TSV; likely absorbed into later customs/excise consolidation. Added from old_taxes3.tsv review.
subsidy_wool_leather_late_medieval	1	Subsidy on wool, woolfells and leather	ancient_customs_wool_woolfells_leather	customs/port duty	England	1377		1787		ended	low	dowell_v1	Vol I, ch. VI, pp. 259-261	The subsidy... of wool, woolfells, and leather exported.	Separate from ancient customs; part of later port duties. Best-guess endpoint added for the lifespan TSV; likely absorbed into later customs/excise consolidation. Added from old_taxes3.tsv review.
knights_fees_land_rents_tax_1430	1	Tax on knights' fees, lands and rents		land/property tax	England	1430		1430		ended	high	dowell_v1	Vol I, ch. VI, pp. 221-223	A tax, in 1430, on knights' fees and on other lands not held by knight service, and rents-seck and rent-charges.	One-off tax; Dowell notes difficulties in the levy and cancellation of inquisitions. Added from old_taxes3.tsv review.
playing_cards_sealing_impost_1631	1	Playing cards sealing impost		commodity/licence impost	England	1631		1641		ended	low	dowell_v1	Vol I, general remarks, pp. 363-364	Cards and dice taxed... office for sealing packs of playing cards.	Early Stuart impost/monopoly-like charge, before the later statutory playing cards duty of 1711. Added from old_taxes3.tsv review.
redemption_captives_duty	1	Duty for redemption of captives of Mediterranean pirates		customs/port duty	Commonwealth	1643		1660		ended	low	dowell_v2	Vol II, Book I ch. I, pp. 7-8	A small additional duty on all imported merchandise for the redemption of captives taken at sea by Turkish, Moorish, or other pirates.	Specific additional import duty; dates approximate within Commonwealth customs. Added from old_taxes3.tsv review.
commonwealth_hops_excise	1	Commonwealth hops excise	commonwealth_excise_new_impost	excise/agricultural duty	Commonwealth	1643		1660		ended	medium	dowell_v2	Vol II, Book I ch. I, pp. 12-13	Hops, per cwt... home-grown hops, to be paid by the planter.	Commonwealth episode, separate from the later 1710 hops duty. Added from old_taxes3.tsv review.
commonwealth_wine_excise	1	Commonwealth wine excise	commonwealth_excise_new_impost	excise/wine duty	Commonwealth	1643		1660		ended	medium	dowell_v2	Vol II, Book I ch. I, p. 12	Wine, not Spanish... Spanish... Vinegar, per tun.	Commonwealth wine excise episode; separate from customs wine duties. Added from old_taxes3.tsv review.
commonwealth_alum_excise	1	Excise on alum	commonwealth_excise_new_impost	excise/raw material duty	Commonwealth	1644		1660		ended	low	dowell_v2	Vol II, Book I ch. I, p. 9	In July, alum, copperas... were added to the list.	Commonwealth excise commodity; end set to Restoration when these excises ceased. Added from old_taxes3.tsv review.
commonwealth_copperas_excise	1	Excise on copperas	commonwealth_excise_new_impost	excise/raw material duty	Commonwealth	1644		1660		ended	low	dowell_v2	Vol II, Book I ch. I, p. 9	In July, alum, copperas... were added to the list.	Commonwealth excise commodity; copperas was used in dyeing/industry. Added from old_taxes3.tsv review.
commonwealth_flesh_victuals_excise	1	Excise on flesh and victuals	commonwealth_excise_new_impost	excise/food duty	Commonwealth	1644		1647		ended	medium	dowell_v2	Vol II, Book I ch. I, pp. 9-10	In January 1644, flesh, victuals, and salt... were added... eventually... exception of flesh and salt of home production.	Short-lived Commonwealth excise on basic food; ended before the 1647 settled list. Added from old_taxes3.tsv review.
commonwealth_monmouth_caps_hats_excise	1	Excise on Monmouth caps and hats	commonwealth_excise_new_impost	excise/manufacture duty	Commonwealth	1644		1660		ended	low	dowell_v2	Vol II, Book I ch. I, p. 9	Monmouth caps, hats of all sorts... were added to the list.	Early hats/caps excise separate from the later Pitt hat duty. Added from old_taxes3.tsv review.
commonwealth_saffron_excise	1	Excise on saffron	commonwealth_excise_new_impost	excise/food/drug duty	Commonwealth	1644		1660		ended	low	dowell_v2	Vol II, Book I ch. I, pp. 9, 13	Saffron... for every 20s. value, to be paid by the planter.	Commonwealth excise commodity; retained in 1656 list. Added from old_taxes3.tsv review.
commonwealth_silks_stuffs_excise	1	Excise on silks and stuffs	commonwealth_excise_new_impost	excise/manufacture duty	Commonwealth	1644		1660		ended	low	dowell_v2	Vol II, Book I ch. I, pp. 9, 12	All manner of silks and stuffs... commodities made or growing in England not formerly charged with excise.	Commonwealth excise category; probably broad/heterogeneous. Added from old_taxes3.tsv review.
commonwealth_copper_metal_wire_duty	1	Duty on copper and other metal wire/material	commonwealth_excise_new_impost	excise/manufacture/raw material duty	Commonwealth	1647		1660		ended	medium	dowell_v2	Vol II, Book I ch. I, p. 13	Copper, for every pound avoirdupois of any copper or any other metal... disgrossed.	Commonwealth excise/native goods list. Added from old_taxes3.tsv review.
commonwealth_iron_duty	1	Duty on iron	commonwealth_excise_new_impost	excise/raw material duty	Commonwealth	1647		1660		ended	medium	dowell_v2	Vol II, Book I ch. I, p. 13	Iron, English... wrought into bars, for every cwt.	Commonwealth excise/native goods list. Added from old_taxes3.tsv review.
commonwealth_lead_duty	1	Duty on lead	commonwealth_excise_new_impost	excise/raw material duty	Commonwealth	1647		1660		ended	medium	dowell_v2	Vol II, Book I ch. I, p. 14	Lead, for every fother containing 20 cwt., to be paid by the maker or smelter.	Commonwealth excise/native goods list. Added from old_taxes3.tsv review.
commonwealth_oil_duty	1	Duty on linseed, whale, blubber, rape, pilchard and other oils	commonwealth_excise_new_impost	excise/raw material duty	Commonwealth	1647		1660		ended	medium	dowell_v2	Vol II, Book I ch. I, pp. 13-14	Oil, for all linseed, whale, blubber, rape, and pilchard oil, and all other oils made within the commonwealth.	Commonwealth excise/native goods list. Added from old_taxes3.tsv review.
commonwealth_tin_duty	1	Duty on tin	commonwealth_excise_new_impost	excise/raw material duty	Commonwealth	1647		1660		ended	medium	dowell_v2	Vol II, Book I ch. I, p. 13	Tin, for every 20s. value, to be paid by the first buyer or exporter.	Commonwealth excise/native goods list. Added from old_taxes3.tsv review.
commonwealth_drugs_excise	1	Excise on drugs	commonwealth_excise_new_impost	excise/drugs duty	Commonwealth	1647		1660		ended	low	dowell_v2	Vol II, Book I ch. I, p. 12	Drugs, glass or glasses, earthen and stone wares, per 20s. value.	Commonwealth excise; broad drug category not individually itemised here. Added from old_taxes3.tsv review.
commonwealth_dyed_silk_excise	1	Excise on dyed silk	commonwealth_excise_new_impost	excise/manufacture duty	Commonwealth	1647		1660		ended	medium	dowell_v2	Vol II, Book I ch. I, p. 12	Dyed silk, per 20s. value.	Commonwealth excise on dyed silk. Added from old_taxes3.tsv review.
commonwealth_raw_silk_rosin_pitch_wax_tallow_cordage_duty	1	Excise on raw silk, rosin, pitch, wax, tallow and cordage	commonwealth_excise_new_impost	excise/raw material duty	Commonwealth	1647		1660		ended	low	dowell_v2	Vol II, Book I ch. I, p. 12	Raw silk, rough yarn... rosin, pitch, wax, tallow, cable, cable yarn, and all manner of cordage.	Bundled row because Dowell's Commonwealth list groups these at one rate. Added from old_taxes3.tsv review.
commonwealth_lace_ribbons_excise	1	Excise on silk lace/ribbons and gold/silver lace/ribbons	commonwealth_excise_new_impost	excise/manufacture duty	Commonwealth	1647		1660		ended	medium	dowell_v2	Vol II, Book I ch. I, p. 12	Silk lace and ribbands and gold and silver lace and ribbands, per 20s. value.	Commonwealth excise on fashion/textile goods. Added from old_taxes3.tsv review.
commonwealth_woollen_cloth_stuffs_excise	1	Excise on woollen cloth and stuffs	commonwealth_excise_new_impost	excise/manufacture duty	Commonwealth	1647		1660		ended	medium	dowell_v2	Vol II, Book I ch. I, p. 12	Woollen cloth... Stuffs or other woollen manufacture...	Commonwealth excise on woollen manufactures. Added from old_taxes3.tsv review.
commonwealth_metheglin_mead_duty	1	Duty on metheglin and mead	commonwealth_excise_new_impost	excise/drink duty	Commonwealth	1647		1660		ended	medium	dowell_v2	Vol II, Book I ch. I, p. 14	Metheglin or mead, and such like drinks, sold out by retail.	Commonwealth episode of mead/metheglin taxation. Added from old_taxes3.tsv review.
special_property_tax_1670	1	Special tax on bankers, personal estates, offices, land and mines		property/income tax	England	1670		1670		ended	high	dowell_v2	Vol II, ch. II, pp. 33-34	A sum of 800,000l... levied... 15s. in every 100l. belonging to bankers... 6s. in every 100l. on all personal estates; 2s. in the pound on salaries... and 1s. in the pound on lands and mines.	One-off mixed property/income tax. Added from old_taxes3.tsv review.
french_india_linen_silk_brandy_duties_1685	1	Special duties on French and East India linen, silks and brandy		customs/consumption tax	England	1685		1690		ended	high	dowell_v2	Vol II, ch. II, p. 36	Additional duties imposed upon French and East India linen... French wrought silks and stuffs... and brandy.	Granted from July 1685 to July 1690. Added from old_taxes3.tsv review.
special_tobacco_sugar_duties_1685	1	Special duties on tobacco and sugar		customs/consumption tax	England	1685		1693		ended	medium	dowell_v2	Vol II, ch. II, pp. 34-36	Special duties were also imposed... upon tobacco and sugar.	Sugar special duty ended in 1693; tobacco additions continued/merged. Use as an episode row only. Added from old_taxes3.tsv review.
special_wine_vinegar_duty_1685	1	Special duties on wine and vinegar		customs/drink duty	England	1685		1787		ended	low	dowell_v2	Vol II, ch. II, pp. 34-35	Special duties were therefore again imposed upon wine and vinegar.	Specific James II additional customs duty; broad wine duties are counted elsewhere. Best-guess endpoint added for the lifespan TSV; likely absorbed into later customs/excise consolidation. Added from old_taxes3.tsv review.
east_india_african_hudson_joint_stock_tax_1692	1	Tax on East India, Royal African and Hudson's Bay Company joint stock		capital/property tax	England	1692		1693		ended	high	dowell_v2	Vol II, Book II ch. I, p. 63	A tax on the joint stock of the East India Company, and on every share in the joint stock of the Royal African and the Hudson's Bay Companies, imposed in 1692, continued in force for a year only.	One-year tax on joint-stock company capital/shares. Added from old_taxes3.tsv review.
coffee_cocoa_tea_spices_customs_1695	1	New duty on coffee, cocoa-nuts, tea and spices		customs/consumption tax	England	1695		1787		ended	low	dowell_v2	Vol II, Book II ch. I, pp. 44-45, 64-65	Special duties... on tea in the leaf, coffee-berries, and cocoa-nuts and chocolate... the new duty of 1695 on coffee, cocoa-nuts, tea and spices.	Episode of taxing the imported articles rather than the drink sold retail; broad tea/coffee/cocoa rows also exist. Best-guess endpoint added for the lifespan TSV; likely absorbed into later customs/excise consolidation. Added from old_taxes3.tsv review.
scotch_linen_twill_ticking_duty_1698	1	Duties on Scotch linens: twill and ticking		customs/textile duty	England/Scotland trade	1698		1787		ended	low	dowell_v2	Vol II, Book II ch. I, p. 61	Special duties were charged upon Scotch linens called "twill" and "ticking," on importation into England.	Specific internal customs duty before full fiscal union effects. Best-guess endpoint added for the lifespan TSV; likely absorbed into later customs/excise consolidation. Added from old_taxes3.tsv review.
whale_fins_duty_1698	1	Whale-fins / whalebone duty		customs/raw material duty	England	1698		1724		ended	medium	dowell_v2	Vol II, Book II ch. I, pp. 61, 75	In 1698... a duty was imposed upon whale-fins... went far towards the ruin of the Greenland trade.	End year approximate from Dowell's later discussion of Walpole's repeal of whale-fins/oil/blubber duties. Added from old_taxes3.tsv review.
convoy_tax_1798	1	Convoy tax		customs/tonnage/war duty	United Kingdom	1798		1802		ended	medium	dowell_v2	Vol II, Book II ch. IX, p. 215	Every merchant vessel was required to sail with a convoy... certain duties... on goods exported and imported, and on the tonnage of ships.	War duty connected with merchant convoy protection; ended with Peace of Amiens/war-period arrangements. Added from old_taxes3.tsv review.
exports_imports_duty_in_lieu_convoy_tax	1	Duty on exports and imports in lieu of the convoy tax		customs/war duty	United Kingdom	1802		1816		ended	low	dowell_v2	Vol II, Book II ch. IX, p. 218	New duty on exports and imports in lieu of the convoy tax.	Replacement duty after repeal/expiry of convoy tax; exact end not pinned from Dowell in this extraction. Best-guess endpoint added for the lifespan TSV; likely absorbed into later customs/excise consolidation. Added from old_taxes3.tsv review.
silk_thread_lace_war_duty	1	Silk thread and lace duty		raw material/luxury customs	Great Britain/United Kingdom	1793		1816		ended	low	obrien_wp99	Extensions to the fiscal base, p. 6	"""At least twenty-one 'new' taxes were imposed between 1793 and 1815, but levies on flax, silk thread and lace... made too small a contribution to be worth detailed consideration."""	Low-yield wartime levy identified by O'Brien; exact enactment and repeal dates not yet traced, so lifespan is best-guessed to the French wars.
ships_hulls_materials_duty	1	Ships' hulls and materials duty		shipping/raw material duty	Great Britain/United Kingdom	1793		1816		ended	low	obrien_wp99	Extensions to the fiscal base, p. 6	"""At least twenty-one 'new' taxes were imposed between 1793 and 1815, but levies on... ships hulls and materials... made too small a contribution to be worth detailed consideration."""	Low-yield wartime levy identified by O'Brien; exact enactment and repeal dates not yet traced, so lifespan is best-guessed to the French wars.
madder_duty	1	Madder duty		raw material/customs	Great Britain/United Kingdom	1793		1816		ended	low	obrien_wp99	Extensions to the fiscal base, p. 6	"""At least twenty-one 'new' taxes were imposed between 1793 and 1815, but levies on... madder made too small a contribution to be worth detailed consideration."""	Low-yield wartime dye-stuff levy identified by O'Brien; exact enactment and repeal dates not yet traced, so lifespan is best-guessed to the French wars.
