tax_name,tax_name_english,english_explanation,revenue_eur,revenue_pct_gdp,source_for_data,notes
Accise sur l'électricité,Excise duty on electricity,Eurostat national-tax-list line classified as ESA code D214A. Economic function: consumption. Environmental/property tag: energy.,4803000000,0.164492,"Eurostat, National Tax Lists - individual taxes, updated 22 Apr 2026; file: code/data/france_tax/eurostat_national_tax_lists_2025_2026-04-22.xlsx; FR sheet; STO D214A; DETAILS C07; 2024","Eurostat NTL covers general government plus EU institutions (S.13 + S.212), so local taxes are in scope."
"Accise sur les alcools, fraction perçue sur les produits intermédiaires (ex-Droit de consommation sur les produits intermédiaires)",Low-yield behavioural incentive levy on production paid by businesses,Low-yield behavioural incentive levy on production paid by businesses. Collector: DGDDI. Beneficiary: Caisse centrale de la mutualité sociale agricole (CCMSA).,51477994,0.001763,"Cour des comptes, Les taxes a faible rendement, annex listing, Apr 2025; file: code/data/france_tax/20250417-annexe-listing-des-taxes-concernees.xlsx; Cour Inventaire sheet id 61; Enjeu 2024","Cour low-yield-tax inventory id 61. Status: En vigueur entre 2019 et 2024. Objective: Incitation; payer: Entreprises; base: Production. The Cour annex is an individual-tax inventory and may overlap with Eurostat grouped/aggregate NTL rows; do not sum both sources without reconciliation. English name is a descriptive label generated from the Cour structured fields; the Cour annex does not provide an official English legal title. Cour Enjeu 2019: EUR 64.811m. Revenue is the Cour 'enjeu 2024' figure, in EUR after conversion from EUR millions."
"Accise sur les alcools, fraction perçue sur les vins (ex-Droit de circulation sur les vins, cidres, poirés et hydromels)",Low-yield behavioural incentive levy on production paid by businesses,Low-yield behavioural incentive levy on production paid by businesses. Collector: DGDDI. Beneficiary: Caisse centrale de la mutualité sociale agricole (CCMSA).,105812589,0.003624,"Cour des comptes, Les taxes a faible rendement, annex listing, Apr 2025; file: code/data/france_tax/20250417-annexe-listing-des-taxes-concernees.xlsx; Cour Inventaire sheet id 60; Enjeu 2024","Cour low-yield-tax inventory id 60. Status: En vigueur entre 2019 et 2024. Objective: Incitation; payer: Entreprises; base: Production. The Cour annex is an individual-tax inventory and may overlap with Eurostat grouped/aggregate NTL rows; do not sum both sources without reconciliation. English name is a descriptive label generated from the Cour structured fields; the Cour annex does not provide an official English legal title. Cour Enjeu 2019: EUR 113.533m. Revenue is the Cour 'enjeu 2024' figure, in EUR after conversion from EUR millions."
"Accise sur les tabacs, fraction perçue en Corse (ex-Droit de consommation sur les tabacs en Corse)",Low-yield behavioural incentive levy on production paid by businesses,Low-yield behavioural incentive levy on production paid by businesses. Collector: DGDDI. Beneficiary: Collectivité territoriale de Corse.,199845350,0.006844,"Cour des comptes, Les taxes a faible rendement, annex listing, Apr 2025; file: code/data/france_tax/20250417-annexe-listing-des-taxes-concernees.xlsx; Cour Inventaire sheet id 63; Enjeu 2024","Cour low-yield-tax inventory id 63. Status: En vigueur entre 2019 et 2024. Objective: Incitation; payer: Entreprises; base: Production. The Cour annex is an individual-tax inventory and may overlap with Eurostat grouped/aggregate NTL rows; do not sum both sources without reconciliation. English name is a descriptive label generated from the Cour structured fields; the Cour annex does not provide an official English legal title. Cour Enjeu 2019: EUR 117.683m. Revenue is the Cour 'enjeu 2024' figure, in EUR after conversion from EUR millions."
"Accise sur les tabacs, fraction perçue en France continentale (ex-Taxe et droits de consommation sur les tabacs)",Low-yield budget-raising levy on consumption paid by individuals,Low-yield budget-raising levy on consumption paid by individuals. Collector: DGDDI. Beneficiary: Budget général.,67000000,0.002295,"Cour des comptes, Les taxes a faible rendement, annex listing, Apr 2025; file: code/data/france_tax/20250417-annexe-listing-des-taxes-concernees.xlsx; Cour Inventaire sheet id 216; Enjeu 2024","Cour low-yield-tax inventory id 216. Status: En vigueur entre 2019 et 2024. Objective: Rendement; payer: Particuliers; base: Consommation. The Cour annex is an individual-tax inventory and may overlap with Eurostat grouped/aggregate NTL rows; do not sum both sources without reconciliation. English name is a descriptive label generated from the Cour structured fields; the Cour annex does not provide an official English legal title. Revenue is the Cour 'enjeu 2024' figure, in EUR after conversion from EUR millions."
"Accise sur les tabacs, fraction perçue en outre-mer (ex-Droit de consommation sur les tabacs dans les DOM)",Low-yield behavioural incentive levy on production paid by businesses,Low-yield behavioural incentive levy on production paid by businesses. Collector: DGDDI. Beneficiary: Départements d’Outre-mer.,8523376,0.000292,"Cour des comptes, Les taxes a faible rendement, annex listing, Apr 2025; file: code/data/france_tax/20250417-annexe-listing-des-taxes-concernees.xlsx; Cour Inventaire sheet id 62; Enjeu 2024","Cour low-yield-tax inventory id 62. Status: En vigueur entre 2019 et 2024. Objective: Incitation; payer: Entreprises; base: Production. The Cour annex is an individual-tax inventory and may overlap with Eurostat grouped/aggregate NTL rows; do not sum both sources without reconciliation. English name is a descriptive label generated from the Cour structured fields; the Cour annex does not provide an official English legal title. Cour Enjeu 2019: EUR 144.279m. Revenue is the Cour 'enjeu 2024' figure, in EUR after conversion from EUR millions."
Accise sur les énergies - fraction perçue sur l'électricité (ex-Taxe communale sur la consommation finale d'électricité (TCFE) - Part intercommunale),Low-yield budget-raising levy on consumption paid by individuals,Low-yield budget-raising levy on consumption paid by individuals. Collector: DGDDI. Beneficiary: Communes / Départements.,31838298,0.001090,"Cour des comptes, Les taxes a faible rendement, annex listing, Apr 2025; file: code/data/france_tax/20250417-annexe-listing-des-taxes-concernees.xlsx; Cour Inventaire sheet id 205; Enjeu 2024","Cour low-yield-tax inventory id 205. Status: En vigueur entre 2019 et 2024. Objective: Rendement; payer: Particuliers; base: Consommation. The Cour annex is an individual-tax inventory and may overlap with Eurostat grouped/aggregate NTL rows; do not sum both sources without reconciliation. English name is a descriptive label generated from the Cour structured fields; the Cour annex does not provide an official English legal title. Cour Enjeu 2019: EUR 38.715m. Revenue is the Cour 'enjeu 2024' figure, in EUR after conversion from EUR millions."
"Accise sur les énergies, fraction perçue sur les charbons (ex-Taxe intérieure sur les houilles, les lignites et les cokes (TICHLC))",Low-yield budget-raising levy on consumption paid by businesses,Low-yield budget-raising levy on consumption paid by businesses. Collector: DGDDI. Beneficiary: Budget général.,,,"Cour des comptes, Les taxes a faible rendement, annex listing, Apr 2025; file: code/data/france_tax/20250417-annexe-listing-des-taxes-concernees.xlsx; Cour Inventaire sheet id 224; Enjeu 2024",Cour low-yield-tax inventory id 224. Status: En vigueur entre 2019 et 2024. Objective: Rendement; payer: Entreprises; base: Consommation. The Cour annex is an individual-tax inventory and may overlap with Eurostat grouped/aggregate NTL rows; do not sum both sources without reconciliation. English name is a descriptive label generated from the Cour structured fields; the Cour annex does not provide an official English legal title. No known or estimated 2024 yield in the Cour annex; cannot be area-sized without an estimate.
Actes et écrits assujettis au timbre de dimension,Low-yield service-related levy on consumption paid by individuals,Low-yield service-related levy on consumption paid by individuals. Collector: DGFiP. Beneficiary: Budget général.,6896,0.000000,"Cour des comptes, Les taxes a faible rendement, annex listing, Apr 2025; file: code/data/france_tax/20250417-annexe-listing-des-taxes-concernees.xlsx; Cour Inventaire sheet id 1; Enjeu 2019 uprated to 2024 using INSEE CPI",Cour low-yield-tax inventory id 1. Status: En vigueur entre 2019 et 2024. Objective: Service rendu; payer: Particuliers; base: Consommation. The Cour annex is an individual-tax inventory and may overlap with Eurostat grouped/aggregate NTL rows; do not sum both sources without reconciliation. English name is a descriptive label generated from the Cour structured fields; the Cour annex does not provide an official English legal title. Cour Enjeu 2019: EUR 0.006m. No Cour Enjeu 2024 figure; revenue is an estimate from Cour Enjeu 2019 uprated to 2024 using INSEE annual-average CPI inflation for 2020-2024. CPI uprating factor used: 1.149347008.
Actes judiciaires et extrajudiciaires,Low-yield service-related levy on consumption paid by individuals,Low-yield service-related levy on consumption paid by individuals. Collector: DGFiP. Beneficiary: Budget général.,316,0.000000,"Cour des comptes, Les taxes a faible rendement, annex listing, Apr 2025; file: code/data/france_tax/20250417-annexe-listing-des-taxes-concernees.xlsx; Cour Inventaire sheet id 2; Enjeu 2019 uprated to 2024 using INSEE CPI",Cour low-yield-tax inventory id 2. Status: En vigueur entre 2019 et 2024. Objective: Service rendu; payer: Particuliers; base: Consommation. The Cour annex is an individual-tax inventory and may overlap with Eurostat grouped/aggregate NTL rows; do not sum both sources without reconciliation. English name is a descriptive label generated from the Cour structured fields; the Cour annex does not provide an official English legal title. Cour Enjeu 2019: EUR 0.000275m. No Cour Enjeu 2024 figure; revenue is an estimate from Cour Enjeu 2019 uprated to 2024 using INSEE annual-average CPI inflation for 2020-2024. CPI uprating factor used: 1.149347008.
Amendes et confiscations,Fines and confiscations,Eurostat national-tax-list line classified as ESA code D2121. Economic function: consumption.,40000000,0.001370,"Eurostat, National Tax Lists - individual taxes, updated 22 Apr 2026; file: code/data/france_tax/eurostat_national_tax_lists_2025_2026-04-22.xlsx; FR sheet; STO D2121; DETAILS C01; 2024","Eurostat NTL covers general government plus EU institutions (S.13 + S.212), so local taxes are in scope."
Autres prélèvements sociaux,Other social levies,Eurostat national-tax-list line classified as ESA code D51M. Economic function: household capital income.,14646000000,0.501593,"Eurostat, National Tax Lists - individual taxes, updated 22 Apr 2026; file: code/data/france_tax/eurostat_national_tax_lists_2025_2026-04-22.xlsx; FR sheet; STO D51M; DETAILS C06; 2024","Eurostat NTL covers general government plus EU institutions (S.13 + S.212), so local taxes are in scope."
Autres taxes,Other taxes,Eurostat national-tax-list line classified as ESA code D2122C. Economic function: consumption.,9000000,0.000308,"Eurostat, National Tax Lists - individual taxes, updated 22 Apr 2026; file: code/data/france_tax/eurostat_national_tax_lists_2025_2026-04-22.xlsx; FR sheet; STO D2122C; DETAILS C01; 2024","Eurostat grouped 'other taxes' line; likely contains multiple legal taxes and may overlap with more specific Cour des comptes low-yield entries. Eurostat NTL covers general government plus EU institutions (S.13 + S.212), so local taxes are in scope."
Autres taxes,Other taxes,Eurostat national-tax-list line classified as ESA code D214A. Economic function: consumption.,44000000,0.001507,"Eurostat, National Tax Lists - individual taxes, updated 22 Apr 2026; file: code/data/france_tax/eurostat_national_tax_lists_2025_2026-04-22.xlsx; FR sheet; STO D214A; DETAILS C01; 2024","Eurostat grouped 'other taxes' line; likely contains multiple legal taxes and may overlap with more specific Cour des comptes low-yield entries. Eurostat NTL covers general government plus EU institutions (S.13 + S.212), so local taxes are in scope."
Autres taxes,Other taxes,Eurostat national-tax-list line classified as ESA code D214E. Economic function: consumption.,5000000,0.000171,"Eurostat, National Tax Lists - individual taxes, updated 22 Apr 2026; file: code/data/france_tax/eurostat_national_tax_lists_2025_2026-04-22.xlsx; FR sheet; STO D214E; DETAILS C01; 2024","Eurostat grouped 'other taxes' line; likely contains multiple legal taxes and may overlap with more specific Cour des comptes low-yield entries. Eurostat NTL covers general government plus EU institutions (S.13 + S.212), so local taxes are in scope."
Autres taxes,Other taxes,Eurostat national-tax-list line classified as ESA code D214H. Economic function: consumption.,1144000000,0.039179,"Eurostat, National Tax Lists - individual taxes, updated 22 Apr 2026; file: code/data/france_tax/eurostat_national_tax_lists_2025_2026-04-22.xlsx; FR sheet; STO D214H; DETAILS C01; 2024","Eurostat grouped 'other taxes' line; likely contains multiple legal taxes and may overlap with more specific Cour des comptes low-yield entries. Eurostat NTL covers general government plus EU institutions (S.13 + S.212), so local taxes are in scope."
Autres taxes,Other taxes,Eurostat national-tax-list line classified as ESA code D214L. Economic function: consumption.,182000000,0.006233,"Eurostat, National Tax Lists - individual taxes, updated 22 Apr 2026; file: code/data/france_tax/eurostat_national_tax_lists_2025_2026-04-22.xlsx; FR sheet; STO D214L; DETAILS C01; 2024","Eurostat grouped 'other taxes' line; likely contains multiple legal taxes and may overlap with more specific Cour des comptes low-yield entries. Eurostat NTL covers general government plus EU institutions (S.13 + S.212), so local taxes are in scope."
Autres taxes,Other taxes,Eurostat national-tax-list line classified as ESA code D29A. Economic function: capital/stock of wealth. Environmental/property tag: recurrent immovable property.,890000000,0.030480,"Eurostat, National Tax Lists - individual taxes, updated 22 Apr 2026; file: code/data/france_tax/eurostat_national_tax_lists_2025_2026-04-22.xlsx; FR sheet; STO D29A; DETAILS C01; 2024","Eurostat grouped 'other taxes' line; likely contains multiple legal taxes and may overlap with more specific Cour des comptes low-yield entries. Eurostat NTL covers general government plus EU institutions (S.13 + S.212), so local taxes are in scope."
Autres taxes,Other taxes,Eurostat national-tax-list line classified as ESA code D29B. Economic function: capital/stock of wealth.,167000000,0.005719,"Eurostat, National Tax Lists - individual taxes, updated 22 Apr 2026; file: code/data/france_tax/eurostat_national_tax_lists_2025_2026-04-22.xlsx; FR sheet; STO D29B; DETAILS C01; 2024","Eurostat grouped 'other taxes' line; likely contains multiple legal taxes and may overlap with more specific Cour des comptes low-yield entries. Eurostat NTL covers general government plus EU institutions (S.13 + S.212), so local taxes are in scope."
Autres taxes,Other taxes,Eurostat national-tax-list line classified as ESA code D29C. Economic function: employer labour.,1364000000,0.046714,"Eurostat, National Tax Lists - individual taxes, updated 22 Apr 2026; file: code/data/france_tax/eurostat_national_tax_lists_2025_2026-04-22.xlsx; FR sheet; STO D29C; DETAILS C01; 2024","Eurostat grouped 'other taxes' line; likely contains multiple legal taxes and may overlap with more specific Cour des comptes low-yield entries. Eurostat NTL covers general government plus EU institutions (S.13 + S.212), so local taxes are in scope."
Autres taxes,Other taxes,Eurostat national-tax-list line classified as ESA code D29E. Economic function: capital/stock of wealth.,168000000,0.005754,"Eurostat, National Tax Lists - individual taxes, updated 22 Apr 2026; file: code/data/france_tax/eurostat_national_tax_lists_2025_2026-04-22.xlsx; FR sheet; STO D29E; DETAILS C01; 2024","Eurostat grouped 'other taxes' line; likely contains multiple legal taxes and may overlap with more specific Cour des comptes low-yield entries. Eurostat NTL covers general government plus EU institutions (S.13 + S.212), so local taxes are in scope."
Autres taxes,Other taxes,Eurostat national-tax-list line classified as ESA code D29H. Economic function: capital/stock of wealth.,295000000,0.010103,"Eurostat, National Tax Lists - individual taxes, updated 22 Apr 2026; file: code/data/france_tax/eurostat_national_tax_lists_2025_2026-04-22.xlsx; FR sheet; STO D29H; DETAILS C01; 2024","Eurostat grouped 'other taxes' line; likely contains multiple legal taxes and may overlap with more specific Cour des comptes low-yield entries. Eurostat NTL covers general government plus EU institutions (S.13 + S.212), so local taxes are in scope."
Autres taxes,Other taxes,Eurostat national-tax-list line classified as ESA code D51M. Economic function: SPLIT1.,1127000000,0.038597,"Eurostat, National Tax Lists - individual taxes, updated 22 Apr 2026; file: code/data/france_tax/eurostat_national_tax_lists_2025_2026-04-22.xlsx; FR sheet; STO D51M; DETAILS C01; 2024","Eurostat grouped 'other taxes' line; likely contains multiple legal taxes and may overlap with more specific Cour des comptes low-yield entries. Eurostat NTL covers general government plus EU institutions (S.13 + S.212), so local taxes are in scope."
Autres taxes,Other taxes,Eurostat national-tax-list line classified as ESA code D51O. Economic function: corporate capital income.,13387000000,0.458475,"Eurostat, National Tax Lists - individual taxes, updated 22 Apr 2026; file: code/data/france_tax/eurostat_national_tax_lists_2025_2026-04-22.xlsx; FR sheet; STO D51O; DETAILS C01; 2024","Eurostat grouped 'other taxes' line; likely contains multiple legal taxes and may overlap with more specific Cour des comptes low-yield entries. Eurostat NTL covers general government plus EU institutions (S.13 + S.212), so local taxes are in scope."
Autres taxes,Other taxes,Eurostat national-tax-list line classified as ESA code D59A. Economic function: capital/stock of wealth. Environmental/property tag: other property.,651000000,0.022295,"Eurostat, National Tax Lists - individual taxes, updated 22 Apr 2026; file: code/data/france_tax/eurostat_national_tax_lists_2025_2026-04-22.xlsx; FR sheet; STO D59A; DETAILS C01; 2024","Eurostat grouped 'other taxes' line; likely contains multiple legal taxes and may overlap with more specific Cour des comptes low-yield entries. Eurostat NTL covers general government plus EU institutions (S.13 + S.212), so local taxes are in scope."
Autres taxes,Other taxes,Eurostat national-tax-list line classified as ESA code D59F. Economic function: capital/stock of wealth.,248000000,0.008493,"Eurostat, National Tax Lists - individual taxes, updated 22 Apr 2026; file: code/data/france_tax/eurostat_national_tax_lists_2025_2026-04-22.xlsx; FR sheet; STO D59F; DETAILS C01; 2024","Eurostat grouped 'other taxes' line; likely contains multiple legal taxes and may overlap with more specific Cour des comptes low-yield entries. Eurostat NTL covers general government plus EU institutions (S.13 + S.212), so local taxes are in scope."
Autres taxes,Other taxes,Eurostat national-tax-list line classified as ESA code D91B. Economic function: capital/stock of wealth. Environmental/property tag: other property.,458000000,0.015685,"Eurostat, National Tax Lists - individual taxes, updated 22 Apr 2026; file: code/data/france_tax/eurostat_national_tax_lists_2025_2026-04-22.xlsx; FR sheet; STO D91B; DETAILS C01; 2024","Eurostat grouped 'other taxes' line; likely contains multiple legal taxes and may overlap with more specific Cour des comptes low-yield entries. Eurostat NTL covers general government plus EU institutions (S.13 + S.212), so local taxes are in scope."
Autres taxes sur l'énergie,Other taxes on energy,Eurostat national-tax-list line classified as ESA code D214A. Economic function: consumption. Environmental/property tag: energy.,622000000,0.021302,"Eurostat, National Tax Lists - individual taxes, updated 22 Apr 2026; file: code/data/france_tax/eurostat_national_tax_lists_2025_2026-04-22.xlsx; FR sheet; STO D214A; DETAILS C04; 2024","Eurostat grouped 'other taxes' line; likely contains multiple legal taxes and may overlap with more specific Cour des comptes low-yield entries. Eurostat NTL covers general government plus EU institutions (S.13 + S.212), so local taxes are in scope."
Autres taxes sur la pollution,Other taxes on pollution,Eurostat national-tax-list line classified as ESA code D214A. Economic function: consumption. Environmental/property tag: pollution.,1011000000,0.034624,"Eurostat, National Tax Lists - individual taxes, updated 22 Apr 2026; file: code/data/france_tax/eurostat_national_tax_lists_2025_2026-04-22.xlsx; FR sheet; STO D214A; DETAILS C03; 2024","Eurostat grouped 'other taxes' line; likely contains multiple legal taxes and may overlap with more specific Cour des comptes low-yield entries. Eurostat NTL covers general government plus EU institutions (S.13 + S.212), so local taxes are in scope."
Autres taxes sur la pollution,Other taxes on pollution,Eurostat national-tax-list line classified as ESA code D214H. Economic function: consumption. Environmental/property tag: pollution.,1095000000,0.037501,"Eurostat, National Tax Lists - individual taxes, updated 22 Apr 2026; file: code/data/france_tax/eurostat_national_tax_lists_2025_2026-04-22.xlsx; FR sheet; STO D214H; DETAILS C02; 2024","Eurostat grouped 'other taxes' line; likely contains multiple legal taxes and may overlap with more specific Cour des comptes low-yield entries. Eurostat NTL covers general government plus EU institutions (S.13 + S.212), so local taxes are in scope."
Autres taxes sur la pollution,Other taxes on pollution,Eurostat national-tax-list line classified as ESA code D29F. Economic function: consumption. Environmental/property tag: pollution.,320000000,0.010959,"Eurostat, National Tax Lists - individual taxes, updated 22 Apr 2026; file: code/data/france_tax/eurostat_national_tax_lists_2025_2026-04-22.xlsx; FR sheet; STO D29F; DETAILS C01; 2024","Eurostat grouped 'other taxes' line; likely contains multiple legal taxes and may overlap with more specific Cour des comptes low-yield entries. Eurostat NTL covers general government plus EU institutions (S.13 + S.212), so local taxes are in scope."
Autres taxes sur le revenu,Other taxes on income,Eurostat national-tax-list line classified as ESA code D51E. Economic function: household capital income.,144000000,0.004932,"Eurostat, National Tax Lists - individual taxes, updated 22 Apr 2026; file: code/data/france_tax/eurostat_national_tax_lists_2025_2026-04-22.xlsx; FR sheet; STO D51E; DETAILS C01; 2024","Eurostat grouped 'other taxes' line; likely contains multiple legal taxes and may overlap with more specific Cour des comptes low-yield entries. Eurostat NTL covers general government plus EU institutions (S.13 + S.212), so local taxes are in scope."
Certificats sanitaires et phytosanitaires,Low-yield service-related levy on production paid by businesses,Low-yield service-related levy on production paid by businesses. Collector: DGDDI / Direction Générale de l'Alimentation (DGAL). Beneficiary: Etablissement national des produits de l’agriculture et de la mer (FranceAgriMer).,840000,0.000029,"Cour des comptes, Les taxes a faible rendement, annex listing, Apr 2025; file: code/data/france_tax/20250417-annexe-listing-des-taxes-concernees.xlsx; Cour Inventaire sheet id 3; Enjeu 2024","Cour low-yield-tax inventory id 3. Status: En vigueur entre 2019 et 2024. Objective: Service rendu; payer: Entreprises; base: Production. The Cour annex is an individual-tax inventory and may overlap with Eurostat grouped/aggregate NTL rows; do not sum both sources without reconciliation. English name is a descriptive label generated from the Cour structured fields; the Cour annex does not provide an official English legal title. Cour Enjeu 2019: EUR 0.899m. Revenue is the Cour 'enjeu 2024' figure, in EUR after conversion from EUR millions."
Chambre d'agriculture,Tax benefitting to the Chamber of Agriculture,Eurostat national-tax-list line classified as ESA code D29A. Economic function: capital/stock of wealth.,227000000,0.007774,"Eurostat, National Tax Lists - individual taxes, updated 22 Apr 2026; file: code/data/france_tax/eurostat_national_tax_lists_2025_2026-04-22.xlsx; FR sheet; STO D29A; DETAILS C17; 2024","Eurostat NTL covers general government plus EU institutions (S.13 + S.212), so local taxes are in scope."
"Contribution additionnelle aux primes ou cotisations d'assurance afférentes aux conventions d'assurance couvrant à titre exclusif ou principal les dommages aux sols, récoltes, cultures, bâtiments, et au cheptel mort ou vif affectés aux exploitations agricoles",Low-yield market-failure correction levy on consumption paid by businesses,Low-yield market-failure correction levy on consumption paid by businesses. Collector: DGFiP. Beneficiary: Fonds national de garantie des risques agricoles (FNGRA) / Fonds de calamités agricoles dans les départements d'outre-mer.,77675169,0.002660,"Cour des comptes, Les taxes a faible rendement, annex listing, Apr 2025; file: code/data/france_tax/20250417-annexe-listing-des-taxes-concernees.xlsx; Cour Inventaire sheet id 7; Enjeu 2019 uprated to 2024 using INSEE CPI",Cour low-yield-tax inventory id 7. Status: En vigueur entre 2019 et 2024. Objective: Correction défaillance marché; payer: Entreprises; base: Consommation. The Cour annex is an individual-tax inventory and may overlap with Eurostat grouped/aggregate NTL rows; do not sum both sources without reconciliation. English name is a descriptive label generated from the Cour structured fields; the Cour annex does not provide an official English legal title. Cour Enjeu 2019: EUR 67.582m. No Cour Enjeu 2024 figure; revenue is an estimate from Cour Enjeu 2019 uprated to 2024 using INSEE annual-average CPI inflation for 2020-2024. CPI uprating factor used: 1.149347008.
Contribution additionnelle aux prélèvements sociaux sur les produits de placement,Low-yield budget-raising levy on capital paid by individuals,Low-yield budget-raising levy on capital paid by individuals. Collector: DGFiP. Beneficiary: Organismes de sécurité sociale.,,,"Cour des comptes, Les taxes a faible rendement, annex listing, Apr 2025; file: code/data/france_tax/20250417-annexe-listing-des-taxes-concernees.xlsx; Cour Inventaire sheet id 6; Enjeu 2024",Cour low-yield-tax inventory id 6. Status: En vigueur entre 2019 et 2024. Objective: Rendement; payer: Particuliers; base: Capital. The Cour annex is an individual-tax inventory and may overlap with Eurostat grouped/aggregate NTL rows; do not sum both sources without reconciliation. English name is a descriptive label generated from the Cour structured fields; the Cour annex does not provide an official English legal title. No known or estimated 2024 yield in the Cour annex; cannot be area-sized without an estimate.
Contribution annuelle acquittée par les personnes inscrites comme commissaires aux comptes et droit fixe sur chaque certification,Low-yield market-failure correction levy on production paid by businesses,Low-yield market-failure correction levy on production paid by businesses. Collector: Compagnie nationale des commissaires aux comptes. Beneficiary: Haut conseil du commissariat aux comptes (H3C).,17079000,0.000585,"Cour des comptes, Les taxes a faible rendement, annex listing, Apr 2025; file: code/data/france_tax/20250417-annexe-listing-des-taxes-concernees.xlsx; Cour Inventaire sheet id 8; Enjeu 2024","Cour low-yield-tax inventory id 8. Status: En vigueur entre 2019 et 2024. Objective: Correction défaillance marché; payer: Entreprises; base: Production. The Cour annex is an individual-tax inventory and may overlap with Eurostat grouped/aggregate NTL rows; do not sum both sources without reconciliation. English name is a descriptive label generated from the Cour structured fields; the Cour annex does not provide an official English legal title. Cour Enjeu 2019: EUR 14.757m. Revenue is the Cour 'enjeu 2024' figure, in EUR after conversion from EUR millions."
Contribution annuelle au profit de l'Institut de radioprotection et de sûreté nucléaire,Low-yield market-failure correction levy on production paid by businesses,Low-yield market-failure correction levy on production paid by businesses. Collector: Institut de radioprotection et de sûreté nucléaire (IRSN). Beneficiary: Institut de radioprotection et de sûreté nucléaire (IRSN).,60507750,0.002072,"Cour des comptes, Les taxes a faible rendement, annex listing, Apr 2025; file: code/data/france_tax/20250417-annexe-listing-des-taxes-concernees.xlsx; Cour Inventaire sheet id 9; Enjeu 2024","Cour low-yield-tax inventory id 9. Status: En vigueur entre 2019 et 2024. Objective: Correction défaillance marché; payer: Entreprises; base: Production. The Cour annex is an individual-tax inventory and may overlap with Eurostat grouped/aggregate NTL rows; do not sum both sources without reconciliation. English name is a descriptive label generated from the Cour structured fields; the Cour annex does not provide an official English legal title. Cour Enjeu 2019: EUR 62.758m. Revenue is the Cour 'enjeu 2024' figure, in EUR after conversion from EUR millions."
Contribution annuelle sur les premières ventes de médicaments et produits de santé ayant bénéficié d'une autorisation de mise sur le marché (ex-Taxe annuelle sur les premières ventes de médicaments et produits de santé ayant bénéficié d'une autorisation de mise sur le marché),Low-yield budget-raising levy on production paid by businesses,Low-yield budget-raising levy on production paid by businesses. Collector: Agence nationale de sécurité du médicament et des produits de santé (ANSM). Beneficiary: Caisse nationale d'assurance-maladie (CNAM).,3448041,0.000118,"Cour des comptes, Les taxes a faible rendement, annex listing, Apr 2025; file: code/data/france_tax/20250417-annexe-listing-des-taxes-concernees.xlsx; Cour Inventaire sheet id 202; Enjeu 2019 uprated to 2024 using INSEE CPI",Cour low-yield-tax inventory id 202. Status: En vigueur entre 2019 et 2024. Objective: Rendement; payer: Entreprises; base: Production. The Cour annex is an individual-tax inventory and may overlap with Eurostat grouped/aggregate NTL rows; do not sum both sources without reconciliation. English name is a descriptive label generated from the Cour structured fields; the Cour annex does not provide an official English legal title. Cour Enjeu 2019: EUR 3m. No Cour Enjeu 2024 figure; revenue is an estimate from Cour Enjeu 2019 uprated to 2024 using INSEE annual-average CPI inflation for 2020-2024. CPI uprating factor used: 1.149347008.
"Contribution au fonds de garantie des dommages consécutifs à des actes de prévention, de diagnostic ou de soins dispensés par des professionnels de santé",Low-yield market-failure correction levy on production paid by businesses,"Low-yield market-failure correction levy on production paid by businesses. Collector: Caisse centrale de réassurance (CCR). Beneficiary: Fonds de garantie des dommages consécutifs à des actes de prévention, de diagnostic ou de soins (FADPS).",8700000,0.000298,"Cour des comptes, Les taxes a faible rendement, annex listing, Apr 2025; file: code/data/france_tax/20250417-annexe-listing-des-taxes-concernees.xlsx; Cour Inventaire sheet id 11; Enjeu 2024","Cour low-yield-tax inventory id 11. Status: En vigueur entre 2019 et 2024. Objective: Correction défaillance marché; payer: Entreprises; base: Production. The Cour annex is an individual-tax inventory and may overlap with Eurostat grouped/aggregate NTL rows; do not sum both sources without reconciliation. English name is a descriptive label generated from the Cour structured fields; the Cour annex does not provide an official English legal title. Revenue is the Cour 'enjeu 2024' figure, in EUR after conversion from EUR millions."
Contribution au fonds d’assurance formation des chefs d’entreprise inscrite au répertoire des métiers,Low-yield market-failure correction levy on production paid by businesses,Low-yield market-failure correction levy on production paid by businesses. Collector: URSSAF. Beneficiary: Fonds d'assurance formation (FAF) des professions concernées.,93045300,0.003187,"Cour des comptes, Les taxes a faible rendement, annex listing, Apr 2025; file: code/data/france_tax/20250417-annexe-listing-des-taxes-concernees.xlsx; Cour Inventaire sheet id 10; Enjeu 2024","Cour low-yield-tax inventory id 10. Status: En vigueur entre 2019 et 2024. Objective: Correction défaillance marché; payer: Entreprises; base: Production. The Cour annex is an individual-tax inventory and may overlap with Eurostat grouped/aggregate NTL rows; do not sum both sources without reconciliation. English name is a descriptive label generated from the Cour structured fields; the Cour annex does not provide an official English legal title. Cour Enjeu 2019: EUR 32.507m. Revenue is the Cour 'enjeu 2024' figure, in EUR after conversion from EUR millions."
Contribution au remboursement de la dette sociale,Tax for the settlement of the social debt (CRDS),Eurostat national-tax-list line classified as ESA code D51M. Economic function: SPLIT1.,9084000000,0.311107,"Eurostat, National Tax Lists - individual taxes, updated 22 Apr 2026; file: code/data/france_tax/eurostat_national_tax_lists_2025_2026-04-22.xlsx; FR sheet; STO D51M; DETAILS C03; 2024","Eurostat NTL covers general government plus EU institutions (S.13 + S.212), so local taxes are in scope."
Contribution aux unions régionales des professionnels de santé (CURPS),Low-yield budget-raising levy on payroll paid by businesses,Low-yield budget-raising levy on payroll paid by businesses. Collector: URSSAF. Beneficiary: Unions régionales des Professionnels de santé URPS.,,,"Cour des comptes, Les taxes a faible rendement, annex listing, Apr 2025; file: code/data/france_tax/20250417-annexe-listing-des-taxes-concernees.xlsx; Cour Inventaire sheet id 346; Enjeu 2024",Cour low-yield-tax inventory id 346. Status: En vigueur entre 2019 et 2024. Objective: Rendement; payer: Entreprises; base: Masse salariale. The Cour annex is an individual-tax inventory and may overlap with Eurostat grouped/aggregate NTL rows; do not sum both sources without reconciliation. English name is a descriptive label generated from the Cour structured fields; the Cour annex does not provide an official English legal title. No known or estimated 2024 yield in the Cour annex; cannot be area-sized without an estimate.
Contribution conventionnelle à la formation pour les entreprises de travail temporaire,Low-yield market-failure correction levy on payroll paid by businesses,Low-yield market-failure correction levy on payroll paid by businesses. Collector: Opérateurs de Compétences (OPCO). Beneficiary: Fonds pour l'emploi du travail temporaire (FPETT).,68500000,0.002346,"Cour des comptes, Les taxes a faible rendement, annex listing, Apr 2025; file: code/data/france_tax/20250417-annexe-listing-des-taxes-concernees.xlsx; Cour Inventaire sheet id 12; Enjeu 2024","Cour low-yield-tax inventory id 12. Status: En vigueur entre 2019 et 2024. Objective: Correction défaillance marché; payer: Entreprises; base: Masse salariale. The Cour annex is an individual-tax inventory and may overlap with Eurostat grouped/aggregate NTL rows; do not sum both sources without reconciliation. English name is a descriptive label generated from the Cour structured fields; the Cour annex does not provide an official English legal title. Revenue is the Cour 'enjeu 2024' figure, in EUR after conversion from EUR millions."
Contribution de solidarité pour l'autonomie,Taxes benefitting to the national solidarity fund for autonomy (CNSA),Eurostat national-tax-list line classified as ESA code D29C. Economic function: employer labour.,2468000000,0.084523,"Eurostat, National Tax Lists - individual taxes, updated 22 Apr 2026; file: code/data/france_tax/eurostat_national_tax_lists_2025_2026-04-22.xlsx; FR sheet; STO D29C; DETAILS C05; 2024","Eurostat NTL covers general government plus EU institutions (S.13 + S.212), so local taxes are in scope."
Contribution de sécurité immobilière,Registry land tax,Eurostat national-tax-list line classified as ESA code D214B. Economic function: capital/stock of wealth. Environmental/property tag: other property.,692000000,0.023699,"Eurostat, National Tax Lists - individual taxes, updated 22 Apr 2026; file: code/data/france_tax/eurostat_national_tax_lists_2025_2026-04-22.xlsx; FR sheet; STO D214B; DETAILS C01; 2024","Eurostat NTL covers general government plus EU institutions (S.13 + S.212), so local taxes are in scope."
Contribution des diffuseurs d'oeuvres au financement de la protection sociale des artistes auteurs,Low-yield budget-raising levy on production paid by businesses,Low-yield budget-raising levy on production paid by businesses. Collector: URSSAF. Beneficiary: Organismes de sécurité sociale / Action sociale des artistes-auteurs (AGESSA).,,,"Cour des comptes, Les taxes a faible rendement, annex listing, Apr 2025; file: code/data/france_tax/20250417-annexe-listing-des-taxes-concernees.xlsx; Cour Inventaire sheet id 345; Enjeu 2024",Cour low-yield-tax inventory id 345. Status: En vigueur entre 2019 et 2024. Objective: Rendement; payer: Entreprises; base: Production. The Cour annex is an individual-tax inventory and may overlap with Eurostat grouped/aggregate NTL rows; do not sum both sources without reconciliation. English name is a descriptive label generated from the Cour structured fields; the Cour annex does not provide an official English legal title. No known or estimated 2024 yield in the Cour annex; cannot be area-sized without an estimate.
Contribution des distributeurs d'énergie électrique basse tension,Contribution of low voltage electric energy suppliers,Eurostat national-tax-list line classified as ESA code D214L. Economic function: consumption. Environmental/property tag: energy.,378000000,0.012946,"Eurostat, National Tax Lists - individual taxes, updated 22 Apr 2026; file: code/data/france_tax/eurostat_national_tax_lists_2025_2026-04-22.xlsx; FR sheet; STO D214L; DETAILS C02; 2024","Eurostat NTL covers general government plus EU institutions (S.13 + S.212), so local taxes are in scope."
Contribution des employeurs de main d'œuvre étrangère permanente,Low-yield budget-raising levy on payroll paid by businesses,Low-yield budget-raising levy on payroll paid by businesses. Collector: DGFiP. Beneficiary: Office français de l'immigration et de l'intégration (OFII).,,,"Cour des comptes, Les taxes a faible rendement, annex listing, Apr 2025; file: code/data/france_tax/20250417-annexe-listing-des-taxes-concernees.xlsx; Cour Inventaire sheet id 17; Enjeu 2024",Cour low-yield-tax inventory id 17. Status: En vigueur entre 2019 et 2024. Objective: Rendement; payer: Entreprises; base: Masse salariale. The Cour annex is an individual-tax inventory and may overlap with Eurostat grouped/aggregate NTL rows; do not sum both sources without reconciliation. English name is a descriptive label generated from the Cour structured fields; the Cour annex does not provide an official English legal title. No known or estimated 2024 yield in the Cour annex; cannot be area-sized without an estimate.
Contribution des employeurs de main d'œuvre étrangère saisonnière,Low-yield budget-raising levy on payroll paid by businesses,Low-yield budget-raising levy on payroll paid by businesses. Collector: DGFiP. Beneficiary: Office français de l'immigration et de l'intégration (OFII).,,,"Cour des comptes, Les taxes a faible rendement, annex listing, Apr 2025; file: code/data/france_tax/20250417-annexe-listing-des-taxes-concernees.xlsx; Cour Inventaire sheet id 18; Enjeu 2024",Cour low-yield-tax inventory id 18. Status: En vigueur entre 2019 et 2024. Objective: Rendement; payer: Entreprises; base: Masse salariale. The Cour annex is an individual-tax inventory and may overlap with Eurostat grouped/aggregate NTL rows; do not sum both sources without reconciliation. English name is a descriptive label generated from the Cour structured fields; the Cour annex does not provide an official English legal title. No known or estimated 2024 yield in the Cour annex; cannot be area-sized without an estimate.
Contribution des employeurs de main d'œuvre étrangère temporaire,Low-yield budget-raising levy on payroll paid by businesses,Low-yield budget-raising levy on payroll paid by businesses. Collector: DGFiP. Beneficiary: Office français de l'immigration et de l'intégration (OFII).,,,"Cour des comptes, Les taxes a faible rendement, annex listing, Apr 2025; file: code/data/france_tax/20250417-annexe-listing-des-taxes-concernees.xlsx; Cour Inventaire sheet id 19; Enjeu 2024",Cour low-yield-tax inventory id 19. Status: En vigueur entre 2019 et 2024. Objective: Rendement; payer: Entreprises; base: Masse salariale. The Cour annex is an individual-tax inventory and may overlap with Eurostat grouped/aggregate NTL rows; do not sum both sources without reconciliation. English name is a descriptive label generated from the Cour structured fields; the Cour annex does not provide an official English legal title. No known or estimated 2024 yield in the Cour annex; cannot be area-sized without an estimate.
Contribution des institutions financières,Low-yield budget-raising levy on consumption paid by businesses,Low-yield budget-raising levy on consumption paid by businesses. Collector: DGFiP. Beneficiary: Budget général.,88500,0.000003,"Cour des comptes, Les taxes a faible rendement, annex listing, Apr 2025; file: code/data/france_tax/20250417-annexe-listing-des-taxes-concernees.xlsx; Cour Inventaire sheet id 20; Enjeu 2019 uprated to 2024 using INSEE CPI",Cour low-yield-tax inventory id 20. Status: En vigueur entre 2019 et 2024. Objective: Rendement; payer: Entreprises; base: Consommation. The Cour annex is an individual-tax inventory and may overlap with Eurostat grouped/aggregate NTL rows; do not sum both sources without reconciliation. English name is a descriptive label generated from the Cour structured fields; the Cour annex does not provide an official English legal title. Cour Enjeu 2019: EUR 0.077m. No Cour Enjeu 2024 figure; revenue is an estimate from Cour Enjeu 2019 uprated to 2024 using INSEE annual-average CPI inflation for 2020-2024. CPI uprating factor used: 1.149347008.
Contribution due par les entreprises fabriquant ou exploitant des dispositifs médicaux sur leurs dépenses de publicité,Low-yield budget-raising levy on consumption paid by businesses,Low-yield budget-raising levy on consumption paid by businesses. Collector: URSSAF. Beneficiary: Caisse nationale d'assurance-maladie (CNAM).,60580676,0.002075,"Cour des comptes, Les taxes a faible rendement, annex listing, Apr 2025; file: code/data/france_tax/20250417-annexe-listing-des-taxes-concernees.xlsx; Cour Inventaire sheet id 21; Enjeu 2024","Cour low-yield-tax inventory id 21. Status: En vigueur entre 2019 et 2024. Objective: Rendement; payer: Entreprises; base: Consommation. The Cour annex is an individual-tax inventory and may overlap with Eurostat grouped/aggregate NTL rows; do not sum both sources without reconciliation. English name is a descriptive label generated from the Cour structured fields; the Cour annex does not provide an official English legal title. Cour Enjeu 2019: EUR 44.698m. Revenue is the Cour 'enjeu 2024' figure, in EUR after conversion from EUR millions."
Contribution due par les laboratoires sur leurs dépenses de publicité,Low-yield budget-raising levy on consumption paid by businesses,Low-yield budget-raising levy on consumption paid by businesses. Collector: URSSAF. Beneficiary: Caisse nationale d'assurance-maladie (CNAM).,146947829,0.005033,"Cour des comptes, Les taxes a faible rendement, annex listing, Apr 2025; file: code/data/france_tax/20250417-annexe-listing-des-taxes-concernees.xlsx; Cour Inventaire sheet id 22; Enjeu 2024","Cour low-yield-tax inventory id 22. Status: En vigueur entre 2019 et 2024. Objective: Rendement; payer: Entreprises; base: Consommation. The Cour annex is an individual-tax inventory and may overlap with Eurostat grouped/aggregate NTL rows; do not sum both sources without reconciliation. English name is a descriptive label generated from the Cour structured fields; the Cour annex does not provide an official English legal title. Cour Enjeu 2019: EUR 125m. Revenue is the Cour 'enjeu 2024' figure, in EUR after conversion from EUR millions."
Contribution forfaitaire des organismes assureurs et contribution forfaitaire des organismes participant à la gestion du régime prévu par la loi n° 2001-1128 du 30 novembre 2001,Low-yield market-failure correction levy on production paid by businesses,Low-yield market-failure correction levy on production paid by businesses. Collector: DGFiP. Beneficiary: Fonds commun des accidents du travail agricole (FCATA).,4000000,0.000137,"Cour des comptes, Les taxes a faible rendement, annex listing, Apr 2025; file: code/data/france_tax/20250417-annexe-listing-des-taxes-concernees.xlsx; Cour Inventaire sheet id 24; Enjeu 2024","Cour low-yield-tax inventory id 24. Status: En vigueur entre 2019 et 2024. Objective: Correction défaillance marché; payer: Entreprises; base: Production. The Cour annex is an individual-tax inventory and may overlap with Eurostat grouped/aggregate NTL rows; do not sum both sources without reconciliation. English name is a descriptive label generated from the Cour structured fields; the Cour annex does not provide an official English legal title. Revenue is the Cour 'enjeu 2024' figure, in EUR after conversion from EUR millions."
"Contribution patronale au dialogue social (0,016%)",Low-yield budget-raising levy on payroll paid by businesses,Low-yield budget-raising levy on payroll paid by businesses. Collector: URSSAF. Beneficiary: Association de Gestion du Fonds Paritaire National (AGFPN).,118900000,0.004072,"Cour des comptes, Les taxes a faible rendement, annex listing, Apr 2025; file: code/data/france_tax/20250417-annexe-listing-des-taxes-concernees.xlsx; Cour Inventaire sheet id 26; Enjeu 2024","Cour low-yield-tax inventory id 26. Status: En vigueur entre 2019 et 2024. Objective: Rendement; payer: Entreprises; base: Masse salariale. The Cour annex is an individual-tax inventory and may overlap with Eurostat grouped/aggregate NTL rows; do not sum both sources without reconciliation. English name is a descriptive label generated from the Cour structured fields; the Cour annex does not provide an official English legal title. Cour Enjeu 2019: EUR 98.045m. Revenue is the Cour 'enjeu 2024' figure, in EUR after conversion from EUR millions."
Contribution patronale sur stock-options,Employers' contributions on stock-options,Eurostat national-tax-list line classified as ESA code D29C. Economic function: employer labour.,1033000000,0.035378,"Eurostat, National Tax Lists - individual taxes, updated 22 Apr 2026; file: code/data/france_tax/eurostat_national_tax_lists_2025_2026-04-22.xlsx; FR sheet; STO D29C; DETAILS C10; 2024","Eurostat NTL covers general government plus EU institutions (S.13 + S.212), so local taxes are in scope."
Contribution salariale sur les attributions d'options de souscription ou d'achat des actions,Low-yield budget-raising levy on capital paid by businesses,Low-yield budget-raising levy on capital paid by businesses. Collector: DGFiP. Beneficiary: Caisse nationale d'allocations familiales (CNAF).,92000000,0.003151,"Cour des comptes, Les taxes a faible rendement, annex listing, Apr 2025; file: code/data/france_tax/20250417-annexe-listing-des-taxes-concernees.xlsx; Cour Inventaire sheet id 342; Enjeu 2024","Cour low-yield-tax inventory id 342. Status: En vigueur entre 2019 et 2024. Objective: Rendement; payer: Entreprises; base: Capital. The Cour annex is an individual-tax inventory and may overlap with Eurostat grouped/aggregate NTL rows; do not sum both sources without reconciliation. English name is a descriptive label generated from the Cour structured fields; the Cour annex does not provide an official English legal title. Revenue is the Cour 'enjeu 2024' figure, in EUR after conversion from EUR millions."
Contribution salariale sur les carried-interests,Low-yield budget-raising levy on capital paid by individuals,Low-yield budget-raising levy on capital paid by individuals. Collector: DGFiP. Beneficiary: Caisse nationale d'assurance-maladie (CNAM).,,,"Cour des comptes, Les taxes a faible rendement, annex listing, Apr 2025; file: code/data/france_tax/20250417-annexe-listing-des-taxes-concernees.xlsx; Cour Inventaire sheet id 28; Enjeu 2024",Cour low-yield-tax inventory id 28. Status: En vigueur entre 2019 et 2024. Objective: Rendement; payer: Particuliers; base: Capital. The Cour annex is an individual-tax inventory and may overlap with Eurostat grouped/aggregate NTL rows; do not sum both sources without reconciliation. English name is a descriptive label generated from the Cour structured fields; the Cour annex does not provide an official English legal title. No known or estimated 2024 yield in the Cour annex; cannot be area-sized without an estimate.
Contribution sociale de solidarité des sociétés,Social contributions of corporations,Eurostat national-tax-list line classified as ESA code D29H. Economic function: capital/stock of wealth.,5228000000,0.179047,"Eurostat, National Tax Lists - individual taxes, updated 22 Apr 2026; file: code/data/france_tax/eurostat_national_tax_lists_2025_2026-04-22.xlsx; FR sheet; STO D29H; DETAILS C02; 2024","Eurostat NTL covers general government plus EU institutions (S.13 + S.212), so local taxes are in scope."
Contribution sociale généralisée,Generalised social contribution (CSG),Eurostat national-tax-list line classified as ESA code D51M. Economic function: SPLIT1.,153131000000,5.244392,"Eurostat, National Tax Lists - individual taxes, updated 22 Apr 2026; file: code/data/france_tax/eurostat_national_tax_lists_2025_2026-04-22.xlsx; FR sheet; STO D51M; DETAILS C04; 2024","Eurostat NTL covers general government plus EU institutions (S.13 + S.212), so local taxes are in scope."
Contribution sociale sur les bénéfices des sociétés,Social contribution on corporations profits (CSB),Eurostat national-tax-list line classified as ESA code D51O. Economic function: corporate capital income.,1166000000,0.039933,"Eurostat, National Tax Lists - individual taxes, updated 22 Apr 2026; file: code/data/france_tax/eurostat_national_tax_lists_2025_2026-04-22.xlsx; FR sheet; STO D51O; DETAILS C06; 2024","Eurostat NTL covers general government plus EU institutions (S.13 + S.212), so local taxes are in scope."
Contribution sociale à la charge des fournisseurs agréés de produits de tabac,Low-yield behavioural incentive levy on production paid by businesses,Low-yield behavioural incentive levy on production paid by businesses. Collector: DGFiP. Beneficiary: Caisse nationale d'assurance-maladie (CNAM).,100151800,0.003430,"Cour des comptes, Les taxes a faible rendement, annex listing, Apr 2025; file: code/data/france_tax/20250417-annexe-listing-des-taxes-concernees.xlsx; Cour Inventaire sheet id 29; Enjeu 2019 uprated to 2024 using INSEE CPI",Cour low-yield-tax inventory id 29. Status: En vigueur entre 2019 et 2024. Objective: Incitation; payer: Entreprises; base: Production. The Cour annex is an individual-tax inventory and may overlap with Eurostat grouped/aggregate NTL rows; do not sum both sources without reconciliation. English name is a descriptive label generated from the Cour structured fields; the Cour annex does not provide an official English legal title. Cour Enjeu 2019: EUR 87.138m. No Cour Enjeu 2024 figure; revenue is an estimate from Cour Enjeu 2019 uprated to 2024 using INSEE annual-average CPI inflation for 2020-2024. CPI uprating factor used: 1.149347008.
Contribution spécifique pour le développement de la formation professionnelle initiale et continue dans les métiers des professions du bâtiment et des travaux publics,Low-yield market-failure correction levy on payroll paid by businesses,Low-yield market-failure correction levy on payroll paid by businesses. Collector: Comité de Concertation et de Coordination de l'Apprentissage du Bâtiment et des Travaux Publics (CCCA-BTP). Beneficiary: Comité de concertation et de coordination de l’apprentissage du bâtiment et des travaux publics (CCCA-BTP) / Opérateur de compétences (OPCO) Constructys.,128434801,0.004399,"Cour des comptes, Les taxes a faible rendement, annex listing, Apr 2025; file: code/data/france_tax/20250417-annexe-listing-des-taxes-concernees.xlsx; Cour Inventaire sheet id 31; Enjeu 2024","Cour low-yield-tax inventory id 31. Status: En vigueur entre 2019 et 2024. Objective: Correction défaillance marché; payer: Entreprises; base: Masse salariale. The Cour annex is an individual-tax inventory and may overlap with Eurostat grouped/aggregate NTL rows; do not sum both sources without reconciliation. English name is a descriptive label generated from the Cour structured fields; the Cour annex does not provide an official English legal title. Revenue is the Cour 'enjeu 2024' figure, in EUR after conversion from EUR millions."
Contribution spécifique à la formation professionnelle pour Saint Pierre et Miquelon,Low-yield market-failure correction levy on payroll paid by businesses,Low-yield market-failure correction levy on payroll paid by businesses. Collector: Collectivités territoriales. Beneficiary: France compétences.,344906,0.000012,"Cour des comptes, Les taxes a faible rendement, annex listing, Apr 2025; file: code/data/france_tax/20250417-annexe-listing-des-taxes-concernees.xlsx; Cour Inventaire sheet id 30; Enjeu 2024","Cour low-yield-tax inventory id 30. Status: En vigueur entre 2019 et 2024. Objective: Correction défaillance marché; payer: Entreprises; base: Masse salariale. The Cour annex is an individual-tax inventory and may overlap with Eurostat grouped/aggregate NTL rows; do not sum both sources without reconciliation. English name is a descriptive label generated from the Cour structured fields; the Cour annex does not provide an official English legal title. Revenue is the Cour 'enjeu 2024' figure, in EUR after conversion from EUR millions."
Contribution sur les avantages de préretraite d’entreprise,Low-yield behavioural incentive levy on payroll paid by businesses,Low-yield behavioural incentive levy on payroll paid by businesses. Collector: URSSAF. Beneficiary: Caisse nationale d'assurance-vieillesse (CNAV).,46000000,0.001575,"Cour des comptes, Les taxes a faible rendement, annex listing, Apr 2025; file: code/data/france_tax/20250417-annexe-listing-des-taxes-concernees.xlsx; Cour Inventaire sheet id 35; Enjeu 2024","Cour low-yield-tax inventory id 35. Status: En vigueur entre 2019 et 2024. Objective: Incitation; payer: Entreprises; base: Masse salariale. The Cour annex is an individual-tax inventory and may overlap with Eurostat grouped/aggregate NTL rows; do not sum both sources without reconciliation. English name is a descriptive label generated from the Cour structured fields; the Cour annex does not provide an official English legal title. Cour Enjeu 2019: EUR 80m. Revenue is the Cour 'enjeu 2024' figure, in EUR after conversion from EUR millions."
Contribution sur les boissons non alcooliques contenant des sucres ajoutés (ex-cotisation à la production sur les sucres),Low-yield budget-raising levy on production paid by businesses,Low-yield budget-raising levy on production paid by businesses. Collector: DGFiP. Beneficiary: Budget général.,,,"Cour des comptes, Les taxes a faible rendement, annex listing, Apr 2025; file: code/data/france_tax/20250417-annexe-listing-des-taxes-concernees.xlsx; Cour Inventaire sheet id 45; Enjeu 2024",Cour low-yield-tax inventory id 45. Status: En vigueur entre 2019 et 2024. Objective: Rendement; payer: Entreprises; base: Production. The Cour annex is an individual-tax inventory and may overlap with Eurostat grouped/aggregate NTL rows; do not sum both sources without reconciliation. English name is a descriptive label generated from the Cour structured fields; the Cour annex does not provide an official English legal title. No known or estimated 2024 yield in the Cour annex; cannot be area-sized without an estimate.
Contribution sur les indemnités de mise à la retraite,Low-yield behavioural incentive levy on payroll paid by businesses,Low-yield behavioural incentive levy on payroll paid by businesses. Collector: Urssaf. Beneficiary: Caisse nationale d'assurance-vieillesse (CNAV).,33806000,0.001158,"Cour des comptes, Les taxes a faible rendement, annex listing, Apr 2025; file: code/data/france_tax/20250417-annexe-listing-des-taxes-concernees.xlsx; Cour Inventaire sheet id 37; Enjeu 2024","Cour low-yield-tax inventory id 37. Status: En vigueur entre 2019 et 2024. Objective: Incitation; payer: Entreprises; base: Masse salariale. The Cour annex is an individual-tax inventory and may overlap with Eurostat grouped/aggregate NTL rows; do not sum both sources without reconciliation. English name is a descriptive label generated from the Cour structured fields; the Cour annex does not provide an official English legal title. Cour Enjeu 2019: EUR 34m. Revenue is the Cour 'enjeu 2024' figure, in EUR after conversion from EUR millions."
Contribution sur les mises jouées sur les paris sportifs de la Française des jeux et des nouveaux opérateurs,Low-yield behavioural incentive levy on consumption paid by individuals,Low-yield behavioural incentive levy on consumption paid by individuals. Collector: DGFiP. Beneficiary: Agence nationale du sport (ANS).,202732125,0.006943,"Cour des comptes, Les taxes a faible rendement, annex listing, Apr 2025; file: code/data/france_tax/20250417-annexe-listing-des-taxes-concernees.xlsx; Cour Inventaire sheet id 38; Enjeu 2024","Cour low-yield-tax inventory id 38. Status: En vigueur entre 2019 et 2024. Objective: Incitation; payer: Particuliers; base: Consommation. The Cour annex is an individual-tax inventory and may overlap with Eurostat grouped/aggregate NTL rows; do not sum both sources without reconciliation. English name is a descriptive label generated from the Cour structured fields; the Cour annex does not provide an official English legal title. Cour Enjeu 2019: EUR 139.913m. Revenue is the Cour 'enjeu 2024' figure, in EUR after conversion from EUR millions."
Contribution sur les rentes infra marginales (électricité),Contribution on electricity producers profit,Eurostat national-tax-list line classified as ESA code D29H. Economic function: capital/stock of wealth. Environmental/property tag: energy.,127000000,0.004349,"Eurostat, National Tax Lists - individual taxes, updated 22 Apr 2026; file: code/data/france_tax/eurostat_national_tax_lists_2025_2026-04-22.xlsx; FR sheet; STO D29H; DETAILS C05; 2024","Eurostat NTL covers general government plus EU institutions (S.13 + S.212), so local taxes are in scope."
Contribution temporaire de solidarité,Low-yield budget-raising levy on profits paid by businesses,Low-yield budget-raising levy on profits paid by businesses. Collector: DGFiP. Beneficiary: Budget général.,,,"Cour des comptes, Les taxes a faible rendement, annex listing, Apr 2025; file: code/data/france_tax/20250417-annexe-listing-des-taxes-concernees.xlsx; Cour Inventaire sheet id 41; Enjeu 2024",Cour low-yield-tax inventory id 41. Status: Créée entre 2019 et 2024. Objective: Rendement; payer: Entreprises; base: Bénéfice. The Cour annex is an individual-tax inventory and may overlap with Eurostat grouped/aggregate NTL rows; do not sum both sources without reconciliation. English name is a descriptive label generated from the Cour structured fields; the Cour annex does not provide an official English legal title. No known or estimated 2024 yield in the Cour annex; cannot be area-sized without an estimate.
Contribution vie étudiante et campus,Low-yield service-related levy on consumption paid by individuals,Low-yield service-related levy on consumption paid by individuals. Collector: Centre régional des œuvres universitaires et scolaires (CROUS). Beneficiary: Etablissements publics d'enseignement supérieur / Etablissements d'enseignement supérieur privés d'intérêt général / Centres régionaux des œuvres universitaires et scolaires (CROUS).,172151700,0.005896,"Cour des comptes, Les taxes a faible rendement, annex listing, Apr 2025; file: code/data/france_tax/20250417-annexe-listing-des-taxes-concernees.xlsx; Cour Inventaire sheet id 42; Enjeu 2024","Cour low-yield-tax inventory id 42. Status: En vigueur entre 2019 et 2024. Objective: Service rendu; payer: Particuliers; base: Consommation. The Cour annex is an individual-tax inventory and may overlap with Eurostat grouped/aggregate NTL rows; do not sum both sources without reconciliation. English name is a descriptive label generated from the Cour structured fields; the Cour annex does not provide an official English legal title. Cour Enjeu 2019: EUR 138.5m. Revenue is the Cour 'enjeu 2024' figure, in EUR after conversion from EUR millions."
Contribution à la charge des laboratoires pharmaceutiques non conventionnés avec le comité économique des produits de santé,Low-yield budget-raising levy on production paid by businesses,Low-yield budget-raising levy on production paid by businesses. Collector: ACOSS. Beneficiary: Caisse nationale d'assurance-maladie (CNAM).,,,"Cour des comptes, Les taxes a faible rendement, annex listing, Apr 2025; file: code/data/france_tax/20250417-annexe-listing-des-taxes-concernees.xlsx; Cour Inventaire sheet id 4; Enjeu 2024",Cour low-yield-tax inventory id 4. Status: En vigueur entre 2019 et 2024. Objective: Rendement; payer: Entreprises; base: Production. The Cour annex is an individual-tax inventory and may overlap with Eurostat grouped/aggregate NTL rows; do not sum both sources without reconciliation. English name is a descriptive label generated from the Cour structured fields; the Cour annex does not provide an official English legal title. No known or estimated 2024 yield in the Cour annex; cannot be area-sized without an estimate.
Contribution équivalente aux droits de plaidoirie,Low-yield budget-raising levy on consumption paid by individuals,Low-yield budget-raising levy on consumption paid by individuals. Collector: Conseil National des Barreaux (CNB). Beneficiary: Caisse nationale des barreaux français (CNBF).,93097108,0.003188,"Cour des comptes, Les taxes a faible rendement, annex listing, Apr 2025; file: code/data/france_tax/20250417-annexe-listing-des-taxes-concernees.xlsx; Cour Inventaire sheet id 23; Enjeu 2019 uprated to 2024 using INSEE CPI",Cour low-yield-tax inventory id 23. Status: En vigueur entre 2019 et 2024. Objective: Rendement; payer: Particuliers; base: Consommation. The Cour annex is an individual-tax inventory and may overlap with Eurostat grouped/aggregate NTL rows; do not sum both sources without reconciliation. English name is a descriptive label generated from the Cour structured fields; the Cour annex does not provide an official English legal title. Cour Enjeu 2019: EUR 81m. No Cour Enjeu 2024 figure; revenue is an estimate from Cour Enjeu 2019 uprated to 2024 using INSEE annual-average CPI inflation for 2020-2024. CPI uprating factor used: 1.149347008.
Contributions des entreprises à la formation professionnelle et à l'apprentissage,Contributions to vocational training and apprenticeship,Eurostat national-tax-list line classified as ESA code D29C. Economic function: employer labour.,11359000000,0.389020,"Eurostat, National Tax Lists - individual taxes, updated 22 Apr 2026; file: code/data/france_tax/eurostat_national_tax_lists_2025_2026-04-22.xlsx; FR sheet; STO D29C; DETAILS C02; 2024","Eurostat NTL covers general government plus EU institutions (S.13 + S.212), so local taxes are in scope."
Contributions sociales sur les produits des jeux des casinos,Low-yield behavioural incentive levy on consumption paid by individuals,Low-yield behavioural incentive levy on consumption paid by individuals. Collector: DGFiP. Beneficiary: Organismes de sécurité sociale.,,,"Cour des comptes, Les taxes a faible rendement, annex listing, Apr 2025; file: code/data/france_tax/20250417-annexe-listing-des-taxes-concernees.xlsx; Cour Inventaire sheet id 43; Enjeu 2024",Cour low-yield-tax inventory id 43. Status: En vigueur entre 2019 et 2024. Objective: Incitation; payer: Particuliers; base: Consommation. The Cour annex is an individual-tax inventory and may overlap with Eurostat grouped/aggregate NTL rows; do not sum both sources without reconciliation. English name is a descriptive label generated from the Cour structured fields; the Cour annex does not provide an official English legal title. No known or estimated 2024 yield in the Cour annex; cannot be area-sized without an estimate.
Contributions sur les loyers immobiliers,Contributions on real-estate rents,Eurostat national-tax-list line classified as ESA code D214H. Economic function: consumption.,511000000,0.017501,"Eurostat, National Tax Lists - individual taxes, updated 22 Apr 2026; file: code/data/france_tax/eurostat_national_tax_lists_2025_2026-04-22.xlsx; FR sheet; STO D214H; DETAILS C04; 2024","Eurostat NTL covers general government plus EU institutions (S.13 + S.212), so local taxes are in scope."
Contributions versées par la SNCF au titre des frais de surveillance et de contrôle des chemins de fer,Low-yield service-related levy on production paid by businesses,Low-yield service-related levy on production paid by businesses. Collector: Ministère de la transition écologique et de la cohésion des territoires. Beneficiary: Budget général.,,,"Cour des comptes, Les taxes a faible rendement, annex listing, Apr 2025; file: code/data/france_tax/20250417-annexe-listing-des-taxes-concernees.xlsx; Cour Inventaire sheet id 44; Enjeu 2024",Cour low-yield-tax inventory id 44. Status: En vigueur entre 2019 et 2024. Objective: Service rendu; payer: Entreprises; base: Production. The Cour annex is an individual-tax inventory and may overlap with Eurostat grouped/aggregate NTL rows; do not sum both sources without reconciliation. English name is a descriptive label generated from the Cour structured fields; the Cour annex does not provide an official English legal title. No known or estimated 2024 yield in the Cour annex; cannot be area-sized without an estimate.
Cotisation additionnelle versée par les organismes HLM et les SEM,Low-yield market-failure correction levy on profits paid by businesses,Low-yield market-failure correction levy on profits paid by businesses. Collector: Caisse de garantie du logement locatif social (CGLLS). Beneficiary: Caisse de garantie du logement locatif social (CGLLS).,87906657,0.003011,"Cour des comptes, Les taxes a faible rendement, annex listing, Apr 2025; file: code/data/france_tax/20250417-annexe-listing-des-taxes-concernees.xlsx; Cour Inventaire sheet id 46; Enjeu 2019 uprated to 2024 using INSEE CPI",Cour low-yield-tax inventory id 46. Status: En vigueur entre 2019 et 2024. Objective: Correction défaillance marché; payer: Entreprises; base: Bénéfice. The Cour annex is an individual-tax inventory and may overlap with Eurostat grouped/aggregate NTL rows; do not sum both sources without reconciliation. English name is a descriptive label generated from the Cour structured fields; the Cour annex does not provide an official English legal title. Cour Enjeu 2019: EUR 76.484m. No Cour Enjeu 2024 figure; revenue is an estimate from Cour Enjeu 2019 uprated to 2024 using INSEE annual-average CPI inflation for 2020-2024. CPI uprating factor used: 1.149347008.
Cotisation au profit des caisses d’assurances d’accidents agricoles d’Alsace-Moselle,Low-yield market-failure correction levy on capital paid by businesses,Low-yield market-failure correction levy on capital paid by businesses. Collector: DGFiP. Beneficiary: Caisses d'assurances d'accidents agricoles (CAAA) d'Alsace-Moselle.,2298694,0.000079,"Cour des comptes, Les taxes a faible rendement, annex listing, Apr 2025; file: code/data/france_tax/20250417-annexe-listing-des-taxes-concernees.xlsx; Cour Inventaire sheet id 47; Enjeu 2019 uprated to 2024 using INSEE CPI",Cour low-yield-tax inventory id 47. Status: En vigueur entre 2019 et 2024. Objective: Correction défaillance marché; payer: Entreprises; base: Capital. The Cour annex is an individual-tax inventory and may overlap with Eurostat grouped/aggregate NTL rows; do not sum both sources without reconciliation. English name is a descriptive label generated from the Cour structured fields; the Cour annex does not provide an official English legal title. Cour Enjeu 2019: EUR 2m. No Cour Enjeu 2024 figure; revenue is an estimate from Cour Enjeu 2019 uprated to 2024 using INSEE annual-average CPI inflation for 2020-2024. CPI uprating factor used: 1.149347008.
Cotisation BTP intempéries,Low-yield market-failure correction levy on payroll paid by businesses,Low-yield market-failure correction levy on payroll paid by businesses. Collector: URSSAF. Beneficiary: Union des caisses de France (UCF CIBTP).,128325577,0.004395,"Cour des comptes, Les taxes a faible rendement, annex listing, Apr 2025; file: code/data/france_tax/20250417-annexe-listing-des-taxes-concernees.xlsx; Cour Inventaire sheet id 48; Enjeu 2024","Cour low-yield-tax inventory id 48. Status: En vigueur entre 2019 et 2024. Objective: Correction défaillance marché; payer: Entreprises; base: Masse salariale. The Cour annex is an individual-tax inventory and may overlap with Eurostat grouped/aggregate NTL rows; do not sum both sources without reconciliation. English name is a descriptive label generated from the Cour structured fields; the Cour annex does not provide an official English legal title. Cour Enjeu 2019: EUR 128.326m. Revenue is the Cour 'enjeu 2024' figure, in EUR after conversion from EUR millions."
Cotisation des entreprises cinématographiques au profit du CNC (Centre national du cinéma),Movie-making corporations contributions to the CNC,Eurostat national-tax-list line classified as ESA code D214E. Economic function: consumption.,708000000,0.024247,"Eurostat, National Tax Lists - individual taxes, updated 22 Apr 2026; file: code/data/france_tax/eurostat_national_tax_lists_2025_2026-04-22.xlsx; FR sheet; STO D214E; DETAILS C03; 2024","Eurostat NTL covers general government plus EU institutions (S.13 + S.212), so local taxes are in scope."
Cotisation foncière des entreprises,Property contributions of the corporations,Eurostat national-tax-list line classified as ESA code D29A. Economic function: capital/stock of wealth. Environmental/property tag: recurrent immovable property.,7708000000,0.263982,"Eurostat, National Tax Lists - individual taxes, updated 22 Apr 2026; file: code/data/france_tax/eurostat_national_tax_lists_2025_2026-04-22.xlsx; FR sheet; STO D29A; DETAILS C06; 2024","Eurostat NTL covers general government plus EU institutions (S.13 + S.212), so local taxes are in scope."
Cotisation patronale pour le FNAL (Fonds national d'aide au logement),Taxes benefitting to the national fund for housing (FNAL),Eurostat national-tax-list line classified as ESA code D29C. Economic function: employer labour.,2935000000,0.100517,"Eurostat, National Tax Lists - individual taxes, updated 22 Apr 2026; file: code/data/france_tax/eurostat_national_tax_lists_2025_2026-04-22.xlsx; FR sheet; STO D29C; DETAILS C06; 2024","Eurostat NTL covers general government plus EU institutions (S.13 + S.212), so local taxes are in scope."
Cotisation sur la valeur ajoutée des entreprises - Part sur le capital,Contributions on the value added of the corporations - Tax on capital,Eurostat national-tax-list line classified as ESA code D29A. Economic function: corporate capital income. Environmental/property tag: recurrent immovable property.,1237000000,0.042364,"Eurostat, National Tax Lists - individual taxes, updated 22 Apr 2026; file: code/data/france_tax/eurostat_national_tax_lists_2025_2026-04-22.xlsx; FR sheet; STO D29A; DETAILS C09; 2024","Eurostat NTL covers general government plus EU institutions (S.13 + S.212), so local taxes are in scope."
Cotisation sur la valeur ajoutée des entreprises - Part sur les salaires,Contributions on the value added of the corporations - Tax on wages,Eurostat national-tax-list line classified as ESA code D29A. Economic function: employer labour. Environmental/property tag: recurrent immovable property.,2630000000,0.090072,"Eurostat, National Tax Lists - individual taxes, updated 22 Apr 2026; file: code/data/france_tax/eurostat_national_tax_lists_2025_2026-04-22.xlsx; FR sheet; STO D29A; DETAILS C08; 2024","Eurostat NTL covers general government plus EU institutions (S.13 + S.212), so local taxes are in scope."
Cotisation versée par les organismes HLM,Low-yield market-failure correction levy on production paid by businesses,Low-yield market-failure correction levy on production paid by businesses. Collector: Caisse de garantie du logement locatif social (CGLLS). Beneficiary: Agence nationale de contrôle du logement social (ANCOLS).,11334000,0.000388,"Cour des comptes, Les taxes a faible rendement, annex listing, Apr 2025; file: code/data/france_tax/20250417-annexe-listing-des-taxes-concernees.xlsx; Cour Inventaire sheet id 52; Enjeu 2024","Cour low-yield-tax inventory id 52. Status: En vigueur entre 2019 et 2024. Objective: Correction défaillance marché; payer: Entreprises; base: Production. The Cour annex is an individual-tax inventory and may overlap with Eurostat grouped/aggregate NTL rows; do not sum both sources without reconciliation. English name is a descriptive label generated from the Cour structured fields; the Cour annex does not provide an official English legal title. Cour Enjeu 2019: EUR 11.334m. Revenue is the Cour 'enjeu 2024' figure, in EUR after conversion from EUR millions."
Cotisations perçues au titre de la participation des employeurs à l'effort de construction,Low-yield behavioural incentive levy on payroll paid by businesses,Low-yield behavioural incentive levy on payroll paid by businesses. Collector: Action Logement. Beneficiary: Budget général.,26423163,0.000905,"Cour des comptes, Les taxes a faible rendement, annex listing, Apr 2025; file: code/data/france_tax/20250417-annexe-listing-des-taxes-concernees.xlsx; Cour Inventaire sheet id 54; Enjeu 2024","Cour low-yield-tax inventory id 54. Status: En vigueur entre 2019 et 2024. Objective: Incitation; payer: Entreprises; base: Masse salariale. The Cour annex is an individual-tax inventory and may overlap with Eurostat grouped/aggregate NTL rows; do not sum both sources without reconciliation. English name is a descriptive label generated from the Cour structured fields; the Cour annex does not provide an official English legal title. Cour Enjeu 2019: EUR 31.796m. Revenue is the Cour 'enjeu 2024' figure, in EUR after conversion from EUR millions."
Cotisations sociales effectives obligatoires à la charge des employeurs,Compulsory employers' actual social contributions,Eurostat national-tax-list line classified as ESA code D611C.,293148000000,10.039659,"Eurostat, National Tax Lists - individual taxes, updated 22 Apr 2026; file: code/data/france_tax/eurostat_national_tax_lists_2025_2026-04-22.xlsx; FR sheet; STO D611C; DETAILS _T; 2024","Social-contribution component retained because Eurostat does not provide a lower French national-tax-list split. Eurostat NTL covers general government plus EU institutions (S.13 + S.212), so local taxes are in scope."
Cotisations sociales effectives obligatoires à la charge des personnes n'occupant pas d'emploi,Compulsory actual social contributions by the non-employed (1),Eurostat national-tax-list line classified as ESA code D613CN.,3872000000,0.132607,"Eurostat, National Tax Lists - individual taxes, updated 22 Apr 2026; file: code/data/france_tax/eurostat_national_tax_lists_2025_2026-04-22.xlsx; FR sheet; STO D613CN; DETAILS _T; 2024","Social-contribution component retained because Eurostat does not provide a lower French national-tax-list split. Eurostat NTL covers general government plus EU institutions (S.13 + S.212), so local taxes are in scope."
Cotisations sociales effectives obligatoires à la charge des salariés,Compulsory employees' actual social contributions,Eurostat national-tax-list line classified as ESA code D613CE.,104256000000,3.570533,"Eurostat, National Tax Lists - individual taxes, updated 22 Apr 2026; file: code/data/france_tax/eurostat_national_tax_lists_2025_2026-04-22.xlsx; FR sheet; STO D613CE; DETAILS _T; 2024","Social-contribution component retained because Eurostat does not provide a lower French national-tax-list split. Eurostat NTL covers general government plus EU institutions (S.13 + S.212), so local taxes are in scope."
Cotisations sociales effectives obligatoires à la charge des travailleurs indépendants,Compulsory actual social contributions by the self-employed (1),Eurostat national-tax-list line classified as ESA code D613CS.,28779000000,0.985616,"Eurostat, National Tax Lists - individual taxes, updated 22 Apr 2026; file: code/data/france_tax/eurostat_national_tax_lists_2025_2026-04-22.xlsx; FR sheet; STO D613CS; DETAILS _T; 2024","Social-contribution component retained because Eurostat does not provide a lower French national-tax-list split. Eurostat NTL covers general government plus EU institutions (S.13 + S.212), so local taxes are in scope."
Cotisations sociales effectives volontaires des ménages,Voluntary households' actual social contributions,Eurostat national-tax-list line classified as ESA code D613V.,1010000000,0.034590,"Eurostat, National Tax Lists - individual taxes, updated 22 Apr 2026; file: code/data/france_tax/eurostat_national_tax_lists_2025_2026-04-22.xlsx; FR sheet; STO D613V; DETAILS _T; 2024","Social-contribution component retained because Eurostat does not provide a lower French national-tax-list split. Eurostat NTL covers general government plus EU institutions (S.13 + S.212), so local taxes are in scope."
Cotisations sociales imputées à la charge des employeurs,Employers' imputed social contributions,Eurostat national-tax-list line classified as ESA code D612.,51216000000,1.754033,"Eurostat, National Tax Lists - individual taxes, updated 22 Apr 2026; file: code/data/france_tax/eurostat_national_tax_lists_2025_2026-04-22.xlsx; FR sheet; STO D612; DETAILS _T; 2024","Social-contribution component retained because Eurostat does not provide a lower French national-tax-list split. Eurostat NTL covers general government plus EU institutions (S.13 + S.212), so local taxes are in scope."
Cotisations sur primes d'assurance,Specific tax on insurance policies,Eurostat national-tax-list line classified as ESA code D214G. Economic function: consumption.,1728000000,0.059180,"Eurostat, National Tax Lists - individual taxes, updated 22 Apr 2026; file: code/data/france_tax/eurostat_national_tax_lists_2025_2026-04-22.xlsx; FR sheet; STO D214G; DETAILS C02; 2024","Eurostat NTL covers general government plus EU institutions (S.13 + S.212), so local taxes are in scope."
CRDS sur le produit des jeux dans les casinos flottants,Low-yield behavioural incentive levy on consumption paid by individuals,Low-yield behavioural incentive levy on consumption paid by individuals. Collector: DGFiP. Beneficiary: Caisse d'amortissement de la dette sociale (CADES).,,,"Cour des comptes, Les taxes a faible rendement, annex listing, Apr 2025; file: code/data/france_tax/20250417-annexe-listing-des-taxes-concernees.xlsx; Cour Inventaire sheet id 55; Enjeu 2024",Cour low-yield-tax inventory id 55. Status: En vigueur entre 2019 et 2024. Objective: Incitation; payer: Particuliers; base: Consommation. The Cour annex is an individual-tax inventory and may overlap with Eurostat grouped/aggregate NTL rows; do not sum both sources without reconciliation. English name is a descriptive label generated from the Cour structured fields; the Cour annex does not provide an official English legal title. No known or estimated 2024 yield in the Cour annex; cannot be area-sized without an estimate.
CRDS sur ventes de métaux ou objets précieux,Low-yield budget-raising levy on production paid by individuals,Low-yield budget-raising levy on production paid by individuals. Collector: DGFiP / DGDDI (exportation). Beneficiary: Caisse d'amortissement de la dette sociale (CADES).,,,"Cour des comptes, Les taxes a faible rendement, annex listing, Apr 2025; file: code/data/france_tax/20250417-annexe-listing-des-taxes-concernees.xlsx; Cour Inventaire sheet id 56; Enjeu 2024",Cour low-yield-tax inventory id 56. Status: En vigueur entre 2019 et 2024. Objective: Rendement; payer: Particuliers; base: Production. The Cour annex is an individual-tax inventory and may overlap with Eurostat grouped/aggregate NTL rows; do not sum both sources without reconciliation. English name is a descriptive label generated from the Cour structured fields; the Cour annex does not provide an official English legal title. No known or estimated 2024 yield in the Cour annex; cannot be area-sized without an estimate.
Droit affecté au fonds d’indemnisation de la profession d’avoués près les cours d’appel,Low-yield market-failure correction levy on production paid by businesses,Low-yield market-failure correction levy on production paid by businesses. Collector: Ministère de la justice. Beneficiary: Fonds d'indemnisation de la profession d'avoués près des cours d'appel.,28900000,0.000990,"Cour des comptes, Les taxes a faible rendement, annex listing, Apr 2025; file: code/data/france_tax/20250417-annexe-listing-des-taxes-concernees.xlsx; Cour Inventaire sheet id 57; Enjeu 2024","Cour low-yield-tax inventory id 57. Status: En vigueur entre 2019 et 2024. Objective: Correction défaillance marché; payer: Entreprises; base: Production. The Cour annex is an individual-tax inventory and may overlap with Eurostat grouped/aggregate NTL rows; do not sum both sources without reconciliation. English name is a descriptive label generated from the Cour structured fields; the Cour annex does not provide an official English legal title. Cour Enjeu 2019: EUR 29.3m. Revenue is the Cour 'enjeu 2024' figure, in EUR after conversion from EUR millions."
Droit annuel de francisation et de navigation,Gallicisation and navigation annual right (DAFN),Eurostat national-tax-list line classified as ESA code D59D. Economic function: consumption. Environmental/property tag: transport.,44000000,0.001507,"Eurostat, National Tax Lists - individual taxes, updated 22 Apr 2026; file: code/data/france_tax/eurostat_national_tax_lists_2025_2026-04-22.xlsx; FR sheet; STO D59D; DETAILS C02; 2024","Eurostat NTL covers general government plus EU institutions (S.13 + S.212), so local taxes are in scope."
Droit annuel de francisation et de navigation en Corse ; Droit de passeport en Corse,Low-yield service-related levy on capital paid by individuals,Low-yield service-related levy on capital paid by individuals. Collector: DGFiP. Beneficiary: Collectivité territoriale de Corse.,3968559,0.000136,"Cour des comptes, Les taxes a faible rendement, annex listing, Apr 2025; file: code/data/france_tax/20250417-annexe-listing-des-taxes-concernees.xlsx; Cour Inventaire sheet id 58; Enjeu 2024","Cour low-yield-tax inventory id 58. Status: En vigueur entre 2019 et 2024. Objective: Service rendu; payer: Particuliers; base: Capital. The Cour annex is an individual-tax inventory and may overlap with Eurostat grouped/aggregate NTL rows; do not sum both sources without reconciliation. English name is a descriptive label generated from the Cour structured fields; the Cour annex does not provide an official English legal title. Cour Enjeu 2019: EUR 4.567m. Revenue is the Cour 'enjeu 2024' figure, in EUR after conversion from EUR millions."
Droit d'examen du permis de chasse,Low-yield service-related levy on consumption paid by individuals,"Low-yield service-related levy on consumption paid by individuals. Collector: DGDDI. Beneficiary: Office français de la biodiversité (OFB), anciennement ONCFS.",600000,0.000021,"Cour des comptes, Les taxes a faible rendement, annex listing, Apr 2025; file: code/data/france_tax/20250417-annexe-listing-des-taxes-concernees.xlsx; Cour Inventaire sheet id 72; Enjeu 2024","Cour low-yield-tax inventory id 72. Status: En vigueur entre 2019 et 2024. Objective: Service rendu; payer: Particuliers; base: Consommation. The Cour annex is an individual-tax inventory and may overlap with Eurostat grouped/aggregate NTL rows; do not sum both sources without reconciliation. English name is a descriptive label generated from the Cour structured fields; the Cour annex does not provide an official English legal title. Cour Enjeu 2019: EUR 0.543m. Revenue is the Cour 'enjeu 2024' figure, in EUR after conversion from EUR millions."
Droit de licence sur la rémunération des débitants de tabac,Low-yield behavioural incentive levy on production paid by businesses,Low-yield behavioural incentive levy on production paid by businesses. Collector: DGDDI. Beneficiary: Caisse nationale d'assurance-maladie (CNAM).,360118595,0.012333,"Projet de loi de finances 2025, Voies et moyens tome 1, liste des taxes affectees; file: code/data/france_tax/plf2025_voies_moyens_taxes_affectees.xls; Cour Inventaire sheet id 64; execution 2024, tax label: Droit de licence sur la rémunération des débitants de tabacs","Cour low-yield-tax inventory id 64. Status: En vigueur entre 2019 et 2024. Objective: Incitation; payer: Entreprises; base: Production. The Cour annex is an individual-tax inventory and may overlap with Eurostat grouped/aggregate NTL rows; do not sum both sources without reconciliation. English name is a descriptive label generated from the Cour structured fields; the Cour annex does not provide an official English legal title. No Cour Enjeu 2024 figure; revenue uses an exact 2024 execution amount from execution 2024, tax label: Droit de licence sur la rémunération des débitants de tabacs."
"Droit de timbre sur les demandes de naturalisation, les demandes de réintégration dans la nationalité française et les déclarations d'acquisition de la nationalité en raison du mariage",Low-yield service-related levy on consumption paid by individuals,Low-yield service-related levy on consumption paid by individuals. Collector: Ministère de l'intérieur. Beneficiary: Office français de l'immigration et de l'intégration (OFII).,,,"Cour des comptes, Les taxes a faible rendement, annex listing, Apr 2025; file: code/data/france_tax/20250417-annexe-listing-des-taxes-concernees.xlsx; Cour Inventaire sheet id 68; Enjeu 2024",Cour low-yield-tax inventory id 68. Status: En vigueur entre 2019 et 2024. Objective: Service rendu; payer: Particuliers; base: Consommation. The Cour annex is an individual-tax inventory and may overlap with Eurostat grouped/aggregate NTL rows; do not sum both sources without reconciliation. English name is a descriptive label generated from the Cour structured fields; the Cour annex does not provide an official English legal title. No known or estimated 2024 yield in the Cour annex; cannot be area-sized without an estimate.
Droit de validation du permis de chasse,Low-yield service-related levy on consumption paid by individuals,"Low-yield service-related levy on consumption paid by individuals. Collector: Office français de la biodiversité (OFB), anciennement ONCFS. Beneficiary: Office français de la biodiversité (OFB), anciennement ONCFS.",5900748,0.000202,"Cour des comptes, Les taxes a faible rendement, annex listing, Apr 2025; file: code/data/france_tax/20250417-annexe-listing-des-taxes-concernees.xlsx; Cour Inventaire sheet id 69; Enjeu 2019 uprated to 2024 using INSEE CPI",Cour low-yield-tax inventory id 69. Status: En vigueur entre 2019 et 2024. Objective: Service rendu; payer: Particuliers; base: Consommation. The Cour annex is an individual-tax inventory and may overlap with Eurostat grouped/aggregate NTL rows; do not sum both sources without reconciliation. English name is a descriptive label generated from the Cour structured fields; the Cour annex does not provide an official English legal title. Cour Enjeu 2019: EUR 5.134m. No Cour Enjeu 2024 figure; revenue is an estimate from Cour Enjeu 2019 uprated to 2024 using INSEE annual-average CPI inflation for 2020-2024. CPI uprating factor used: 1.149347008.
"Droit de visa de régularisation, taxe de renouvellement du titre de séjour, taxe applicable aux documents de circulation pour étrangers mineurs et taxe perçue à l'occasion de la délivrance du premier titre de séjour (et titre de 10 ans)",Low-yield service-related levy on consumption paid by individuals,Low-yield service-related levy on consumption paid by individuals. Collector: DGFiP. Beneficiary: Office français de l'immigration et de l'intégration (OFII).,,,"Cour des comptes, Les taxes a faible rendement, annex listing, Apr 2025; file: code/data/france_tax/20250417-annexe-listing-des-taxes-concernees.xlsx; Cour Inventaire sheet id 70; Enjeu 2024",Cour low-yield-tax inventory id 70. Status: En vigueur entre 2019 et 2024. Objective: Service rendu; payer: Particuliers; base: Consommation. The Cour annex is an individual-tax inventory and may overlap with Eurostat grouped/aggregate NTL rows; do not sum both sources without reconciliation. English name is a descriptive label generated from the Cour structured fields; the Cour annex does not provide an official English legal title. No known or estimated 2024 yield in the Cour annex; cannot be area-sized without an estimate.
Droit départemental de passage sur les ouvrages d'art reliant le continent aux îles maritimes,Low-yield service-related levy on consumption paid by individuals,Low-yield service-related levy on consumption paid by individuals. Collector: Exploitants d'ouvrages d'art reliant le continent aux îles maritimes. Beneficiary: Départements.,47739358,0.001635,"Cour des comptes, Les taxes a faible rendement, annex listing, Apr 2025; file: code/data/france_tax/20250417-annexe-listing-des-taxes-concernees.xlsx; Cour Inventaire sheet id 71; Enjeu 2024","Cour low-yield-tax inventory id 71. Status: En vigueur entre 2019 et 2024. Objective: Service rendu; payer: Particuliers; base: Consommation. The Cour annex is an individual-tax inventory and may overlap with Eurostat grouped/aggregate NTL rows; do not sum both sources without reconciliation. English name is a descriptive label generated from the Cour structured fields; the Cour annex does not provide an official English legal title. Cour Enjeu 2019: EUR 45.378m. Revenue is the Cour 'enjeu 2024' figure, in EUR after conversion from EUR millions."
Droit et contribution pour frais de contrôle,Low-yield service-related levy on production paid by businesses,Low-yield service-related levy on production paid by businesses. Collector: Autorité des marchés financiers (AMF). Beneficiary: Autorité des marchés financiers (AMF).,132389000,0.004534,"Cour des comptes, Les taxes a faible rendement, annex listing, Apr 2025; file: code/data/france_tax/20250417-annexe-listing-des-taxes-concernees.xlsx; Cour Inventaire sheet id 75; Enjeu 2024","Cour low-yield-tax inventory id 75. Status: En vigueur entre 2019 et 2024. Objective: Service rendu; payer: Entreprises; base: Production. The Cour annex is an individual-tax inventory and may overlap with Eurostat grouped/aggregate NTL rows; do not sum both sources without reconciliation. English name is a descriptive label generated from the Cour structured fields; the Cour annex does not provide an official English legal title. Cour Enjeu 2019: EUR 107.791m. Revenue is the Cour 'enjeu 2024' figure, in EUR after conversion from EUR millions."
Droit progressif sur l'enregistrement des produits homéopathiques,Low-yield service-related levy on production paid by businesses,Low-yield service-related levy on production paid by businesses. Collector: Agence nationale de sécurité du médicament et des produits de santé (ANSM). Beneficiary: Caisse nationale d'assurance-maladie (CNAM).,,,"Cour des comptes, Les taxes a faible rendement, annex listing, Apr 2025; file: code/data/france_tax/20250417-annexe-listing-des-taxes-concernees.xlsx; Cour Inventaire sheet id 77; Enjeu 2024",Cour low-yield-tax inventory id 77. Status: En vigueur entre 2019 et 2024. Objective: Service rendu; payer: Entreprises; base: Production. The Cour annex is an individual-tax inventory and may overlap with Eurostat grouped/aggregate NTL rows; do not sum both sources without reconciliation. English name is a descriptive label generated from the Cour structured fields; the Cour annex does not provide an official English legal title. No known or estimated 2024 yield in the Cour annex; cannot be area-sized without an estimate.
Droit progressif sur les demandes d'autorisation de mise sur le marché de médicaments,Low-yield service-related levy on production paid by businesses,Low-yield service-related levy on production paid by businesses. Collector: Agence nationale de sécurité du médicament et des produits de santé (ANSM). Beneficiary: Caisse nationale d'assurance-maladie (CNAM).,,,"Cour des comptes, Les taxes a faible rendement, annex listing, Apr 2025; file: code/data/france_tax/20250417-annexe-listing-des-taxes-concernees.xlsx; Cour Inventaire sheet id 78; Enjeu 2024",Cour low-yield-tax inventory id 78. Status: En vigueur entre 2019 et 2024. Objective: Service rendu; payer: Entreprises; base: Production. The Cour annex is an individual-tax inventory and may overlap with Eurostat grouped/aggregate NTL rows; do not sum both sources without reconciliation. English name is a descriptive label generated from the Cour structured fields; the Cour annex does not provide an official English legal title. No known or estimated 2024 yield in the Cour annex; cannot be area-sized without an estimate.
Droit sur les inspections menées en vue de la délivrance d'un certificat de conformité,Low-yield service-related levy on consumption paid by businesses,Low-yield service-related levy on consumption paid by businesses. Collector: DGDDI. Beneficiary: Caisse nationale d'assurance-maladie (CNAM).,,,"Cour des comptes, Les taxes a faible rendement, annex listing, Apr 2025; file: code/data/france_tax/20250417-annexe-listing-des-taxes-concernees.xlsx; Cour Inventaire sheet id 79; Enjeu 2024",Cour low-yield-tax inventory id 79. Status: En vigueur entre 2019 et 2024. Objective: Service rendu; payer: Entreprises; base: Consommation. The Cour annex is an individual-tax inventory and may overlap with Eurostat grouped/aggregate NTL rows; do not sum both sources without reconciliation. English name is a descriptive label generated from the Cour structured fields; the Cour annex does not provide an official English legal title. No known or estimated 2024 yield in the Cour annex; cannot be area-sized without an estimate.
Droit sur les produits bénéficiant d'une appellation d'origine ou d'une indication géographique protégée (INAO),Low-yield service-related levy on production paid by businesses,Low-yield service-related levy on production paid by businesses. Collector: Institut national de l'origine et de la qualité (INAO). Beneficiary: Institut national de l'origine et de la qualité (INAO).,6800000,0.000233,"Cour des comptes, Les taxes a faible rendement, annex listing, Apr 2025; file: code/data/france_tax/20250417-annexe-listing-des-taxes-concernees.xlsx; Cour Inventaire sheet id 80; Enjeu 2024","Cour low-yield-tax inventory id 80. Status: En vigueur entre 2019 et 2024. Objective: Service rendu; payer: Entreprises; base: Production. The Cour annex is an individual-tax inventory and may overlap with Eurostat grouped/aggregate NTL rows; do not sum both sources without reconciliation. English name is a descriptive label generated from the Cour structured fields; the Cour annex does not provide an official English legal title. Cour Enjeu 2019: EUR 6.95m. Revenue is the Cour 'enjeu 2024' figure, in EUR after conversion from EUR millions."
Droits assimilés au droit d'octroi de mer sur les rhums et spiritueux à base d'alcool de cru,Low-yield behavioural incentive levy on production paid by businesses,Low-yield behavioural incentive levy on production paid by businesses. Collector: DGDDI. Beneficiary: Collectivités territoriales de l'outre-mer.,4060304,0.000139,"Cour des comptes, Les taxes a faible rendement, annex listing, Apr 2025; file: code/data/france_tax/20250417-annexe-listing-des-taxes-concernees.xlsx; Cour Inventaire sheet id 81; Enjeu 2024","Cour low-yield-tax inventory id 81. Status: En vigueur entre 2019 et 2024. Objective: Incitation; payer: Entreprises; base: Production. The Cour annex is an individual-tax inventory and may overlap with Eurostat grouped/aggregate NTL rows; do not sum both sources without reconciliation. English name is a descriptive label generated from the Cour structured fields; the Cour annex does not provide an official English legal title. Cour Enjeu 2019: EUR 4.093m. Revenue is the Cour 'enjeu 2024' figure, in EUR after conversion from EUR millions."
Droits d'enregistrement (y compris taxe additionnelle),Registration taxes (additional tax),Eurostat national-tax-list line classified as ESA code D214C. Economic function: capital/stock of wealth. Environmental/property tag: other property.,14663000000,0.502175,"Eurostat, National Tax Lists - individual taxes, updated 22 Apr 2026; file: code/data/france_tax/eurostat_national_tax_lists_2025_2026-04-22.xlsx; FR sheet; STO D214C; DETAILS C01; 2024","Eurostat NTL covers general government plus EU institutions (S.13 + S.212), so local taxes are in scope."
Droits d'enregistrement sur les mutations de jouissance (baux d'immeubles et commerciaux à durée limitée),Low-yield service-related levy on capital paid by individuals,Low-yield service-related levy on capital paid by individuals. Collector: DGFiP. Beneficiary: Budget général.,,,"Cour des comptes, Les taxes a faible rendement, annex listing, Apr 2025; file: code/data/france_tax/20250417-annexe-listing-des-taxes-concernees.xlsx; Cour Inventaire sheet id 84; Enjeu 2024",Cour low-yield-tax inventory id 84. Status: En vigueur entre 2019 et 2024. Objective: Service rendu; payer: Particuliers; base: Capital. The Cour annex is an individual-tax inventory and may overlap with Eurostat grouped/aggregate NTL rows; do not sum both sources without reconciliation. English name is a descriptive label generated from the Cour structured fields; the Cour annex does not provide an official English legal title. No known or estimated 2024 yield in the Cour annex; cannot be area-sized without an estimate.
"Droits d'enregistrement sur les mutations de jouissance (baux à durée limitée, concessions de licences d'exploitation de brevets)",Low-yield service-related levy on capital paid by individuals,Low-yield service-related levy on capital paid by individuals. Collector: DGFiP. Beneficiary: Budget général.,,,"Cour des comptes, Les taxes a faible rendement, annex listing, Apr 2025; file: code/data/france_tax/20250417-annexe-listing-des-taxes-concernees.xlsx; Cour Inventaire sheet id 83; Enjeu 2024",Cour low-yield-tax inventory id 83. Status: En vigueur entre 2019 et 2024. Objective: Service rendu; payer: Particuliers; base: Capital. The Cour annex is an individual-tax inventory and may overlap with Eurostat grouped/aggregate NTL rows; do not sum both sources without reconciliation. English name is a descriptive label generated from the Cour structured fields; the Cour annex does not provide an official English legal title. No known or estimated 2024 yield in the Cour annex; cannot be area-sized without an estimate.
Droits d'importation,Imports duties,Eurostat national-tax-list line classified as ESA code D2121. Economic function: consumption.,2600000000,0.089044,"Eurostat, National Tax Lists - individual taxes, updated 22 Apr 2026; file: code/data/france_tax/eurostat_national_tax_lists_2025_2026-04-22.xlsx; FR sheet; STO D2121; DETAILS C02; 2024","Eurostat NTL covers general government plus EU institutions (S.13 + S.212), so local taxes are in scope."
Droits de plaidoirie,Low-yield market-failure correction levy on consumption paid by individuals,Low-yield market-failure correction levy on consumption paid by individuals. Collector: Caisses des règlements pécuniaires des avocats (CARPA). Beneficiary: Caisse nationale des barreaux français (CNBF).,5000000,0.000171,"Cour des comptes, Les taxes a faible rendement, annex listing, Apr 2025; file: code/data/france_tax/20250417-annexe-listing-des-taxes-concernees.xlsx; Cour Inventaire sheet id 82; Enjeu 2024","Cour low-yield-tax inventory id 82. Status: En vigueur entre 2019 et 2024. Objective: Correction défaillance marché; payer: Particuliers; base: Consommation. The Cour annex is an individual-tax inventory and may overlap with Eurostat grouped/aggregate NTL rows; do not sum both sources without reconciliation. English name is a descriptive label generated from the Cour structured fields; the Cour annex does not provide an official English legal title. Cour Enjeu 2019: EUR 11m. Revenue is the Cour 'enjeu 2024' figure, in EUR after conversion from EUR millions."
Enregistrement des médicaments traditionnels à base de plantes,Low-yield service-related levy on production paid by businesses,Low-yield service-related levy on production paid by businesses. Collector: Agence nationale de sécurité du médicament et des produits de santé (ANSM). Beneficiary: Caisse nationale d'assurance-maladie (CNAM).,,,"Cour des comptes, Les taxes a faible rendement, annex listing, Apr 2025; file: code/data/france_tax/20250417-annexe-listing-des-taxes-concernees.xlsx; Cour Inventaire sheet id 86; Enjeu 2024",Cour low-yield-tax inventory id 86. Status: En vigueur entre 2019 et 2024. Objective: Service rendu; payer: Entreprises; base: Production. The Cour annex is an individual-tax inventory and may overlap with Eurostat grouped/aggregate NTL rows; do not sum both sources without reconciliation. English name is a descriptive label generated from the Cour structured fields; the Cour annex does not provide an official English legal title. No known or estimated 2024 yield in the Cour annex; cannot be area-sized without an estimate.
Foncier bâti,Tax on real-estate properties,Eurostat national-tax-list line classified as ESA code D29A. Economic function: capital/stock of wealth. Environmental/property tag: recurrent immovable property.,42059000000,1.440426,"Eurostat, National Tax Lists - individual taxes, updated 22 Apr 2026; file: code/data/france_tax/eurostat_national_tax_lists_2025_2026-04-22.xlsx; FR sheet; STO D29A; DETAILS C03; 2024","Eurostat NTL covers general government plus EU institutions (S.13 + S.212), so local taxes are in scope."
Foncier non-bâti (partie),Tax on non-developed land properties,Eurostat national-tax-list line classified as ESA code D29A. Economic function: capital/stock of wealth. Environmental/property tag: recurrent immovable property.,883000000,0.030241,"Eurostat, National Tax Lists - individual taxes, updated 22 Apr 2026; file: code/data/france_tax/eurostat_national_tax_lists_2025_2026-04-22.xlsx; FR sheet; STO D29A; DETAILS C04; 2024","Eurostat NTL covers general government plus EU institutions (S.13 + S.212), so local taxes are in scope."
Forfait social,"Corporate social contributions (""forfeit social"")",Eurostat national-tax-list line classified as ESA code D29C. Economic function: employer labour.,6300000000,0.215761,"Eurostat, National Tax Lists - individual taxes, updated 22 Apr 2026; file: code/data/france_tax/eurostat_national_tax_lists_2025_2026-04-22.xlsx; FR sheet; STO D29C; DETAILS C09; 2024","Eurostat NTL covers general government plus EU institutions (S.13 + S.212), so local taxes are in scope."
Fraction des droits de timbre sur les cartes nationales d'identité,Low-yield service-related levy on consumption paid by individuals,"Low-yield service-related levy on consumption paid by individuals. Collector: DGFiP. Beneficiary: France Titres, anciennement ANTS.",23920000,0.000819,"Cour des comptes, Les taxes a faible rendement, annex listing, Apr 2025; file: code/data/france_tax/20250417-annexe-listing-des-taxes-concernees.xlsx; Cour Inventaire sheet id 87; Enjeu 2024","Cour low-yield-tax inventory id 87. Status: En vigueur entre 2019 et 2024. Objective: Service rendu; payer: Particuliers; base: Consommation. The Cour annex is an individual-tax inventory and may overlap with Eurostat grouped/aggregate NTL rows; do not sum both sources without reconciliation. English name is a descriptive label generated from the Cour structured fields; the Cour annex does not provide an official English legal title. Cour Enjeu 2019: EUR 22.355m. Revenue is the Cour 'enjeu 2024' figure, in EUR after conversion from EUR millions."
Fraction des produits annuels de la vente de biens confisqués,Low-yield budget-raising levy on capital paid by individuals,Low-yield budget-raising levy on capital paid by individuals. Collector: DGDDI. Beneficiary: Agence de gestion et de recouvrement des avoirs saisis et confisqués (AGRASC).,145900000,0.004997,"Cour des comptes, Les taxes a faible rendement, annex listing, Apr 2025; file: code/data/france_tax/20250417-annexe-listing-des-taxes-concernees.xlsx; Cour Inventaire sheet id 89; Enjeu 2024","Cour low-yield-tax inventory id 89. Status: En vigueur entre 2019 et 2024. Objective: Rendement; payer: Particuliers; base: Capital. The Cour annex is an individual-tax inventory and may overlap with Eurostat grouped/aggregate NTL rows; do not sum both sources without reconciliation. English name is a descriptive label generated from the Cour structured fields; the Cour annex does not provide an official English legal title. Cour Enjeu 2019: EUR 148.09m. Revenue is the Cour 'enjeu 2024' figure, in EUR after conversion from EUR millions."
Fraction du produit des successions en déshérence,Low-yield budget-raising levy on capital paid by businesses,Low-yield budget-raising levy on capital paid by businesses. Collector: DGFiP. Beneficiary: Fondation du patrimoine.,,,"Cour des comptes, Les taxes a faible rendement, annex listing, Apr 2025; file: code/data/france_tax/20250417-annexe-listing-des-taxes-concernees.xlsx; Cour Inventaire sheet id 91; Enjeu 2024",Cour low-yield-tax inventory id 91. Status: En vigueur entre 2019 et 2024. Objective: Rendement; payer: Entreprises; base: Capital. The Cour annex is an individual-tax inventory and may overlap with Eurostat grouped/aggregate NTL rows; do not sum both sources without reconciliation. English name is a descriptive label generated from the Cour structured fields; the Cour annex does not provide an official English legal title. No known or estimated 2024 yield in the Cour annex; cannot be area-sized without an estimate.
Frais d'inscription au registre des exploitants de voitures de transport avec chauffeur,Low-yield service-related levy on production paid by individuals,Low-yield service-related levy on production paid by individuals. Collector: Ministère des transports et de la mobilité durable. Beneficiary: Budget général.,,,"Cour des comptes, Les taxes a faible rendement, annex listing, Apr 2025; file: code/data/france_tax/20250417-annexe-listing-des-taxes-concernees.xlsx; Cour Inventaire sheet id 92; Enjeu 2024",Cour low-yield-tax inventory id 92. Status: En vigueur entre 2019 et 2024. Objective: Service rendu; payer: Particuliers; base: Production. The Cour annex is an individual-tax inventory and may overlap with Eurostat grouped/aggregate NTL rows; do not sum both sources without reconciliation. English name is a descriptive label generated from the Cour structured fields; the Cour annex does not provide an official English legal title. No known or estimated 2024 yield in the Cour annex; cannot be area-sized without an estimate.
Garantie des matières d'or et d'argent,Low-yield service-related levy on consumption paid by individuals,Low-yield service-related levy on consumption paid by individuals. Collector: DGDDI. Beneficiary: Budget général.,61045,0.000002,"Cour des comptes, Les taxes a faible rendement, annex listing, Apr 2025; file: code/data/france_tax/20250417-annexe-listing-des-taxes-concernees.xlsx; Cour Inventaire sheet id 93; Enjeu 2019 uprated to 2024 using INSEE CPI",Cour low-yield-tax inventory id 93. Status: En vigueur entre 2019 et 2024. Objective: Service rendu; payer: Particuliers; base: Consommation. The Cour annex is an individual-tax inventory and may overlap with Eurostat grouped/aggregate NTL rows; do not sum both sources without reconciliation. English name is a descriptive label generated from the Cour structured fields; the Cour annex does not provide an official English legal title. Cour Enjeu 2019: EUR 0.053113m. No Cour Enjeu 2024 figure; revenue is an estimate from Cour Enjeu 2019 uprated to 2024 using INSEE annual-average CPI inflation for 2020-2024. CPI uprating factor used: 1.149347008.
Imposition forfaitaire sur le matériel roulant circulant sur le réseau de transport ferroviaire et guidé géré par la RATP - IFER-STIF RATP,Low-yield budget-raising levy on production paid by businesses,Low-yield budget-raising levy on production paid by businesses. Collector: DGFiP. Beneficiary: Société des grands projets (SGP).,84014443,0.002877,"Cour des comptes, Les taxes a faible rendement, annex listing, Apr 2025; file: code/data/france_tax/20250417-annexe-listing-des-taxes-concernees.xlsx; Cour Inventaire sheet id 94; Enjeu 2024","Cour low-yield-tax inventory id 94. Status: En vigueur entre 2019 et 2024. Objective: Rendement; payer: Entreprises; base: Production. The Cour annex is an individual-tax inventory and may overlap with Eurostat grouped/aggregate NTL rows; do not sum both sources without reconciliation. English name is a descriptive label generated from the Cour structured fields; the Cour annex does not provide an official English legal title. Cour Enjeu 2019: EUR 73.8m. Revenue is the Cour 'enjeu 2024' figure, in EUR after conversion from EUR millions."
Imposition forfaitaire sur les centrales de production d’énergie électrique d’origine photovoltaïque ou hydraulique,Low-yield budget-raising levy on production paid by businesses,Low-yield budget-raising levy on production paid by businesses. Collector: DGFiP. Beneficiary: Communes / EPCI / Départements.,,,"Cour des comptes, Les taxes a faible rendement, annex listing, Apr 2025; file: code/data/france_tax/20250417-annexe-listing-des-taxes-concernees.xlsx; Cour Inventaire sheet id 95; Enjeu 2024",Cour low-yield-tax inventory id 95. Status: En vigueur entre 2019 et 2024. Objective: Rendement; payer: Entreprises; base: Production. The Cour annex is an individual-tax inventory and may overlap with Eurostat grouped/aggregate NTL rows; do not sum both sources without reconciliation. English name is a descriptive label generated from the Cour structured fields; the Cour annex does not provide an official English legal title. No known or estimated 2024 yield in the Cour annex; cannot be area-sized without an estimate.
Imposition forfaitaire sur les réseaux de gaz naturel et canalisations d’hydrocarbures,Low-yield budget-raising levy on production paid by businesses,Low-yield budget-raising levy on production paid by businesses. Collector: DGFiP. Beneficiary: Communes / EPCI / Départements.,,,"Cour des comptes, Les taxes a faible rendement, annex listing, Apr 2025; file: code/data/france_tax/20250417-annexe-listing-des-taxes-concernees.xlsx; Cour Inventaire sheet id 97; Enjeu 2024",Cour low-yield-tax inventory id 97. Status: En vigueur entre 2019 et 2024. Objective: Rendement; payer: Entreprises; base: Production. The Cour annex is an individual-tax inventory and may overlap with Eurostat grouped/aggregate NTL rows; do not sum both sources without reconciliation. English name is a descriptive label generated from the Cour structured fields; the Cour annex does not provide an official English legal title. No known or estimated 2024 yield in the Cour annex; cannot be area-sized without an estimate.
Imposition forfaitaire sur les éoliennes et les hydroliennes,Low-yield budget-raising levy on production paid by businesses,Low-yield budget-raising levy on production paid by businesses. Collector: DGFiP. Beneficiary: Communes / EPCI / Départements.,123792718,0.004240,"Cour des comptes, Les taxes a faible rendement, annex listing, Apr 2025; file: code/data/france_tax/20250417-annexe-listing-des-taxes-concernees.xlsx; Cour Inventaire sheet id 96; Enjeu 2019 uprated to 2024 using INSEE CPI",Cour low-yield-tax inventory id 96. Status: En vigueur entre 2019 et 2024. Objective: Rendement; payer: Entreprises; base: Production. The Cour annex is an individual-tax inventory and may overlap with Eurostat grouped/aggregate NTL rows; do not sum both sources without reconciliation. English name is a descriptive label generated from the Cour structured fields; the Cour annex does not provide an official English legal title. Cour Enjeu 2019: EUR 107.707m. No Cour Enjeu 2024 figure; revenue is an estimate from Cour Enjeu 2019 uprated to 2024 using INSEE annual-average CPI inflation for 2020-2024. CPI uprating factor used: 1.149347008.
Imposition sur les pylônes,Tax on electric pylons,Eurostat national-tax-list line classified as ESA code D29A. Economic function: capital/stock of wealth. Environmental/property tag: energy.,348000000,0.011918,"Eurostat, National Tax Lists - individual taxes, updated 22 Apr 2026; file: code/data/france_tax/eurostat_national_tax_lists_2025_2026-04-22.xlsx; FR sheet; STO D29A; DETAILS C15; 2024","Eurostat NTL covers general government plus EU institutions (S.13 + S.212), so local taxes are in scope."
Impositions forfaitaires sur les entreprises de réseaux,Flat-rate tax on network corporations,Eurostat national-tax-list line classified as ESA code D29A. Economic function: capital/stock of wealth. Environmental/property tag: energy.,1864000000,0.063838,"Eurostat, National Tax Lists - individual taxes, updated 22 Apr 2026; file: code/data/france_tax/eurostat_national_tax_lists_2025_2026-04-22.xlsx; FR sheet; STO D29A; DETAILS C10; 2024","Eurostat NTL covers general government plus EU institutions (S.13 + S.212), so local taxes are in scope."
Impôt de solidarité sur la fortune (jusque 2017) / Impôt sur la fortune immobilière (à partir de 2018),"Wealth tax (ISF until 2017, IFI from 2018 onwards)",Eurostat national-tax-list line classified as ESA code D59A. Economic function: capital/stock of wealth. Environmental/property tag: other property.,2678000000,0.091715,"Eurostat, National Tax Lists - individual taxes, updated 22 Apr 2026; file: code/data/france_tax/eurostat_national_tax_lists_2025_2026-04-22.xlsx; FR sheet; STO D59A; DETAILS C02; 2024","Eurostat NTL covers general government plus EU institutions (S.13 + S.212), so local taxes are in scope."
Impôt sur le revenu,Personal income tax,Eurostat national-tax-list line classified as ESA code D51M. Economic function: SPLIT1.,96163000000,3.293366,"Eurostat, National Tax Lists - individual taxes, updated 22 Apr 2026; file: code/data/france_tax/eurostat_national_tax_lists_2025_2026-04-22.xlsx; FR sheet; STO D51M; DETAILS C07; 2024","Eurostat NTL covers general government plus EU institutions (S.13 + S.212), so local taxes are in scope."
Impôts sur les sociétés y compris majoration et frais de poursuite,Corporation income tax including surcharges,Eurostat national-tax-list line classified as ESA code D51O. Economic function: corporate capital income.,67998000000,2.328778,"Eurostat, National Tax Lists - individual taxes, updated 22 Apr 2026; file: code/data/france_tax/eurostat_national_tax_lists_2025_2026-04-22.xlsx; FR sheet; STO D51O; DETAILS C04; 2024","Eurostat NTL covers general government plus EU institutions (S.13 + S.212), so local taxes are in scope."
Indemnité de défrichement,Low-yield behavioural incentive levy on production paid by businesses,Low-yield behavioural incentive levy on production paid by businesses. Collector: DGDDI. Beneficiary: Fonds forestier national (FFN).,3000000,0.000103,"Cour des comptes, Les taxes a faible rendement, annex listing, Apr 2025; file: code/data/france_tax/20250417-annexe-listing-des-taxes-concernees.xlsx; Cour Inventaire sheet id 98; Enjeu 2024","Cour low-yield-tax inventory id 98. Status: En vigueur entre 2019 et 2024. Objective: Incitation; payer: Entreprises; base: Production. The Cour annex is an individual-tax inventory and may overlap with Eurostat grouped/aggregate NTL rows; do not sum both sources without reconciliation. English name is a descriptive label generated from the Cour structured fields; the Cour annex does not provide an official English legal title. Cour Enjeu 2019: EUR 4.148m. Revenue is the Cour 'enjeu 2024' figure, in EUR after conversion from EUR millions."
Less: Autres impôts courants dus non recouvrables,Less: Other current taxes assessed but unlikely to be collected (2),Eurostat national-tax-list line classified as ESA code D995D.,-36000000,-0.001233,"Eurostat, National Tax Lists - individual taxes, updated 22 Apr 2026; file: code/data/france_tax/eurostat_national_tax_lists_2025_2026-04-22.xlsx; FR sheet; STO D995D; DETAILS _T; 2024","Negative adjustment: Eurostat D995 taxes/social contributions assessed but unlikely to be collected, included to convert gross assessed tax/social contribution rows to an amount-collected basis. Eurostat NTL covers general government plus EU institutions (S.13 + S.212), so local taxes are in scope."
Less: Autres impôts sur la production dus non recouvrables,Less: Other taxes on production assessed but unlikely to be collected (2),Eurostat national-tax-list line classified as ESA code D995B.,-481000000,-0.016473,"Eurostat, National Tax Lists - individual taxes, updated 22 Apr 2026; file: code/data/france_tax/eurostat_national_tax_lists_2025_2026-04-22.xlsx; FR sheet; STO D995B; DETAILS _T; 2024","Negative adjustment: Eurostat D995 taxes/social contributions assessed but unlikely to be collected, included to convert gross assessed tax/social contribution rows to an amount-collected basis. Eurostat NTL covers general government plus EU institutions (S.13 + S.212), so local taxes are in scope."
Less: Cotisations sociales effectives à la charge des employeurs dues non recouvrables,Less: Employers' actual social contributions assessed but unlikely to be collected (2),Eurostat national-tax-list line classified as ESA code D995E.,-2018000000,-0.069112,"Eurostat, National Tax Lists - individual taxes, updated 22 Apr 2026; file: code/data/france_tax/eurostat_national_tax_lists_2025_2026-04-22.xlsx; FR sheet; STO D995E; DETAILS _T; 2024","Negative adjustment: Eurostat D995 taxes/social contributions assessed but unlikely to be collected, included to convert gross assessed tax/social contribution rows to an amount-collected basis. Eurostat NTL covers general government plus EU institutions (S.13 + S.212), so local taxes are in scope."
Less: Cotisations sociales effectives à la charge des personnes n'occupant pas d'emploi dues non recouvrables,Less: Actual social contributions by non-employed persons assessed but unlikely to be collected (1),Eurostat national-tax-list line classified as ESA code D995FN.,-27000000,-0.000925,"Eurostat, National Tax Lists - individual taxes, updated 22 Apr 2026; file: code/data/france_tax/eurostat_national_tax_lists_2025_2026-04-22.xlsx; FR sheet; STO D995FN; DETAILS _T; 2024","Negative adjustment: Eurostat D995 taxes/social contributions assessed but unlikely to be collected, included to convert gross assessed tax/social contribution rows to an amount-collected basis. Eurostat NTL covers general government plus EU institutions (S.13 + S.212), so local taxes are in scope."
Less: Cotisations sociales effectives à la charge des salariés dues non recouvrables,Less: Employees' actual social contributions assessed but unlikely to be collected (2),Eurostat national-tax-list line classified as ESA code D995FE.,-667000000,-0.022843,"Eurostat, National Tax Lists - individual taxes, updated 22 Apr 2026; file: code/data/france_tax/eurostat_national_tax_lists_2025_2026-04-22.xlsx; FR sheet; STO D995FE; DETAILS _T; 2024","Negative adjustment: Eurostat D995 taxes/social contributions assessed but unlikely to be collected, included to convert gross assessed tax/social contribution rows to an amount-collected basis. Eurostat NTL covers general government plus EU institutions (S.13 + S.212), so local taxes are in scope."
Less: Cotisations sociales effectives à la charge des travailleurs indépendants dues non recouvrables,Less: Actual social contributions by self-employed persons assessed but unlikely to be collected (1),Eurostat national-tax-list line classified as ESA code D995FS.,-198000000,-0.006781,"Eurostat, National Tax Lists - individual taxes, updated 22 Apr 2026; file: code/data/france_tax/eurostat_national_tax_lists_2025_2026-04-22.xlsx; FR sheet; STO D995FS; DETAILS _T; 2024","Negative adjustment: Eurostat D995 taxes/social contributions assessed but unlikely to be collected, included to convert gross assessed tax/social contribution rows to an amount-collected basis. Eurostat NTL covers general government plus EU institutions (S.13 + S.212), so local taxes are in scope."
Less: Cour low-yield taxes already included in Eurostat aggregates,Less: Cour low-yield taxes already included in Eurostat aggregates,Negative overlap adjustment so the full CSV can be summed without double-counting Cour individual low-yield taxes that are already included within Eurostat national-accounts tax rows.,-7225124488,-0.247444,"Cour des comptes, Les taxes a faible rendement, annex listing, Apr 2025; file: code/data/france_tax/20250417-annexe-listing-des-taxes-concernees.xlsx; generated reconciliation adjustment",This is not a separate tax. It offsets Cour rows with known 2024 yields because those rows are presented individually for visibility but are already included within the Eurostat source-family control total.
Less: Impôts sur le revenu dus non recouvrables,Less: Taxes on income assessed but unlikely to be collected (2),Eurostat national-tax-list line classified as ESA code D995C.,-1194000000,-0.040892,"Eurostat, National Tax Lists - individual taxes, updated 22 Apr 2026; file: code/data/france_tax/eurostat_national_tax_lists_2025_2026-04-22.xlsx; FR sheet; STO D995C; DETAILS _T; 2024","Negative adjustment: Eurostat D995 taxes/social contributions assessed but unlikely to be collected, included to convert gross assessed tax/social contribution rows to an amount-collected basis. Eurostat NTL covers general government plus EU institutions (S.13 + S.212), so local taxes are in scope."
Majoration de la taxe sur les assurances de protection juridique au profit du Conseil national des barreaux,Low-yield market-failure correction levy on production paid by businesses,Low-yield market-failure correction levy on production paid by businesses. Collector: DGFiP. Beneficiary: Caisse nationale des barreaux français (CNBF).,,,"Cour des comptes, Les taxes a faible rendement, annex listing, Apr 2025; file: code/data/france_tax/20250417-annexe-listing-des-taxes-concernees.xlsx; Cour Inventaire sheet id 100; Enjeu 2024",Cour low-yield-tax inventory id 100. Status: En vigueur entre 2019 et 2024. Objective: Correction défaillance marché; payer: Entreprises; base: Production. The Cour annex is an individual-tax inventory and may overlap with Eurostat grouped/aggregate NTL rows; do not sum both sources without reconciliation. English name is a descriptive label generated from the Cour structured fields; the Cour annex does not provide an official English legal title. No known or estimated 2024 yield in the Cour annex; cannot be area-sized without an estimate.
Majoration du prix du billet d'avion des passagers embarqués dans les DOM (ex-Taxe due par les entreprises de transport public aérien et maritime sur les passagers embarqués dans les DOM),Low-yield budget-raising levy on consumption paid by businesses,Low-yield budget-raising levy on consumption paid by businesses. Collector: DGDDI. Beneficiary: Collectivités territoriales de l'outre-mer.,48830601,0.001672,"Cour des comptes, Les taxes a faible rendement, annex listing, Apr 2025; file: code/data/france_tax/20250417-annexe-listing-des-taxes-concernees.xlsx; Cour Inventaire sheet id 214; Enjeu 2024","Cour low-yield-tax inventory id 214. Status: En vigueur entre 2019 et 2024. Objective: Rendement; payer: Entreprises; base: Consommation. The Cour annex is an individual-tax inventory and may overlap with Eurostat grouped/aggregate NTL rows; do not sum both sources without reconciliation. English name is a descriptive label generated from the Cour structured fields; the Cour annex does not provide an official English legal title. Cour Enjeu 2019: EUR 6.6m. Revenue is the Cour 'enjeu 2024' figure, in EUR after conversion from EUR millions."
Majoration du prix du billet d'avion des passagers embarqués en Corse et taxe sur le transport maritime de passagers (ex-Taxe due par les entreprises de transport public aérien et maritime sur les passagers embarqués et débarqués en Corse),Low-yield budget-raising levy on consumption paid by businesses,Low-yield budget-raising levy on consumption paid by businesses. Collector: DGFiP. Beneficiary: Collectivité territoriale de Corse.,51825727,0.001775,"Cour des comptes, Les taxes a faible rendement, annex listing, Apr 2025; file: code/data/france_tax/20250417-annexe-listing-des-taxes-concernees.xlsx; Cour Inventaire sheet id 215; Enjeu 2024","Cour low-yield-tax inventory id 215. Status: En vigueur entre 2019 et 2024. Objective: Rendement; payer: Entreprises; base: Consommation. The Cour annex is an individual-tax inventory and may overlap with Eurostat grouped/aggregate NTL rows; do not sum both sources without reconciliation. English name is a descriptive label generated from the Cour structured fields; the Cour annex does not provide an official English legal title. Cour Enjeu 2019: EUR 39.429m. Revenue is the Cour 'enjeu 2024' figure, in EUR after conversion from EUR millions."
Mutations à titre gratuit,Inheritance taxes,Eurostat national-tax-list line classified as ESA code D91A. Economic function: capital/stock of wealth. Environmental/property tag: other property.,20819000000,0.713004,"Eurostat, National Tax Lists - individual taxes, updated 22 Apr 2026; file: code/data/france_tax/eurostat_national_tax_lists_2025_2026-04-22.xlsx; FR sheet; STO D91A; DETAILS C01; 2024","Eurostat NTL covers general government plus EU institutions (S.13 + S.212), so local taxes are in scope."
Mutations à titre onéreux d'immeubles et droits immobiliers,Low-yield budget-raising levy on capital paid by individuals,Low-yield budget-raising levy on capital paid by individuals. Collector: DGFiP. Beneficiary: Budget général.,94669994,0.003242,"Cour des comptes, Les taxes a faible rendement, annex listing, Apr 2025; file: code/data/france_tax/20250417-annexe-listing-des-taxes-concernees.xlsx; Cour Inventaire sheet id 102; Enjeu 2024","Cour low-yield-tax inventory id 102. Status: En vigueur entre 2019 et 2024. Objective: Rendement; payer: Particuliers; base: Capital. The Cour annex is an individual-tax inventory and may overlap with Eurostat grouped/aggregate NTL rows; do not sum both sources without reconciliation. English name is a descriptive label generated from the Cour structured fields; the Cour annex does not provide an official English legal title. Cour Enjeu 2019: EUR 16.913m. Revenue is the Cour 'enjeu 2024' figure, in EUR after conversion from EUR millions."
Octroi de mer,Dock dues,Eurostat national-tax-list line classified as ESA code D2121. Economic function: consumption.,648000000,0.022193,"Eurostat, National Tax Lists - individual taxes, updated 22 Apr 2026; file: code/data/france_tax/eurostat_national_tax_lists_2025_2026-04-22.xlsx; FR sheet; STO D2121; DETAILS C03; 2024","Eurostat NTL covers general government plus EU institutions (S.13 + S.212), so local taxes are in scope."
Octroi de mer,Dock dues,Eurostat national-tax-list line classified as ESA code D214A. Economic function: consumption.,942000000,0.032261,"Eurostat, National Tax Lists - individual taxes, updated 22 Apr 2026; file: code/data/france_tax/eurostat_national_tax_lists_2025_2026-04-22.xlsx; FR sheet; STO D214A; DETAILS C05; 2024","Eurostat NTL covers general government plus EU institutions (S.13 + S.212), so local taxes are in scope."
Participation au financement de la formation des intermittents correspondant au minimum à 2% des rémunérations versées,Low-yield market-failure correction levy on payroll paid by businesses,"Low-yield market-failure correction levy on payroll paid by businesses. Collector: Association de gestion des Fonds de formation des Secteurs de la Culture, de la Communication et des Loisirs (AFDAS). Beneficiary: France compétences.",65831759,0.002255,"Cour des comptes, Les taxes a faible rendement, annex listing, Apr 2025; file: code/data/france_tax/20250417-annexe-listing-des-taxes-concernees.xlsx; Cour Inventaire sheet id 103; Enjeu 2024","Cour low-yield-tax inventory id 103. Status: En vigueur entre 2019 et 2024. Objective: Correction défaillance marché; payer: Entreprises; base: Masse salariale. The Cour annex is an individual-tax inventory and may overlap with Eurostat grouped/aggregate NTL rows; do not sum both sources without reconciliation. English name is a descriptive label generated from the Cour structured fields; the Cour annex does not provide an official English legal title. Cour Enjeu 2019: EUR 30.246m. Revenue is the Cour 'enjeu 2024' figure, in EUR after conversion from EUR millions."
"Participation au financement de la formation des professions non salariées (Artistes auteurs) correspondant au minimum à 0,1% au du montant annuel du plafond de la SS",Low-yield market-failure correction levy on production paid by businesses,Low-yield market-failure correction levy on production paid by businesses. Collector: URSSAF. Beneficiary: France compétences.,12863055,0.000441,"Cour des comptes, Les taxes a faible rendement, annex listing, Apr 2025; file: code/data/france_tax/20250417-annexe-listing-des-taxes-concernees.xlsx; Cour Inventaire sheet id 104; Enjeu 2024","Cour low-yield-tax inventory id 104. Status: En vigueur entre 2019 et 2024. Objective: Correction défaillance marché; payer: Entreprises; base: Production. The Cour annex is an individual-tax inventory and may overlap with Eurostat grouped/aggregate NTL rows; do not sum both sources without reconciliation. English name is a descriptive label generated from the Cour structured fields; the Cour annex does not provide an official English legal title. Cour Enjeu 2019: EUR 10.376m. Revenue is the Cour 'enjeu 2024' figure, in EUR after conversion from EUR millions."
"Participation au financement de la formation des professions non salariées (hors artisanat, agriculture et pêche)",Low-yield market-failure correction levy on production paid by businesses,Low-yield market-failure correction levy on production paid by businesses. Collector: URSSAF. Beneficiary: Fonds d'assurance formation (FAF) des professions concernées.,199782045,0.006842,"Cour des comptes, Les taxes a faible rendement, annex listing, Apr 2025; file: code/data/france_tax/20250417-annexe-listing-des-taxes-concernees.xlsx; Cour Inventaire sheet id 105; Enjeu 2024","Cour low-yield-tax inventory id 105. Status: En vigueur entre 2019 et 2024. Objective: Correction défaillance marché; payer: Entreprises; base: Production. The Cour annex is an individual-tax inventory and may overlap with Eurostat grouped/aggregate NTL rows; do not sum both sources without reconciliation. English name is a descriptive label generated from the Cour structured fields; the Cour annex does not provide an official English legal title. Cour Enjeu 2019: EUR 176.893m. Revenue is the Cour 'enjeu 2024' figure, in EUR after conversion from EUR millions."
"Participation au financement de la formation des professions non salariées (Particuliers employeurs) correspondant au minimum à 0,15% au du montant annuel du plafond de la SS",Low-yield market-failure correction levy on production paid by individuals,Low-yield market-failure correction levy on production paid by individuals. Collector: URSSAF. Beneficiary: France compétences.,18236117,0.000625,"Cour des comptes, Les taxes a faible rendement, annex listing, Apr 2025; file: code/data/france_tax/20250417-annexe-listing-des-taxes-concernees.xlsx; Cour Inventaire sheet id 106; Enjeu 2024","Cour low-yield-tax inventory id 106. Status: En vigueur entre 2019 et 2024. Objective: Correction défaillance marché; payer: Particuliers; base: Production. The Cour annex is an individual-tax inventory and may overlap with Eurostat grouped/aggregate NTL rows; do not sum both sources without reconciliation. English name is a descriptive label generated from the Cour structured fields; the Cour annex does not provide an official English legal title. Cour Enjeu 2019: EUR 15.274m. Revenue is the Cour 'enjeu 2024' figure, in EUR after conversion from EUR millions."
Participation au financement de la formation des professions non salariées dans le domaine agricole,Low-yield market-failure correction levy on production paid by businesses,Low-yield market-failure correction levy on production paid by businesses. Collector: Caisse centrale de mutualité sociale agricole (CMSA). Beneficiary: Fonds pour la formation des entrepreneurs du vivant (VIVEA).,59413492,0.002035,"Cour des comptes, Les taxes a faible rendement, annex listing, Apr 2025; file: code/data/france_tax/20250417-annexe-listing-des-taxes-concernees.xlsx; Cour Inventaire sheet id 107; Enjeu 2024","Cour low-yield-tax inventory id 107. Status: En vigueur entre 2019 et 2024. Objective: Correction défaillance marché; payer: Entreprises; base: Production. The Cour annex is an individual-tax inventory and may overlap with Eurostat grouped/aggregate NTL rows; do not sum both sources without reconciliation. English name is a descriptive label generated from the Cour structured fields; the Cour annex does not provide an official English legal title. Cour Enjeu 2019: EUR 62.442m. Revenue is the Cour 'enjeu 2024' figure, in EUR after conversion from EUR millions."
Participation au financement de la formation des travailleurs indépendants et des employeurs de la pêche maritime ou des cultures marines,Low-yield market-failure correction levy on production paid by businesses,Low-yield market-failure correction levy on production paid by businesses. Collector: DGDDI. Beneficiary: Fonds d’assurance formation interprofessionnel et national dédié aux PME-PMI (Agefos-PME).,478182,0.000016,"Cour des comptes, Les taxes a faible rendement, annex listing, Apr 2025; file: code/data/france_tax/20250417-annexe-listing-des-taxes-concernees.xlsx; Cour Inventaire sheet id 108; Enjeu 2024","Cour low-yield-tax inventory id 108. Status: En vigueur entre 2019 et 2024. Objective: Correction défaillance marché; payer: Entreprises; base: Production. The Cour annex is an individual-tax inventory and may overlap with Eurostat grouped/aggregate NTL rows; do not sum both sources without reconciliation. English name is a descriptive label generated from the Cour structured fields; the Cour annex does not provide an official English legal title. Cour Enjeu 2019: EUR 0.43m. Revenue is the Cour 'enjeu 2024' figure, in EUR after conversion from EUR millions."
Participation des concessionnaires de la liaison fixe Trans-Manche au fonctionnement de la commission intergouvernementale et du comité de sécurité chargés de superviser la construction et l'exploitation de l'ouvrage,Low-yield service-related levy on production paid by businesses,Low-yield service-related levy on production paid by businesses. Collector: Commission intergouvernementale de la liaison Trans-Manche (CIG). Beneficiary: Commission intergouvernementale de la liaison Trans-Manche (CIG).,,,"Cour des comptes, Les taxes a faible rendement, annex listing, Apr 2025; file: code/data/france_tax/20250417-annexe-listing-des-taxes-concernees.xlsx; Cour Inventaire sheet id 109; Enjeu 2024",Cour low-yield-tax inventory id 109. Status: En vigueur entre 2019 et 2024. Objective: Service rendu; payer: Entreprises; base: Production. The Cour annex is an individual-tax inventory and may overlap with Eurostat grouped/aggregate NTL rows; do not sum both sources without reconciliation. English name is a descriptive label generated from the Cour structured fields; the Cour annex does not provide an official English legal title. No known or estimated 2024 yield in the Cour annex; cannot be area-sized without an estimate.
Participation des employeurs à l'effort de construction,Employers' contribution to building effort,Eurostat national-tax-list line classified as ESA code D29C. Economic function: employer labour.,1497000000,0.051269,"Eurostat, National Tax Lists - individual taxes, updated 22 Apr 2026; file: code/data/france_tax/eurostat_national_tax_lists_2025_2026-04-22.xlsx; FR sheet; STO D29C; DETAILS C13; 2024","Eurostat NTL covers general government plus EU institutions (S.13 + S.212), so local taxes are in scope."
Permis de chasser,Low-yield service-related levy on consumption paid by individuals,"Low-yield service-related levy on consumption paid by individuals. Collector: Office français de la biodiversité (OFB), anciennement ONCFS. Beneficiary: Budget général.",,,"Cour des comptes, Les taxes a faible rendement, annex listing, Apr 2025; file: code/data/france_tax/20250417-annexe-listing-des-taxes-concernees.xlsx; Cour Inventaire sheet id 114; Enjeu 2024",Cour low-yield-tax inventory id 114. Status: En vigueur entre 2019 et 2024. Objective: Service rendu; payer: Particuliers; base: Consommation. The Cour annex is an individual-tax inventory and may overlap with Eurostat grouped/aggregate NTL rows; do not sum both sources without reconciliation. English name is a descriptive label generated from the Cour structured fields; the Cour annex does not provide an official English legal title. No known or estimated 2024 yield in the Cour annex; cannot be area-sized without an estimate.
Produit de l'imposition chambre de commerce,Fees of the chambers of commerce and industry,Eurostat national-tax-list line classified as ESA code D29A. Economic function: capital/stock of wealth.,525000000,0.017980,"Eurostat, National Tax Lists - individual taxes, updated 22 Apr 2026; file: code/data/france_tax/eurostat_national_tax_lists_2025_2026-04-22.xlsx; FR sheet; STO D29A; DETAILS C13; 2024","Eurostat NTL covers general government plus EU institutions (S.13 + S.212), so local taxes are in scope."
Produits de la loterie nationale et du loto,Levies on the French national lottery,Eurostat national-tax-list line classified as ESA code D214F. Economic function: consumption.,3988000000,0.136580,"Eurostat, National Tax Lists - individual taxes, updated 22 Apr 2026; file: code/data/france_tax/eurostat_national_tax_lists_2025_2026-04-22.xlsx; FR sheet; STO D214F; DETAILS C01; 2024","Eurostat NTL covers general government plus EU institutions (S.13 + S.212), so local taxes are in scope."
"Prélèvement complémentaire 2011-2015 sur les sommes misées sur les jeux exploités par la Française des jeux en vue du financement des enceintes sportives destinées à accueillir ""l'UEFA Euro 2016""",Low-yield budget-raising levy on consumption paid by individuals,Low-yield budget-raising levy on consumption paid by individuals. Collector: DGFiP. Beneficiary: Agence nationale du sport (ANS).,,,"Cour des comptes, Les taxes a faible rendement, annex listing, Apr 2025; file: code/data/france_tax/20250417-annexe-listing-des-taxes-concernees.xlsx; Cour Inventaire sheet id 116; Enjeu 2024",Cour low-yield-tax inventory id 116. Status: En vigueur entre 2019 et 2024. Objective: Rendement; payer: Particuliers; base: Consommation. The Cour annex is an individual-tax inventory and may overlap with Eurostat grouped/aggregate NTL rows; do not sum both sources without reconciliation. English name is a descriptive label generated from the Cour structured fields; the Cour annex does not provide an official English legal title. No known or estimated 2024 yield in the Cour annex; cannot be area-sized without an estimate.
Prélèvement sur la participation des employeurs à l'effort de construction (PEEC),Low-yield budget-raising levy on payroll paid by businesses,Low-yield budget-raising levy on payroll paid by businesses. Collector: Action Logement. Beneficiary: Agence nationale de contrôle du logement social (ANCOLS).,6450000,0.000221,"Cour des comptes, Les taxes a faible rendement, annex listing, Apr 2025; file: code/data/france_tax/20250417-annexe-listing-des-taxes-concernees.xlsx; Cour Inventaire sheet id 119; Enjeu 2024","Cour low-yield-tax inventory id 119. Status: En vigueur entre 2019 et 2024. Objective: Rendement; payer: Entreprises; base: Masse salariale. The Cour annex is an individual-tax inventory and may overlap with Eurostat grouped/aggregate NTL rows; do not sum both sources without reconciliation. English name is a descriptive label generated from the Cour structured fields; the Cour annex does not provide an official English legal title. Cour Enjeu 2019: EUR 6.45m. Revenue is the Cour 'enjeu 2024' figure, in EUR after conversion from EUR millions."
"Prélèvement sur les biens, droits et produits placés dans un trust",Low-yield budget-raising levy on capital paid by individuals,Low-yield budget-raising levy on capital paid by individuals. Collector: DGFiP. Beneficiary: Budget général.,,,"Cour des comptes, Les taxes a faible rendement, annex listing, Apr 2025; file: code/data/france_tax/20250417-annexe-listing-des-taxes-concernees.xlsx; Cour Inventaire sheet id 120; Enjeu 2024",Cour low-yield-tax inventory id 120. Status: En vigueur entre 2019 et 2024. Objective: Rendement; payer: Particuliers; base: Capital. The Cour annex is an individual-tax inventory and may overlap with Eurostat grouped/aggregate NTL rows; do not sum both sources without reconciliation. English name is a descriptive label generated from the Cour structured fields; the Cour annex does not provide an official English legal title. No known or estimated 2024 yield in the Cour annex; cannot be area-sized without an estimate.
Prélèvement sur les contrats d'assurance-vie en déshérence ; Prélèvement sur les contrats participation et intéressement en déshérence,Low-yield budget-raising levy on capital paid by businesses,Low-yield budget-raising levy on capital paid by businesses. Collector: DGFiP. Beneficiary: Caisse nationale d'assurance-vieillesse (CNAV).,19879754,0.000681,"Cour des comptes, Les taxes a faible rendement, annex listing, Apr 2025; file: code/data/france_tax/20250417-annexe-listing-des-taxes-concernees.xlsx; Cour Inventaire sheet id 121; Enjeu 2024","Cour low-yield-tax inventory id 121. Status: En vigueur entre 2019 et 2024. Objective: Rendement; payer: Entreprises; base: Capital. The Cour annex is an individual-tax inventory and may overlap with Eurostat grouped/aggregate NTL rows; do not sum both sources without reconciliation. English name is a descriptive label generated from the Cour structured fields; the Cour annex does not provide an official English legal title. Cour Enjeu 2019: EUR 14.695m. Revenue is the Cour 'enjeu 2024' figure, in EUR after conversion from EUR millions."
Prélèvement sur les jeux de cercle en ligne,Low-yield budget-raising levy on consumption paid by individuals,Low-yield budget-raising levy on consumption paid by individuals. Collector: DGFiP. Beneficiary: Budget général / Centre des monuments nationaux (CMN) / Communes.,20505826,0.000702,"Cour des comptes, Les taxes a faible rendement, annex listing, Apr 2025; file: code/data/france_tax/20250417-annexe-listing-des-taxes-concernees.xlsx; Cour Inventaire sheet id 90; Enjeu 2024","Cour low-yield-tax inventory id 90. Status: En vigueur entre 2019 et 2024. Objective: Rendement; payer: Particuliers; base: Consommation. The Cour annex is an individual-tax inventory and may overlap with Eurostat grouped/aggregate NTL rows; do not sum both sources without reconciliation. English name is a descriptive label generated from the Cour structured fields; the Cour annex does not provide an official English legal title. Cour Enjeu 2019: EUR 11.506m. Revenue is the Cour 'enjeu 2024' figure, in EUR after conversion from EUR millions."
Prélèvements progressifs dus par les clubs de jeu,Low-yield behavioural incentive levy on consumption paid by businesses,Low-yield behavioural incentive levy on consumption paid by businesses. Collector: DGFiP. Beneficiary: Budget général.,,,"Cour des comptes, Les taxes a faible rendement, annex listing, Apr 2025; file: code/data/france_tax/20250417-annexe-listing-des-taxes-concernees.xlsx; Cour Inventaire sheet id 125; Enjeu 2024",Cour low-yield-tax inventory id 125. Status: En vigueur entre 2019 et 2024. Objective: Incitation; payer: Entreprises; base: Consommation. The Cour annex is an individual-tax inventory and may overlap with Eurostat grouped/aggregate NTL rows; do not sum both sources without reconciliation. English name is a descriptive label generated from the Cour structured fields; the Cour annex does not provide an official English legal title. No known or estimated 2024 yield in the Cour annex; cannot be area-sized without an estimate.
Prélèvements sur les entreprises d'assurance,Low-yield budget-raising levy on production paid by businesses,Low-yield budget-raising levy on production paid by businesses. Collector: DGFiP. Beneficiary: Budget général.,154637111,0.005296,"Cour des comptes, Les taxes a faible rendement, annex listing, Apr 2025; file: code/data/france_tax/20250417-annexe-listing-des-taxes-concernees.xlsx; Cour Inventaire sheet id 127; Enjeu 2024","Cour low-yield-tax inventory id 127. Status: En vigueur entre 2019 et 2024. Objective: Rendement; payer: Entreprises; base: Production. The Cour annex is an individual-tax inventory and may overlap with Eurostat grouped/aggregate NTL rows; do not sum both sources without reconciliation. English name is a descriptive label generated from the Cour structured fields; the Cour annex does not provide an official English legal title. Cour Enjeu 2019: EUR 161.421m. Revenue is the Cour 'enjeu 2024' figure, in EUR after conversion from EUR millions."
Prélèvements sur les revenus des capitaux mobiliers,Levies on the income from financial assets (PRCM),Eurostat national-tax-list line classified as ESA code D51M. Economic function: household capital income.,971000000,0.033255,"Eurostat, National Tax Lists - individual taxes, updated 22 Apr 2026; file: code/data/france_tax/eurostat_national_tax_lists_2025_2026-04-22.xlsx; FR sheet; STO D51M; DETAILS C08; 2024","Eurostat NTL covers general government plus EU institutions (S.13 + S.212), so local taxes are in scope."
Quote-part des intérêts servis par la Caisse des dépôts et consignations sur les fonds déposés,Low-yield budget-raising levy on capital paid by individuals,Low-yield budget-raising levy on capital paid by individuals. Collector: DGFiP. Beneficiary: Fonds de financement des dossiers impécunieux (FFDI).,51000000,0.001747,"Cour des comptes, Les taxes a faible rendement, annex listing, Apr 2025; file: code/data/france_tax/20250417-annexe-listing-des-taxes-concernees.xlsx; Cour Inventaire sheet id 129; Enjeu 2024","Cour low-yield-tax inventory id 129. Status: En vigueur entre 2019 et 2024. Objective: Rendement; payer: Particuliers; base: Capital. The Cour annex is an individual-tax inventory and may overlap with Eurostat grouped/aggregate NTL rows; do not sum both sources without reconciliation. English name is a descriptive label generated from the Cour structured fields; the Cour annex does not provide an official English legal title. Revenue is the Cour 'enjeu 2024' figure, in EUR after conversion from EUR millions."
Recettes diverses et pénalités,Various receipts and tax fines,Eurostat national-tax-list line classified as ESA code D91C. Economic function: capital/stock of wealth.,197000000,0.006747,"Eurostat, National Tax Lists - individual taxes, updated 22 Apr 2026; file: code/data/france_tax/eurostat_national_tax_lists_2025_2026-04-22.xlsx; FR sheet; STO D91C; DETAILS C01; 2024","Eurostat NTL covers general government plus EU institutions (S.13 + S.212), so local taxes are in scope."
Redevance cynégétique (permis de chasse),Hunting licence,Eurostat national-tax-list line classified as ESA code D59D. Economic function: consumption.,57000000,0.001952,"Eurostat, National Tax Lists - individual taxes, updated 22 Apr 2026; file: code/data/france_tax/eurostat_national_tax_lists_2025_2026-04-22.xlsx; FR sheet; STO D59D; DETAILS C04; 2024","Eurostat NTL covers general government plus EU institutions (S.13 + S.212), so local taxes are in scope."
Redevance d'archéologie préventive,Low-yield service-related levy on capital paid by individuals,Low-yield service-related levy on capital paid by individuals. Collector: DGFiP. Beneficiary: Institut national de recherches archéologiques préventives (INRAP) / Fonds nationale pour l'archéologie préventive (FNAP) / Communes.,,,"Cour des comptes, Les taxes a faible rendement, annex listing, Apr 2025; file: code/data/france_tax/20250417-annexe-listing-des-taxes-concernees.xlsx; Cour Inventaire sheet id 130; Enjeu 2024",Cour low-yield-tax inventory id 130. Status: En vigueur entre 2019 et 2024. Objective: Service rendu; payer: Particuliers; base: Capital. The Cour annex is an individual-tax inventory and may overlap with Eurostat grouped/aggregate NTL rows; do not sum both sources without reconciliation. English name is a descriptive label generated from the Cour structured fields; the Cour annex does not provide an official English legal title. No known or estimated 2024 yield in the Cour annex; cannot be area-sized without an estimate.
Redevance due par les opérateurs agréés de paris hippiques en ligne,Low-yield behavioural incentive levy on consumption paid by individuals,Low-yield behavioural incentive levy on consumption paid by individuals. Collector: DGFiP. Beneficiary: France galop / Société d’encouragement à l’élevage du cheval français (SECF).,62419969,0.002138,"Cour des comptes, Les taxes a faible rendement, annex listing, Apr 2025; file: code/data/france_tax/20250417-annexe-listing-des-taxes-concernees.xlsx; Cour Inventaire sheet id 131; Enjeu 2024","Cour low-yield-tax inventory id 131. Status: En vigueur entre 2019 et 2024. Objective: Incitation; payer: Particuliers; base: Consommation. The Cour annex is an individual-tax inventory and may overlap with Eurostat grouped/aggregate NTL rows; do not sum both sources without reconciliation. English name is a descriptive label generated from the Cour structured fields; the Cour annex does not provide an official English legal title. Cour Enjeu 2019: EUR 63.896m. Revenue is the Cour 'enjeu 2024' figure, in EUR after conversion from EUR millions."
Redevance perçue à l’occasion de l’introduction des familles étrangères en France,Low-yield service-related levy on production paid by individuals,Low-yield service-related levy on production paid by individuals. Collector: Office Français de l'immigration et de l'intégration (OFII). Beneficiary: Office français de l'immigration et de l'intégration (OFII).,800000,0.000027,"Cour des comptes, Les taxes a faible rendement, annex listing, Apr 2025; file: code/data/france_tax/20250417-annexe-listing-des-taxes-concernees.xlsx; Cour Inventaire sheet id 136; Enjeu 2024","Cour low-yield-tax inventory id 136. Status: En vigueur entre 2019 et 2024. Objective: Service rendu; payer: Particuliers; base: Production. The Cour annex is an individual-tax inventory and may overlap with Eurostat grouped/aggregate NTL rows; do not sum both sources without reconciliation. English name is a descriptive label generated from the Cour structured fields; the Cour annex does not provide an official English legal title. Cour Enjeu 2019: EUR 0.862m. Revenue is the Cour 'enjeu 2024' figure, in EUR after conversion from EUR millions."
"Redevance pour contrôle vétérinaire à l'expédition (taxe dite ""Certivéto"")",Low-yield service-related levy on production paid by businesses,Low-yield service-related levy on production paid by businesses. Collector: DGDDI. Beneficiary: Etablissement national des produits de l’agriculture et de la mer (FranceAgriMer).,,,"Cour des comptes, Les taxes a faible rendement, annex listing, Apr 2025; file: code/data/france_tax/20250417-annexe-listing-des-taxes-concernees.xlsx; Cour Inventaire sheet id 138; Enjeu 2024",Cour low-yield-tax inventory id 138. Status: En vigueur entre 2019 et 2024. Objective: Service rendu; payer: Entreprises; base: Production. The Cour annex is an individual-tax inventory and may overlap with Eurostat grouped/aggregate NTL rows; do not sum both sources without reconciliation. English name is a descriptive label generated from the Cour structured fields; the Cour annex does not provide an official English legal title. No known or estimated 2024 yield in the Cour annex; cannot be area-sized without an estimate.
Redevance pour délivrance initiale du permis de chasse,Low-yield service-related levy on consumption paid by individuals,"Low-yield service-related levy on consumption paid by individuals. Collector: Office français de la biodiversité (OFB), anciennement ONCFS. Beneficiary: Office français de la biodiversité (OFB), anciennement ONCFS.",900000,0.000031,"Cour des comptes, Les taxes a faible rendement, annex listing, Apr 2025; file: code/data/france_tax/20250417-annexe-listing-des-taxes-concernees.xlsx; Cour Inventaire sheet id 139; Enjeu 2024","Cour low-yield-tax inventory id 139. Status: En vigueur entre 2019 et 2024. Objective: Service rendu; payer: Particuliers; base: Consommation. The Cour annex is an individual-tax inventory and may overlap with Eurostat grouped/aggregate NTL rows; do not sum both sources without reconciliation. English name is a descriptive label generated from the Cour structured fields; the Cour annex does not provide an official English legal title. Cour Enjeu 2019: EUR 0.865m. Revenue is the Cour 'enjeu 2024' figure, in EUR after conversion from EUR millions."
Redevance pour examen du code de la route,Low-yield service-related levy on consumption paid by individuals,"Low-yield service-related levy on consumption paid by individuals. Collector: Opérateurs privés agréés par l'État (La Poste, SGS, etc.). Beneficiary: Budget général.",,,"Cour des comptes, Les taxes a faible rendement, annex listing, Apr 2025; file: code/data/france_tax/20250417-annexe-listing-des-taxes-concernees.xlsx; Cour Inventaire sheet id 140; Enjeu 2024",Cour low-yield-tax inventory id 140. Status: En vigueur entre 2019 et 2024. Objective: Service rendu; payer: Particuliers; base: Consommation. The Cour annex is an individual-tax inventory and may overlap with Eurostat grouped/aggregate NTL rows; do not sum both sources without reconciliation. English name is a descriptive label generated from the Cour structured fields; the Cour annex does not provide an official English legal title. No known or estimated 2024 yield in the Cour annex; cannot be area-sized without an estimate.
Redevance pour l'accès aux installations et aux services collectifs d'un site nordique dédié à la pratique du ski de fond et aux loisirs de neige non motorisés autres que le ski alpin (part communale + part intercommunale),Low-yield service-related levy on production paid by individuals,Low-yield service-related levy on production paid by individuals. Collector: Collectivités territoriales. Beneficiary: Communes / EPCI.,3672836,0.000126,"Cour des comptes, Les taxes a faible rendement, annex listing, Apr 2025; file: code/data/france_tax/20250417-annexe-listing-des-taxes-concernees.xlsx; Cour Inventaire sheet id 142; Enjeu 2024","Cour low-yield-tax inventory id 142. Status: En vigueur entre 2019 et 2024. Objective: Service rendu; payer: Particuliers; base: Production. The Cour annex is an individual-tax inventory and may overlap with Eurostat grouped/aggregate NTL rows; do not sum both sources without reconciliation. English name is a descriptive label generated from the Cour structured fields; the Cour annex does not provide an official English legal title. Cour Enjeu 2019: EUR 4.351m. Revenue is the Cour 'enjeu 2024' figure, in EUR after conversion from EUR millions."
"Redevance pour le contrôle vétérinaire à l'importation de produits animaux ou d'origine animale, d'animaux vivants",Low-yield service-related levy on production paid by businesses,Low-yield service-related levy on production paid by businesses. Collector: DGDDI. Beneficiary: Budget général.,,,"Cour des comptes, Les taxes a faible rendement, annex listing, Apr 2025; file: code/data/france_tax/20250417-annexe-listing-des-taxes-concernees.xlsx; Cour Inventaire sheet id 143; Enjeu 2024",Cour low-yield-tax inventory id 143. Status: En vigueur entre 2019 et 2024. Objective: Service rendu; payer: Entreprises; base: Production. The Cour annex is an individual-tax inventory and may overlap with Eurostat grouped/aggregate NTL rows; do not sum both sources without reconciliation. English name is a descriptive label generated from the Cour structured fields; the Cour annex does not provide an official English legal title. No known or estimated 2024 yield in the Cour annex; cannot be area-sized without an estimate.
Redevance pour les contrôles vétérinaires et phytosanitaires des végétaux à l'importation,Low-yield service-related levy on production paid by businesses,Low-yield service-related levy on production paid by businesses. Collector: DGDDI. Beneficiary: Budget général.,,,"Cour des comptes, Les taxes a faible rendement, annex listing, Apr 2025; file: code/data/france_tax/20250417-annexe-listing-des-taxes-concernees.xlsx; Cour Inventaire sheet id 144; Enjeu 2024",Cour low-yield-tax inventory id 144. Status: En vigueur entre 2019 et 2024. Objective: Service rendu; payer: Entreprises; base: Production. The Cour annex is an individual-tax inventory and may overlap with Eurostat grouped/aggregate NTL rows; do not sum both sources without reconciliation. English name is a descriptive label generated from the Cour structured fields; the Cour annex does not provide an official English legal title. No known or estimated 2024 yield in the Cour annex; cannot be area-sized without an estimate.
Redevance pour l’agrément des établissements du secteur de l’alimentation animale,Low-yield service-related levy on production paid by businesses,Low-yield service-related levy on production paid by businesses. Collector: DGFiP. Beneficiary: Budget général.,,,"Cour des comptes, Les taxes a faible rendement, annex listing, Apr 2025; file: code/data/france_tax/20250417-annexe-listing-des-taxes-concernees.xlsx; Cour Inventaire sheet id 141; Enjeu 2024",Cour low-yield-tax inventory id 141. Status: En vigueur entre 2019 et 2024. Objective: Service rendu; payer: Entreprises; base: Production. The Cour annex is an individual-tax inventory and may overlap with Eurostat grouped/aggregate NTL rows; do not sum both sources without reconciliation. English name is a descriptive label generated from the Cour structured fields; the Cour annex does not provide an official English legal title. No known or estimated 2024 yield in the Cour annex; cannot be area-sized without an estimate.
Redevance pour pollution de l'eau d'origine non domestique,Low-yield behavioural incentive levy on production paid by businesses,Low-yield behavioural incentive levy on production paid by businesses. Collector: Agences de l'eau. Beneficiary: Agences de l'eau.,,,"Cour des comptes, Les taxes a faible rendement, annex listing, Apr 2025; file: code/data/france_tax/20250417-annexe-listing-des-taxes-concernees.xlsx; Cour Inventaire sheet id 146; Enjeu 2024",Cour low-yield-tax inventory id 146. Status: En vigueur entre 2019 et 2024. Objective: Incitation; payer: Entreprises; base: Production. The Cour annex is an individual-tax inventory and may overlap with Eurostat grouped/aggregate NTL rows; do not sum both sources without reconciliation. English name is a descriptive label generated from the Cour structured fields; the Cour annex does not provide an official English legal title. No known or estimated 2024 yield in the Cour annex; cannot be area-sized without an estimate.
Redevance pour protection du milieu aquatique,Low-yield budget-raising levy on production paid by businesses,Low-yield budget-raising levy on production paid by businesses. Collector: Fédérations de protection du milieu aquatique. Beneficiary: Agences de l'eau.,,,"Cour des comptes, Les taxes a faible rendement, annex listing, Apr 2025; file: code/data/france_tax/20250417-annexe-listing-des-taxes-concernees.xlsx; Cour Inventaire sheet id 147; Enjeu 2024",Cour low-yield-tax inventory id 147. Status: En vigueur entre 2019 et 2024. Objective: Rendement; payer: Entreprises; base: Production. The Cour annex is an individual-tax inventory and may overlap with Eurostat grouped/aggregate NTL rows; do not sum both sources without reconciliation. English name is a descriptive label generated from the Cour structured fields; the Cour annex does not provide an official English legal title. No known or estimated 2024 yield in the Cour annex; cannot be area-sized without an estimate.
Redevance pour stockage d'eau en période d'étiage,Low-yield behavioural incentive levy on production paid by businesses,Low-yield behavioural incentive levy on production paid by businesses. Collector: Agences de l'eau. Beneficiary: Agences de l'eau.,,,"Cour des comptes, Les taxes a faible rendement, annex listing, Apr 2025; file: code/data/france_tax/20250417-annexe-listing-des-taxes-concernees.xlsx; Cour Inventaire sheet id 148; Enjeu 2024",Cour low-yield-tax inventory id 148. Status: En vigueur entre 2019 et 2024. Objective: Incitation; payer: Entreprises; base: Production. The Cour annex is an individual-tax inventory and may overlap with Eurostat grouped/aggregate NTL rows; do not sum both sources without reconciliation. English name is a descriptive label generated from the Cour structured fields; the Cour annex does not provide an official English legal title. No known or estimated 2024 yield in the Cour annex; cannot be area-sized without an estimate.
Redevance relative aux contrôles renforcés à l’importation des denrées alimentaires d’origine non animale,Low-yield service-related levy on production paid by businesses,Low-yield service-related levy on production paid by businesses. Collector: DGDDI. Beneficiary: Budget général.,,,"Cour des comptes, Les taxes a faible rendement, annex listing, Apr 2025; file: code/data/france_tax/20250417-annexe-listing-des-taxes-concernees.xlsx; Cour Inventaire sheet id 149; Enjeu 2024",Cour low-yield-tax inventory id 149. Status: En vigueur entre 2019 et 2024. Objective: Service rendu; payer: Entreprises; base: Production. The Cour annex is an individual-tax inventory and may overlap with Eurostat grouped/aggregate NTL rows; do not sum both sources without reconciliation. English name is a descriptive label generated from the Cour structured fields; the Cour annex does not provide an official English legal title. No known or estimated 2024 yield in the Cour annex; cannot be area-sized without an estimate.
Redevance sanitaire d'abattage,Low-yield service-related levy on production paid by businesses,Low-yield service-related levy on production paid by businesses. Collector: DGFiP. Beneficiary: Budget général.,49281468,0.001688,"Cour des comptes, Les taxes a faible rendement, annex listing, Apr 2025; file: code/data/france_tax/20250417-annexe-listing-des-taxes-concernees.xlsx; Cour Inventaire sheet id 150; Enjeu 2024","Cour low-yield-tax inventory id 150. Status: En vigueur entre 2019 et 2024. Objective: Service rendu; payer: Entreprises; base: Production. The Cour annex is an individual-tax inventory and may overlap with Eurostat grouped/aggregate NTL rows; do not sum both sources without reconciliation. English name is a descriptive label generated from the Cour structured fields; the Cour annex does not provide an official English legal title. Revenue is the Cour 'enjeu 2024' figure, in EUR after conversion from EUR millions."
Redevance sanitaire de découpage,Low-yield service-related levy on production paid by businesses,Low-yield service-related levy on production paid by businesses. Collector: DGFiP. Beneficiary: Budget général.,,,"Cour des comptes, Les taxes a faible rendement, annex listing, Apr 2025; file: code/data/france_tax/20250417-annexe-listing-des-taxes-concernees.xlsx; Cour Inventaire sheet id 151; Enjeu 2024",Cour low-yield-tax inventory id 151. Status: En vigueur entre 2019 et 2024. Objective: Service rendu; payer: Entreprises; base: Production. The Cour annex is an individual-tax inventory and may overlap with Eurostat grouped/aggregate NTL rows; do not sum both sources without reconciliation. English name is a descriptive label generated from the Cour structured fields; the Cour annex does not provide an official English legal title. No known or estimated 2024 yield in the Cour annex; cannot be area-sized without an estimate.
Redevance sanitaire de première mise sur le marché des produits de la pêche ou de l’aquaculture,Low-yield service-related levy on production paid by businesses,Low-yield service-related levy on production paid by businesses. Collector: DGFiP. Beneficiary: Budget général.,,,"Cour des comptes, Les taxes a faible rendement, annex listing, Apr 2025; file: code/data/france_tax/20250417-annexe-listing-des-taxes-concernees.xlsx; Cour Inventaire sheet id 152; Enjeu 2024",Cour low-yield-tax inventory id 152. Status: En vigueur entre 2019 et 2024. Objective: Service rendu; payer: Entreprises; base: Production. The Cour annex is an individual-tax inventory and may overlap with Eurostat grouped/aggregate NTL rows; do not sum both sources without reconciliation. English name is a descriptive label generated from the Cour structured fields; the Cour annex does not provide an official English legal title. No known or estimated 2024 yield in the Cour annex; cannot be area-sized without an estimate.
Redevance sanitaire de transformation des produits de la pêche et de l’aquaculture,Low-yield service-related levy on production paid by businesses,Low-yield service-related levy on production paid by businesses. Collector: DGFiP. Beneficiary: Budget général.,,,"Cour des comptes, Les taxes a faible rendement, annex listing, Apr 2025; file: code/data/france_tax/20250417-annexe-listing-des-taxes-concernees.xlsx; Cour Inventaire sheet id 153; Enjeu 2024",Cour low-yield-tax inventory id 153. Status: En vigueur entre 2019 et 2024. Objective: Service rendu; payer: Entreprises; base: Production. The Cour annex is an individual-tax inventory and may overlap with Eurostat grouped/aggregate NTL rows; do not sum both sources without reconciliation. English name is a descriptive label generated from the Cour structured fields; the Cour annex does not provide an official English legal title. No known or estimated 2024 yield in the Cour annex; cannot be area-sized without an estimate.
Redevance sanitaire liée à la certification des végétaux à l’exportation,Low-yield service-related levy on production paid by businesses,Low-yield service-related levy on production paid by businesses. Collector: Directions régionales de l'agriculture et de la forêt (DRAAF). Beneficiary: Budget général.,,,"Cour des comptes, Les taxes a faible rendement, annex listing, Apr 2025; file: code/data/france_tax/20250417-annexe-listing-des-taxes-concernees.xlsx; Cour Inventaire sheet id 154; Enjeu 2024",Cour low-yield-tax inventory id 154. Status: En vigueur entre 2019 et 2024. Objective: Service rendu; payer: Entreprises; base: Production. The Cour annex is an individual-tax inventory and may overlap with Eurostat grouped/aggregate NTL rows; do not sum both sources without reconciliation. English name is a descriptive label generated from the Cour structured fields; the Cour annex does not provide an official English legal title. No known or estimated 2024 yield in the Cour annex; cannot be area-sized without an estimate.
Redevance sanitaire pour le contrôle de certaines substances et de leurs résidus,Low-yield service-related levy on production paid by businesses,Low-yield service-related levy on production paid by businesses. Collector: DGFiP. Beneficiary: Budget général.,,,"Cour des comptes, Les taxes a faible rendement, annex listing, Apr 2025; file: code/data/france_tax/20250417-annexe-listing-des-taxes-concernees.xlsx; Cour Inventaire sheet id 155; Enjeu 2024",Cour low-yield-tax inventory id 155. Status: En vigueur entre 2019 et 2024. Objective: Service rendu; payer: Entreprises; base: Production. The Cour annex is an individual-tax inventory and may overlap with Eurostat grouped/aggregate NTL rows; do not sum both sources without reconciliation. English name is a descriptive label generated from the Cour structured fields; the Cour annex does not provide an official English legal title. No known or estimated 2024 yield in the Cour annex; cannot be area-sized without an estimate.
Redevance sur la production des mines d'hydrocarbures liquides ou gazeux,Low-yield behavioural incentive levy on production paid by businesses,Low-yield behavioural incentive levy on production paid by businesses. Collector: DGDDI. Beneficiary: Budget général / Caisse autonome nationale de sécurité sociale dans les mines (CANSSM).,4000000,0.000137,"Cour des comptes, Les taxes a faible rendement, annex listing, Apr 2025; file: code/data/france_tax/20250417-annexe-listing-des-taxes-concernees.xlsx; Cour Inventaire sheet id 156; Enjeu 2024","Cour low-yield-tax inventory id 156. Status: En vigueur entre 2019 et 2024. Objective: Incitation; payer: Entreprises; base: Production. The Cour annex is an individual-tax inventory and may overlap with Eurostat grouped/aggregate NTL rows; do not sum both sources without reconciliation. English name is a descriptive label generated from the Cour structured fields; the Cour annex does not provide an official English legal title. Cour Enjeu 2019: EUR 5m. Revenue is the Cour 'enjeu 2024' figure, in EUR after conversion from EUR millions."
Redevance sur les paris hippiques en ligne,Low-yield behavioural incentive levy on consumption paid by individuals,Low-yield behavioural incentive levy on consumption paid by individuals. Collector: DGFiP. Beneficiary: Budget général.,1149347,0.000039,"Cour des comptes, Les taxes a faible rendement, annex listing, Apr 2025; file: code/data/france_tax/20250417-annexe-listing-des-taxes-concernees.xlsx; Cour Inventaire sheet id 158; Enjeu 2019 uprated to 2024 using INSEE CPI",Cour low-yield-tax inventory id 158. Status: En vigueur entre 2019 et 2024. Objective: Incitation; payer: Particuliers; base: Consommation. The Cour annex is an individual-tax inventory and may overlap with Eurostat grouped/aggregate NTL rows; do not sum both sources without reconciliation. English name is a descriptive label generated from the Cour structured fields; the Cour annex does not provide an official English legal title. Cour Enjeu 2019: EUR 1m. No Cour Enjeu 2024 figure; revenue is an estimate from Cour Enjeu 2019 uprated to 2024 using INSEE annual-average CPI inflation for 2020-2024. CPI uprating factor used: 1.149347008.
Redevance sur les produits biocides,Low-yield service-related levy on production paid by businesses,Low-yield service-related levy on production paid by businesses. Collector: Agence nationale de sécurité sanitaire (ANSES). Beneficiary: Agence nationale de sécurité sanitaire (Anses).,3583000,0.000123,"Cour des comptes, Les taxes a faible rendement, annex listing, Apr 2025; file: code/data/france_tax/20250417-annexe-listing-des-taxes-concernees.xlsx; Cour Inventaire sheet id 160; Enjeu 2024","Cour low-yield-tax inventory id 160. Status: En vigueur entre 2019 et 2024. Objective: Service rendu; payer: Entreprises; base: Production. The Cour annex is an individual-tax inventory and may overlap with Eurostat grouped/aggregate NTL rows; do not sum both sources without reconciliation. English name is a descriptive label generated from the Cour structured fields; the Cour annex does not provide an official English legal title. Revenue is the Cour 'enjeu 2024' figure, in EUR after conversion from EUR millions."
Redevance versée par Réseau ferré de France au titre des frais de surveillance et de contrôle,Low-yield service-related levy on production paid by businesses,Low-yield service-related levy on production paid by businesses. Collector: Ministère de la transition écologique et de la cohésion des territoires. Beneficiary: Budget général.,,,"Cour des comptes, Les taxes a faible rendement, annex listing, Apr 2025; file: code/data/france_tax/20250417-annexe-listing-des-taxes-concernees.xlsx; Cour Inventaire sheet id 159; Enjeu 2024",Cour low-yield-tax inventory id 159. Status: En vigueur entre 2019 et 2024. Objective: Service rendu; payer: Entreprises; base: Production. The Cour annex is an individual-tax inventory and may overlap with Eurostat grouped/aggregate NTL rows; do not sum both sources without reconciliation. English name is a descriptive label generated from the Cour structured fields; the Cour annex does not provide an official English legal title. No known or estimated 2024 yield in the Cour annex; cannot be area-sized without an estimate.
Redevances communale et départementale des mines (part communale + part intercommunale + part départementale),Low-yield budget-raising levy on production paid by businesses,Low-yield budget-raising levy on production paid by businesses. Collector: DGFiP. Beneficiary: Communes / Départements.,19014735,0.000651,"Cour des comptes, Les taxes a faible rendement, annex listing, Apr 2025; file: code/data/france_tax/20250417-annexe-listing-des-taxes-concernees.xlsx; Cour Inventaire sheet id 161; Enjeu 2024","Cour low-yield-tax inventory id 161. Status: En vigueur entre 2019 et 2024. Objective: Rendement; payer: Entreprises; base: Production. The Cour annex is an individual-tax inventory and may overlap with Eurostat grouped/aggregate NTL rows; do not sum both sources without reconciliation. English name is a descriptive label generated from the Cour structured fields; the Cour annex does not provide an official English legal title. Cour Enjeu 2019: EUR 19.395m. Revenue is the Cour 'enjeu 2024' figure, in EUR after conversion from EUR millions."
Redevances cynégétiques,Low-yield service-related levy on consumption paid by individuals,"Low-yield service-related levy on consumption paid by individuals. Collector: Office français de la biodiversité (OFB), anciennement ONCFS. Beneficiary: Office français de la biodiversité (OFB), anciennement ONCFS.",52140127,0.001786,"Cour des comptes, Les taxes a faible rendement, annex listing, Apr 2025; file: code/data/france_tax/20250417-annexe-listing-des-taxes-concernees.xlsx; Cour Inventaire sheet id 162; Enjeu 2019 uprated to 2024 using INSEE CPI",Cour low-yield-tax inventory id 162. Status: En vigueur entre 2019 et 2024. Objective: Service rendu; payer: Particuliers; base: Consommation. The Cour annex is an individual-tax inventory and may overlap with Eurostat grouped/aggregate NTL rows; do not sum both sources without reconciliation. English name is a descriptive label generated from the Cour structured fields; the Cour annex does not provide an official English legal title. Cour Enjeu 2019: EUR 45.365m. No Cour Enjeu 2024 figure; revenue is an estimate from Cour Enjeu 2019 uprated to 2024 using INSEE annual-average CPI inflation for 2020-2024. CPI uprating factor used: 1.149347008.
Redevances d'usage des fréquences radioélectriques (part ANFR),Low-yield service-related levy on production paid by businesses,Low-yield service-related levy on production paid by businesses. Collector: DGFiP. Beneficiary: Budget général.,,,"Cour des comptes, Les taxes a faible rendement, annex listing, Apr 2025; file: code/data/france_tax/20250417-annexe-listing-des-taxes-concernees.xlsx; Cour Inventaire sheet id 164; Enjeu 2024",Cour low-yield-tax inventory id 164. Status: En vigueur entre 2019 et 2024. Objective: Service rendu; payer: Entreprises; base: Production. The Cour annex is an individual-tax inventory and may overlap with Eurostat grouped/aggregate NTL rows; do not sum both sources without reconciliation. English name is a descriptive label generated from the Cour structured fields; the Cour annex does not provide an official English legal title. No known or estimated 2024 yield in the Cour annex; cannot be area-sized without an estimate.
Redevances de l’eau dans les départements d’outre-mer,Low-yield budget-raising levy on consumption paid by businesses,Low-yield budget-raising levy on consumption paid by businesses. Collector: Agences de l'eau. Beneficiary: Offices de l'eau d'outre-mer.,28000000,0.000959,"Cour des comptes, Les taxes a faible rendement, annex listing, Apr 2025; file: code/data/france_tax/20250417-annexe-listing-des-taxes-concernees.xlsx; Cour Inventaire sheet id 163; Enjeu 2024","Cour low-yield-tax inventory id 163. Status: En vigueur entre 2019 et 2024. Objective: Rendement; payer: Entreprises; base: Consommation. The Cour annex is an individual-tax inventory and may overlap with Eurostat grouped/aggregate NTL rows; do not sum both sources without reconciliation. English name is a descriptive label generated from the Cour structured fields; the Cour annex does not provide an official English legal title. Cour Enjeu 2019: EUR 28m. Revenue is the Cour 'enjeu 2024' figure, in EUR after conversion from EUR millions."
Redevances perçues par l'INPI,Low-yield service-related levy on production paid by businesses,Low-yield service-related levy on production paid by businesses. Collector: Institut National de la Propriété Industrielle (INPI). Beneficiary: Institut national de la propriété industrielle (INPI).,170000000,0.005822,"Cour des comptes, Les taxes a faible rendement, annex listing, Apr 2025; file: code/data/france_tax/20250417-annexe-listing-des-taxes-concernees.xlsx; Cour Inventaire sheet id 165; Enjeu 2024","Cour low-yield-tax inventory id 165. Status: En vigueur entre 2019 et 2024. Objective: Service rendu; payer: Entreprises; base: Production. The Cour annex is an individual-tax inventory and may overlap with Eurostat grouped/aggregate NTL rows; do not sum both sources without reconciliation. English name is a descriptive label generated from the Cour structured fields; the Cour annex does not provide an official English legal title. Cour Enjeu 2019: EUR 234.837m. Revenue is the Cour 'enjeu 2024' figure, in EUR after conversion from EUR millions."
"Redevances perçues pour la surveillance des établissements de jeux, hippodromes et cynodromes",Low-yield service-related levy on consumption paid by businesses,Low-yield service-related levy on consumption paid by businesses. Collector: DGFiP. Beneficiary: Budget général.,,,"Cour des comptes, Les taxes a faible rendement, annex listing, Apr 2025; file: code/data/france_tax/20250417-annexe-listing-des-taxes-concernees.xlsx; Cour Inventaire sheet id 166; Enjeu 2024",Cour low-yield-tax inventory id 166. Status: En vigueur entre 2019 et 2024. Objective: Service rendu; payer: Entreprises; base: Consommation. The Cour annex is an individual-tax inventory and may overlap with Eurostat grouped/aggregate NTL rows; do not sum both sources without reconciliation. English name is a descriptive label generated from the Cour structured fields; the Cour annex does not provide an official English legal title. No known or estimated 2024 yield in the Cour annex; cannot be area-sized without an estimate.
Redevances pour pollutions diffuses,Low-yield behavioural incentive levy on consumption paid by businesses,Low-yield behavioural incentive levy on consumption paid by businesses. Collector: Agences de l'eau. Beneficiary: Agences de l'eau / Office national de l'eau et des milieux aquatiques (ONEMA).,,,"Cour des comptes, Les taxes a faible rendement, annex listing, Apr 2025; file: code/data/france_tax/20250417-annexe-listing-des-taxes-concernees.xlsx; Cour Inventaire sheet id 167; Enjeu 2024",Cour low-yield-tax inventory id 167. Status: En vigueur entre 2019 et 2024. Objective: Incitation; payer: Entreprises; base: Consommation. The Cour annex is an individual-tax inventory and may overlap with Eurostat grouped/aggregate NTL rows; do not sum both sources without reconciliation. English name is a descriptive label generated from the Cour structured fields; the Cour annex does not provide an official English legal title. No known or estimated 2024 yield in the Cour annex; cannot be area-sized without an estimate.
Redevances proportionnelles sur l'énergie hydraulique,Low-yield service-related levy on production paid by businesses,Low-yield service-related levy on production paid by businesses. Collector: Ministère de la transition écologique et de la cohésion des territoires. Beneficiary: Budget général / Communes / Départements.,19915700,0.000682,"Cour des comptes, Les taxes a faible rendement, annex listing, Apr 2025; file: code/data/france_tax/20250417-annexe-listing-des-taxes-concernees.xlsx; Cour Inventaire sheet id 168; Enjeu 2024","Cour low-yield-tax inventory id 168. Status: En vigueur entre 2019 et 2024. Objective: Service rendu; payer: Entreprises; base: Production. The Cour annex is an individual-tax inventory and may overlap with Eurostat grouped/aggregate NTL rows; do not sum both sources without reconciliation. English name is a descriptive label generated from the Cour structured fields; the Cour annex does not provide an official English legal title. Cour Enjeu 2019: EUR 2.258m. Revenue is the Cour 'enjeu 2024' figure, in EUR after conversion from EUR millions."
Redevances sur les prélèvements de l'eau,Usage fee on water extraction,Eurostat national-tax-list line classified as ESA code D214H. Economic function: consumption. Environmental/property tag: pollution.,826000000,0.028289,"Eurostat, National Tax Lists - individual taxes, updated 22 Apr 2026; file: code/data/france_tax/eurostat_national_tax_lists_2025_2026-04-22.xlsx; FR sheet; STO D214H; DETAILS C07; 2024","Eurostat NTL covers general government plus EU institutions (S.13 + S.212), so local taxes are in scope."
Redevances UMTS 2G et 3G,Low-yield service-related levy on production paid by businesses,Low-yield service-related levy on production paid by businesses. Collector: Autorité de régulation des communications électroniques et des postes (ARCEP). Beneficiary: Caisse nationale d'assurance-vieillesse (CNAV).,33731966,0.001155,"Cour des comptes, Les taxes a faible rendement, annex listing, Apr 2025; file: code/data/france_tax/20250417-annexe-listing-des-taxes-concernees.xlsx; Cour Inventaire sheet id 170; Enjeu 2024","Cour low-yield-tax inventory id 170. Status: En vigueur entre 2019 et 2024. Objective: Service rendu; payer: Entreprises; base: Production. The Cour annex is an individual-tax inventory and may overlap with Eurostat grouped/aggregate NTL rows; do not sum both sources without reconciliation. English name is a descriptive label generated from the Cour structured fields; the Cour annex does not provide an official English legal title. Cour Enjeu 2019: EUR 23m. Revenue is the Cour 'enjeu 2024' figure, in EUR after conversion from EUR millions."
Retenue sur les bénéfices non commerciaux,Tax on non business profits,Eurostat national-tax-list line classified as ESA code D51O. Economic function: corporate capital income.,660000000,0.022604,"Eurostat, National Tax Lists - individual taxes, updated 22 Apr 2026; file: code/data/france_tax/eurostat_national_tax_lists_2025_2026-04-22.xlsx; FR sheet; STO D51O; DETAILS C07; 2024","Eurostat NTL covers general government plus EU institutions (S.13 + S.212), so local taxes are in scope."
"Sommes constatées par les clubs de jeux au titre des ""orphelins""",Low-yield budget-raising levy on production paid by businesses,Low-yield budget-raising levy on production paid by businesses. Collector: DGFiP. Beneficiary: Centre communal d'action sociale de la ville de Paris.,,,"Cour des comptes, Les taxes a faible rendement, annex listing, Apr 2025; file: code/data/france_tax/20250417-annexe-listing-des-taxes-concernees.xlsx; Cour Inventaire sheet id 341; Enjeu 2024",Cour low-yield-tax inventory id 341. Status: Créée entre 2019 et 2024. Objective: Rendement; payer: Entreprises; base: Production. The Cour annex is an individual-tax inventory and may overlap with Eurostat grouped/aggregate NTL rows; do not sum both sources without reconciliation. English name is a descriptive label generated from the Cour structured fields; the Cour annex does not provide an official English legal title. No known or estimated 2024 yield in the Cour annex; cannot be area-sized without an estimate.
Soulte rhum et tafias,Low-yield behavioural incentive levy on production paid by businesses,Low-yield behavioural incentive levy on production paid by businesses. Collector: DGDDI. Beneficiary: Budget général.,,,"Cour des comptes, Les taxes a faible rendement, annex listing, Apr 2025; file: code/data/france_tax/20250417-annexe-listing-des-taxes-concernees.xlsx; Cour Inventaire sheet id 347; Enjeu 2024",Cour low-yield-tax inventory id 347. Status: En vigueur entre 2019 et 2024. Objective: Incitation; payer: Entreprises; base: Production. The Cour annex is an individual-tax inventory and may overlap with Eurostat grouped/aggregate NTL rows; do not sum both sources without reconciliation. English name is a descriptive label generated from the Cour structured fields; the Cour annex does not provide an official English legal title. No known or estimated 2024 yield in the Cour annex; cannot be area-sized without an estimate.
Surtaxe sur les eaux minérales,Low-yield budget-raising levy on production paid by businesses,Low-yield budget-raising levy on production paid by businesses. Collector: DGFiP. Beneficiary: Communes / Départements.,19989326,0.000685,"Cour des comptes, Les taxes a faible rendement, annex listing, Apr 2025; file: code/data/france_tax/20250417-annexe-listing-des-taxes-concernees.xlsx; Cour Inventaire sheet id 171; Enjeu 2024","Cour low-yield-tax inventory id 171. Status: En vigueur entre 2019 et 2024. Objective: Rendement; payer: Entreprises; base: Production. The Cour annex is an individual-tax inventory and may overlap with Eurostat grouped/aggregate NTL rows; do not sum both sources without reconciliation. English name is a descriptive label generated from the Cour structured fields; the Cour annex does not provide an official English legal title. Cour Enjeu 2019: EUR 22.587m. Revenue is the Cour 'enjeu 2024' figure, in EUR after conversion from EUR millions."
"TA-TINB - Taxe additionnelle à la taxe sur les installations nucléaires de base dite ""Accompagnement""",Low-yield budget-raising levy on production paid by businesses,"Low-yield budget-raising levy on production paid by businesses. Collector: DGFiP. Beneficiary: Groupements d'intérêt public ""Objectif Meuse"" / Groupements d'intérêt public ""Haute-Marne"".",65779428,0.002253,"Cour des comptes, Les taxes a faible rendement, annex listing, Apr 2025; file: code/data/france_tax/20250417-annexe-listing-des-taxes-concernees.xlsx; Cour Inventaire sheet id 173; Enjeu 2019 uprated to 2024 using INSEE CPI",Cour low-yield-tax inventory id 173. Status: En vigueur entre 2019 et 2024. Objective: Rendement; payer: Entreprises; base: Production. The Cour annex is an individual-tax inventory and may overlap with Eurostat grouped/aggregate NTL rows; do not sum both sources without reconciliation. English name is a descriptive label generated from the Cour structured fields; the Cour annex does not provide an official English legal title. Cour Enjeu 2019: EUR 57.232m. No Cour Enjeu 2024 figure; revenue is an estimate from Cour Enjeu 2019 uprated to 2024 using INSEE annual-average CPI inflation for 2020-2024. CPI uprating factor used: 1.149347008.
"TA-TINB - Taxe additionnelle à la taxe sur les installations nucléaires de base dite ""de stockage""",Low-yield budget-raising levy on production paid by businesses,"Low-yield budget-raising levy on production paid by businesses. Collector: DGFiP. Beneficiary: Communes, départements et EPCI proches de centres de stockage de déchets radioactifs.",3300000,0.000113,"Cour des comptes, Les taxes a faible rendement, annex listing, Apr 2025; file: code/data/france_tax/20250417-annexe-listing-des-taxes-concernees.xlsx; Cour Inventaire sheet id 174; Enjeu 2024","Cour low-yield-tax inventory id 174. Status: En vigueur entre 2019 et 2024. Objective: Rendement; payer: Entreprises; base: Production. The Cour annex is an individual-tax inventory and may overlap with Eurostat grouped/aggregate NTL rows; do not sum both sources without reconciliation. English name is a descriptive label generated from the Cour structured fields; the Cour annex does not provide an official English legal title. Cour Enjeu 2019: EUR 3.3m. Revenue is the Cour 'enjeu 2024' figure, in EUR after conversion from EUR millions."
"TA-TINB - Taxe additionnelle à la taxe sur les installations nucléaires de base dite ""Recherche""",Low-yield budget-raising levy on production paid by businesses,Low-yield budget-raising levy on production paid by businesses. Collector: DGFiP. Beneficiary: Agence nationale pour la gestion des déchets radioactifs (Andra).,63237400,0.002166,"Cour des comptes, Les taxes a faible rendement, annex listing, Apr 2025; file: code/data/france_tax/20250417-annexe-listing-des-taxes-concernees.xlsx; Cour Inventaire sheet id 176; Enjeu 2024","Cour low-yield-tax inventory id 176. Status: En vigueur entre 2019 et 2024. Objective: Rendement; payer: Entreprises; base: Production. The Cour annex is an individual-tax inventory and may overlap with Eurostat grouped/aggregate NTL rows; do not sum both sources without reconciliation. English name is a descriptive label generated from the Cour structured fields; the Cour annex does not provide an official English legal title. Cour Enjeu 2019: EUR 64.35m. Revenue is the Cour 'enjeu 2024' figure, in EUR after conversion from EUR millions."
Taxe additionnelle au droit de bail,Low-yield budget-raising levy on capital paid by individuals,Low-yield budget-raising levy on capital paid by individuals. Collector: DGFiP. Beneficiary: Budget général.,,,"Cour des comptes, Les taxes a faible rendement, annex listing, Apr 2025; file: code/data/france_tax/20250417-annexe-listing-des-taxes-concernees.xlsx; Cour Inventaire sheet id 184; Enjeu 2024",Cour low-yield-tax inventory id 184. Status: En vigueur entre 2019 et 2024. Objective: Rendement; payer: Particuliers; base: Capital. The Cour annex is an individual-tax inventory and may overlap with Eurostat grouped/aggregate NTL rows; do not sum both sources without reconciliation. English name is a descriptive label generated from the Cour structured fields; the Cour annex does not provide an official English legal title. No known or estimated 2024 yield in the Cour annex; cannot be area-sized without an estimate.
Taxe additionnelle départementale à la taxe de séjour,Low-yield budget-raising levy on consumption paid by individuals,Low-yield budget-raising levy on consumption paid by individuals. Collector: Communes / Groupements de communes. Beneficiary: Départements.,71402694,0.002445,"Cour des comptes, Les taxes a faible rendement, annex listing, Apr 2025; file: code/data/france_tax/20250417-annexe-listing-des-taxes-concernees.xlsx; Cour Inventaire sheet id 185; Enjeu 2024","Cour low-yield-tax inventory id 185. Status: En vigueur entre 2019 et 2024. Objective: Rendement; payer: Particuliers; base: Consommation. The Cour annex is an individual-tax inventory and may overlap with Eurostat grouped/aggregate NTL rows; do not sum both sources without reconciliation. English name is a descriptive label generated from the Cour structured fields; the Cour annex does not provide an official English legal title. Cour Enjeu 2019: EUR 49.943m. Revenue is the Cour 'enjeu 2024' figure, in EUR after conversion from EUR millions."
Taxe additionnelle régionale de 15% à la taxe de séjour IDF,Low-yield budget-raising levy on consumption paid by individuals,Low-yield budget-raising levy on consumption paid by individuals. Collector: Région Ile-de-France. Beneficiary: Société des grands projets (SGP).,15000000,0.000514,"Cour des comptes, Les taxes a faible rendement, annex listing, Apr 2025; file: code/data/france_tax/20250417-annexe-listing-des-taxes-concernees.xlsx; Cour Inventaire sheet id 186; Enjeu 2024","Cour low-yield-tax inventory id 186. Status: Créée entre 2019 et 2024. Objective: Rendement; payer: Particuliers; base: Consommation. The Cour annex is an individual-tax inventory and may overlap with Eurostat grouped/aggregate NTL rows; do not sum both sources without reconciliation. English name is a descriptive label generated from the Cour structured fields; the Cour annex does not provide an official English legal title. Cour Enjeu 2019: EUR 1.5m. Revenue is the Cour 'enjeu 2024' figure, in EUR after conversion from EUR millions."
Taxe additionnelle sur le foncier non-bâti,Low-yield budget-raising levy on capital paid by individuals,Low-yield budget-raising levy on capital paid by individuals. Collector: DGFiP. Beneficiary: Collectivités territoriales.,94200000,0.003226,"Cour des comptes, Les taxes a faible rendement, annex listing, Apr 2025; file: code/data/france_tax/20250417-annexe-listing-des-taxes-concernees.xlsx; Cour Inventaire sheet id 354; Enjeu 2024","Cour low-yield-tax inventory id 354. Status: Créée entre 2019 et 2024. Objective: Rendement; payer: Particuliers; base: Capital. The Cour annex is an individual-tax inventory and may overlap with Eurostat grouped/aggregate NTL rows; do not sum both sources without reconciliation. English name is a descriptive label generated from the Cour structured fields; the Cour annex does not provide an official English legal title. Revenue is the Cour 'enjeu 2024' figure, in EUR after conversion from EUR millions."
Taxe additionnelle à la TASCOM,Low-yield budget-raising levy on production paid by businesses,Low-yield budget-raising levy on production paid by businesses. Collector: DGFiP. Beneficiary: Budget général.,,,"Cour des comptes, Les taxes a faible rendement, annex listing, Apr 2025; file: code/data/france_tax/20250417-annexe-listing-des-taxes-concernees.xlsx; Cour Inventaire sheet id 178; Enjeu 2024",Cour low-yield-tax inventory id 178. Status: En vigueur entre 2019 et 2024. Objective: Rendement; payer: Entreprises; base: Production. The Cour annex is an individual-tax inventory and may overlap with Eurostat grouped/aggregate NTL rows; do not sum both sources without reconciliation. English name is a descriptive label generated from the Cour structured fields; the Cour annex does not provide an official English legal title. No known or estimated 2024 yield in the Cour annex; cannot be area-sized without an estimate.
"Taxe additionnelle à la taxe de séjour dans les départements de l'Hérault, de l'Aude et des Pyrénées-Orientales",Low-yield budget-raising levy on consumption paid by individuals,Low-yield budget-raising levy on consumption paid by individuals. Collector: Communes / Groupements de communes. Beneficiary: Société de la Ligne Nouvelle Montpellier-Perpignan.,,,"Cour des comptes, Les taxes a faible rendement, annex listing, Apr 2025; file: code/data/france_tax/20250417-annexe-listing-des-taxes-concernees.xlsx; Cour Inventaire sheet id 351; Enjeu 2024",Cour low-yield-tax inventory id 351. Status: Créée entre 2019 et 2024. Objective: Rendement; payer: Particuliers; base: Consommation. The Cour annex is an individual-tax inventory and may overlap with Eurostat grouped/aggregate NTL rows; do not sum both sources without reconciliation. English name is a descriptive label generated from the Cour structured fields; the Cour annex does not provide an official English legal title. No known or estimated 2024 yield in the Cour annex; cannot be area-sized without an estimate.
"Taxe additionnelle à la taxe de séjour dans les départements de la Gironde, des Landes, du Lot-et-Garonne, des Pyrénées-Atlantiques, de la Haute-Garonne, du Gers, des Hautes-Pyrénées, de l'Ariège, du Lot, du Tarn et du Tarn-et-Garonne",Low-yield budget-raising levy on consumption paid by individuals,Low-yield budget-raising levy on consumption paid by individuals. Collector: Communes / Groupements de communes. Beneficiary: Société du Grand Projet du Sud-Ouest (SGPSO).,,,"Cour des comptes, Les taxes a faible rendement, annex listing, Apr 2025; file: code/data/france_tax/20250417-annexe-listing-des-taxes-concernees.xlsx; Cour Inventaire sheet id 350; Enjeu 2024",Cour low-yield-tax inventory id 350. Status: Créée entre 2019 et 2024. Objective: Rendement; payer: Particuliers; base: Consommation. The Cour annex is an individual-tax inventory and may overlap with Eurostat grouped/aggregate NTL rows; do not sum both sources without reconciliation. English name is a descriptive label generated from the Cour structured fields; the Cour annex does not provide an official English legal title. No known or estimated 2024 yield in the Cour annex; cannot be area-sized without an estimate.
"Taxe additionnelle à la taxe de séjour dans les départements des Bouches-du-Rhône, du Var et des Alpes-Maritimes",Low-yield budget-raising levy on consumption paid by individuals,Low-yield budget-raising levy on consumption paid by individuals. Collector: Communes / Groupements de communes. Beneficiary: Société de la Ligne Nouvelle Provence Côte d'Azur.,,,"Cour des comptes, Les taxes a faible rendement, annex listing, Apr 2025; file: code/data/france_tax/20250417-annexe-listing-des-taxes-concernees.xlsx; Cour Inventaire sheet id 349; Enjeu 2024",Cour low-yield-tax inventory id 349. Status: Créée entre 2019 et 2024. Objective: Rendement; payer: Particuliers; base: Consommation. The Cour annex is an individual-tax inventory and may overlap with Eurostat grouped/aggregate NTL rows; do not sum both sources without reconciliation. English name is a descriptive label generated from the Cour structured fields; the Cour annex does not provide an official English legal title. No known or estimated 2024 yield in the Cour annex; cannot be area-sized without an estimate.
Taxe additionnelle à la taxe sur les certificats d'immatriculation des véhicules de tourisme (Art 34 LFI 2018),Low-yield budget-raising levy on consumption paid by individuals,Low-yield budget-raising levy on consumption paid by individuals. Collector: Professionnels du commerce de l'automobile titulaires d'une commission délivrée par l'administration des finances et ministère intérieur. Beneficiary: Budget général.,,,"Cour des comptes, Les taxes a faible rendement, annex listing, Apr 2025; file: code/data/france_tax/20250417-annexe-listing-des-taxes-concernees.xlsx; Cour Inventaire sheet id 182; Enjeu 2024",Cour low-yield-tax inventory id 182. Status: En vigueur entre 2019 et 2024. Objective: Rendement; payer: Particuliers; base: Consommation. The Cour annex is an individual-tax inventory and may overlap with Eurostat grouped/aggregate NTL rows; do not sum both sources without reconciliation. English name is a descriptive label generated from the Cour structured fields; the Cour annex does not provide an official English legal title. No known or estimated 2024 yield in the Cour annex; cannot be area-sized without an estimate.
Taxe affectée au financement de l'institut des corps gras,Low-yield budget-raising levy on consumption paid by businesses,Low-yield budget-raising levy on consumption paid by businesses. Collector: Etablissement national des produits de l’agriculture et de la mer (FranceAgriMer). Beneficiary: Institut des corps gras (ITERG).,602515,0.000021,"Cour des comptes, Les taxes a faible rendement, annex listing, Apr 2025; file: code/data/france_tax/20250417-annexe-listing-des-taxes-concernees.xlsx; Cour Inventaire sheet id 190; Enjeu 2024","Cour low-yield-tax inventory id 190. Status: En vigueur entre 2019 et 2024. Objective: Rendement; payer: Entreprises; base: Consommation. The Cour annex is an individual-tax inventory and may overlap with Eurostat grouped/aggregate NTL rows; do not sum both sources without reconciliation. English name is a descriptive label generated from the Cour structured fields; the Cour annex does not provide an official English legal title. Cour Enjeu 2019: EUR 0.509m. Revenue is the Cour 'enjeu 2024' figure, in EUR after conversion from EUR millions."
Taxe affectée au financement d’un nouveau Centre Technique Industriel de la plasturgie et des composites,Low-yield market-failure correction levy on consumption paid by businesses,Low-yield market-failure correction levy on consumption paid by businesses. Collector: DGDDI. Beneficiary: Centre technique industriel de la plasturgie et des composites (CTIPC).,7440000,0.000255,"Cour des comptes, Les taxes a faible rendement, annex listing, Apr 2025; file: code/data/france_tax/20250417-annexe-listing-des-taxes-concernees.xlsx; Cour Inventaire sheet id 189; Enjeu 2024","Cour low-yield-tax inventory id 189. Status: En vigueur entre 2019 et 2024. Objective: Correction défaillance marché; payer: Entreprises; base: Consommation. The Cour annex is an individual-tax inventory and may overlap with Eurostat grouped/aggregate NTL rows; do not sum both sources without reconciliation. English name is a descriptive label generated from the Cour structured fields; the Cour annex does not provide an official English legal title. Cour Enjeu 2019: EUR 6.376m. Revenue is the Cour 'enjeu 2024' figure, in EUR after conversion from EUR millions."
Taxe annuelle due par les laboratoires de biologie médicale,Low-yield budget-raising levy on production paid by businesses,Low-yield budget-raising levy on production paid by businesses. Collector: Agences régionales de santé (ARS). Beneficiary: Caisse nationale d'assurance-maladie (CNAM).,71000000,0.002432,"Cour des comptes, Les taxes a faible rendement, annex listing, Apr 2025; file: code/data/france_tax/20250417-annexe-listing-des-taxes-concernees.xlsx; Cour Inventaire sheet id 192; Enjeu 2024","Cour low-yield-tax inventory id 192. Status: En vigueur entre 2019 et 2024. Objective: Rendement; payer: Entreprises; base: Production. The Cour annex is an individual-tax inventory and may overlap with Eurostat grouped/aggregate NTL rows; do not sum both sources without reconciliation. English name is a descriptive label generated from the Cour structured fields; the Cour annex does not provide an official English legal title. Revenue is the Cour 'enjeu 2024' figure, in EUR after conversion from EUR millions."
Taxe annuelle sur la vente des produits phytopharmaceutiques,Low-yield behavioural incentive levy on consumption paid by businesses,Low-yield behavioural incentive levy on consumption paid by businesses. Collector: DGFiP. Beneficiary: Agence nationale de sécurité sanitaire (Anses).,4179000,0.000143,"Cour des comptes, Les taxes a faible rendement, annex listing, Apr 2025; file: code/data/france_tax/20250417-annexe-listing-des-taxes-concernees.xlsx; Cour Inventaire sheet id 194; Enjeu 2024","Cour low-yield-tax inventory id 194. Status: En vigueur entre 2019 et 2024. Objective: Incitation; payer: Entreprises; base: Consommation. The Cour annex is an individual-tax inventory and may overlap with Eurostat grouped/aggregate NTL rows; do not sum both sources without reconciliation. English name is a descriptive label generated from the Cour structured fields; the Cour annex does not provide an official English legal title. Cour Enjeu 2019: EUR 4.42m. Revenue is the Cour 'enjeu 2024' figure, in EUR after conversion from EUR millions."
"Taxe annuelle sur les engins maritimes à usage personnel (TAEMUP) – Part ""filière de responsabilité élargie du producteur""",Low-yield service-related levy on consumption paid by individuals,Low-yield service-related levy on consumption paid by individuals. Collector: Guichet unique de la fiscalité de la plaisance (GUFIP). Beneficiary: Filière de responsabilité élargie du producteur (REP) relative aux navires de plaisance et de sport hors d’usage (NPSHU).,44900000,0.001538,"Cour des comptes, Les taxes a faible rendement, annex listing, Apr 2025; file: code/data/france_tax/20250417-annexe-listing-des-taxes-concernees.xlsx; Cour Inventaire sheet id 197; Enjeu 2024","Cour low-yield-tax inventory id 197. Status: En vigueur entre 2019 et 2024. Objective: Service rendu; payer: Particuliers; base: Consommation. The Cour annex is an individual-tax inventory and may overlap with Eurostat grouped/aggregate NTL rows; do not sum both sources without reconciliation. English name is a descriptive label generated from the Cour structured fields; the Cour annex does not provide an official English legal title. Cour Enjeu 2019: EUR 0.876m. Revenue is the Cour 'enjeu 2024' figure, in EUR after conversion from EUR millions."
"Taxe annuelle sur les engins maritimes à usage personnel (TAEMUP) – Part ""organismes de secours et de sauvetage en mer agréés""",Low-yield service-related levy on consumption paid by individuals,Low-yield service-related levy on consumption paid by individuals. Collector: Guichet unique de la fiscalité de la plaisance (GUFIP). Beneficiary: Organismes de secours et de sauvetage en mer agréés (Art L742-9 Code de la sécurité intérieure).,44900000,0.001538,"Cour des comptes, Les taxes a faible rendement, annex listing, Apr 2025; file: code/data/france_tax/20250417-annexe-listing-des-taxes-concernees.xlsx; Cour Inventaire sheet id 198; Enjeu 2024","Cour low-yield-tax inventory id 198. Status: En vigueur entre 2019 et 2024. Objective: Service rendu; payer: Particuliers; base: Consommation. The Cour annex is an individual-tax inventory and may overlap with Eurostat grouped/aggregate NTL rows; do not sum both sources without reconciliation. English name is a descriptive label generated from the Cour structured fields; the Cour annex does not provide an official English legal title. Revenue is the Cour 'enjeu 2024' figure, in EUR after conversion from EUR millions."
"Taxe annuelle sur les engins maritimes à usage personnel (TAEMUP), fraction perçue sur les engins battant pavillon français (ex-Droit annuel de francisation et de navigation hors Corse - Fraction CELRL)",Low-yield service-related levy on capital paid by individuals,"Low-yield service-related levy on capital paid by individuals. Collector: Direction générale des affaires maritimes, de la pêche et de l'aquaculture (DGAMPA). Beneficiary: Conservatoire de l'espace littoral et des rivages lacustres.",44900000,0.001538,"Cour des comptes, Les taxes a faible rendement, annex listing, Apr 2025; file: code/data/france_tax/20250417-annexe-listing-des-taxes-concernees.xlsx; Cour Inventaire sheet id 59; Enjeu 2024","Cour low-yield-tax inventory id 59. Status: En vigueur entre 2019 et 2024. Objective: Service rendu; payer: Particuliers; base: Capital. The Cour annex is an individual-tax inventory and may overlap with Eurostat grouped/aggregate NTL rows; do not sum both sources without reconciliation. English name is a descriptive label generated from the Cour structured fields; the Cour annex does not provide an official English legal title. Cour Enjeu 2019: EUR 38.5m. Revenue is the Cour 'enjeu 2024' figure, in EUR after conversion from EUR millions."
"Taxe annuelle sur les engins maritimes à usage personnel, fraction perçue sur les engins ne battant pas pavillon français (ex-Droit de passeport (applicable aux grands navires de plaisance))",Low-yield budget-raising levy on capital paid by individuals,Low-yield budget-raising levy on capital paid by individuals. Collector: DGDDI. Beneficiary: Budget général.,160000,0.000005,"Cour des comptes, Les taxes a faible rendement, annex listing, Apr 2025; file: code/data/france_tax/20250417-annexe-listing-des-taxes-concernees.xlsx; Cour Inventaire sheet id 65; Enjeu 2024","Cour low-yield-tax inventory id 65. Status: En vigueur entre 2019 et 2024. Objective: Rendement; payer: Particuliers; base: Capital. The Cour annex is an individual-tax inventory and may overlap with Eurostat grouped/aggregate NTL rows; do not sum both sources without reconciliation. English name is a descriptive label generated from the Cour structured fields; the Cour annex does not provide an official English legal title. Revenue is the Cour 'enjeu 2024' figure, in EUR after conversion from EUR millions."
"Taxe annuelle sur les locaux à usage de bureaux, les locaux commerciaux, les locaux de stockage et les surfaces de stationnement annexées à ces catégories de locaux perçue dans la région Ile-de-France",Low-yield budget-raising levy on capital paid by businesses,Low-yield budget-raising levy on capital paid by businesses. Collector: DGFiP. Beneficiary: Fonds national d'aide au logement (FNAL).,24200000,0.000829,"Cour des comptes, Les taxes a faible rendement, annex listing, Apr 2025; file: code/data/france_tax/20250417-annexe-listing-des-taxes-concernees.xlsx; Cour Inventaire sheet id 199; Enjeu 2024","Cour low-yield-tax inventory id 199. Status: En vigueur entre 2019 et 2024. Objective: Rendement; payer: Entreprises; base: Capital. The Cour annex is an individual-tax inventory and may overlap with Eurostat grouped/aggregate NTL rows; do not sum both sources without reconciliation. English name is a descriptive label generated from the Cour structured fields; the Cour annex does not provide an official English legal title. Cour Enjeu 2019: EUR 116.1m. Revenue is the Cour 'enjeu 2024' figure, in EUR after conversion from EUR millions."
"Taxe annuelle sur les locaux à usage de bureaux, les locaux commerciaux, les locaux de stockage et les surfaces de stationnement perçue dans les départements des Bouches-du-Rhône, du Var et des Alpes-Maritimes",Low-yield service-related levy on capital paid by businesses,Low-yield service-related levy on capital paid by businesses. Collector: DGFiP. Beneficiary: Budget général.,,,"Cour des comptes, Les taxes a faible rendement, annex listing, Apr 2025; file: code/data/france_tax/20250417-annexe-listing-des-taxes-concernees.xlsx; Cour Inventaire sheet id 362; Enjeu 2024",Cour low-yield-tax inventory id 362. Status: Créée entre 2019 et 2024. Objective: Service rendu; payer: Entreprises; base: Capital. The Cour annex is an individual-tax inventory and may overlap with Eurostat grouped/aggregate NTL rows; do not sum both sources without reconciliation. English name is a descriptive label generated from the Cour structured fields; the Cour annex does not provide an official English legal title. No known or estimated 2024 yield in the Cour annex; cannot be area-sized without an estimate.
Taxe annuelle sur les logements vacants,Low-yield behavioural incentive levy on capital paid by individuals,Low-yield behavioural incentive levy on capital paid by individuals. Collector: DGFiP. Beneficiary: Agence nationale de l’habitat (ANAH).,100517292,0.003442,"Cour des comptes, Les taxes a faible rendement, annex listing, Apr 2025; file: code/data/france_tax/20250417-annexe-listing-des-taxes-concernees.xlsx; Cour Inventaire sheet id 200; Enjeu 2019 uprated to 2024 using INSEE CPI",Cour low-yield-tax inventory id 200. Status: En vigueur entre 2019 et 2024. Objective: Incitation; payer: Particuliers; base: Capital. The Cour annex is an individual-tax inventory and may overlap with Eurostat grouped/aggregate NTL rows; do not sum both sources without reconciliation. English name is a descriptive label generated from the Cour structured fields; the Cour annex does not provide an official English legal title. Cour Enjeu 2019: EUR 87.456m. No Cour Enjeu 2024 figure; revenue is an estimate from Cour Enjeu 2019 uprated to 2024 using INSEE annual-average CPI inflation for 2020-2024. CPI uprating factor used: 1.149347008.
Taxe annuelle sur les médicaments pharmaceutiques vétérinaires,Low-yield budget-raising levy on production paid by businesses,Low-yield budget-raising levy on production paid by businesses. Collector: Agence nationale de sécurité sanitaire (ANSES). Beneficiary: Agence nationale de sécurité sanitaire (Anses).,4450000,0.000152,"Cour des comptes, Les taxes a faible rendement, annex listing, Apr 2025; file: code/data/france_tax/20250417-annexe-listing-des-taxes-concernees.xlsx; Cour Inventaire sheet id 201; Enjeu 2024","Cour low-yield-tax inventory id 201. Status: En vigueur entre 2019 et 2024. Objective: Rendement; payer: Entreprises; base: Production. The Cour annex is an individual-tax inventory and may overlap with Eurostat grouped/aggregate NTL rows; do not sum both sources without reconciliation. English name is a descriptive label generated from the Cour structured fields; the Cour annex does not provide an official English legal title. Cour Enjeu 2019: EUR 3.701m. Revenue is the Cour 'enjeu 2024' figure, in EUR after conversion from EUR millions."
Taxe applicable aux demandes de validation d'une attestation d'accueil,Low-yield service-related levy on consumption paid by individuals,Low-yield service-related levy on consumption paid by individuals. Collector: Communes. Beneficiary: Office français de l'immigration et de l'intégration (OFII).,,,"Cour des comptes, Les taxes a faible rendement, annex listing, Apr 2025; file: code/data/france_tax/20250417-annexe-listing-des-taxes-concernees.xlsx; Cour Inventaire sheet id 203; Enjeu 2024",Cour low-yield-tax inventory id 203. Status: En vigueur entre 2019 et 2024. Objective: Service rendu; payer: Particuliers; base: Consommation. The Cour annex is an individual-tax inventory and may overlap with Eurostat grouped/aggregate NTL rows; do not sum both sources without reconciliation. English name is a descriptive label generated from the Cour structured fields; the Cour annex does not provide an official English legal title. No known or estimated 2024 yield in the Cour annex; cannot be area-sized without an estimate.
Taxe chambre métier,Tax benefitting to the Chamber of Trades and Crafts,Eurostat national-tax-list line classified as ESA code D29A. Economic function: capital/stock of wealth.,214000000,0.007329,"Eurostat, National Tax Lists - individual taxes, updated 22 Apr 2026; file: code/data/france_tax/eurostat_national_tax_lists_2025_2026-04-22.xlsx; FR sheet; STO D29A; DETAILS C14; 2024","Eurostat NTL covers general government plus EU institutions (S.13 + S.212), so local taxes are in scope."
Taxe d'habitation - Part sur la consommation,Council tax - Tax on consumption,Eurostat national-tax-list line classified as ESA code D59A. Economic function: consumption. Environmental/property tag: recurrent immovable property.,1327000000,0.045447,"Eurostat, National Tax Lists - individual taxes, updated 22 Apr 2026; file: code/data/france_tax/eurostat_national_tax_lists_2025_2026-04-22.xlsx; FR sheet; STO D59A; DETAILS C05; 2024","Eurostat NTL covers general government plus EU institutions (S.13 + S.212), so local taxes are in scope."
Taxe d'habitation - Part sur le capital,Council tax - Tax on capital,Eurostat national-tax-list line classified as ESA code D59A. Economic function: capital/stock of wealth. Environmental/property tag: recurrent immovable property.,1990000000,0.068153,"Eurostat, National Tax Lists - individual taxes, updated 22 Apr 2026; file: code/data/france_tax/eurostat_national_tax_lists_2025_2026-04-22.xlsx; FR sheet; STO D59A; DETAILS C04; 2024","Eurostat NTL covers general government plus EU institutions (S.13 + S.212), so local taxes are in scope."
Taxe d'habitation sur les logements vacants,Low-yield behavioural incentive levy on capital paid by individuals,Low-yield behavioural incentive levy on capital paid by individuals. Collector: DGFiP. Beneficiary: Communes / EPCI.,,,"Cour des comptes, Les taxes a faible rendement, annex listing, Apr 2025; file: code/data/france_tax/20250417-annexe-listing-des-taxes-concernees.xlsx; Cour Inventaire sheet id 212; Enjeu 2024",Cour low-yield-tax inventory id 212. Status: En vigueur entre 2019 et 2024. Objective: Incitation; payer: Particuliers; base: Capital. The Cour annex is an individual-tax inventory and may overlap with Eurostat grouped/aggregate NTL rows; do not sum both sources without reconciliation. English name is a descriptive label generated from the Cour structured fields; the Cour annex does not provide an official English legal title. No known or estimated 2024 yield in the Cour annex; cannot be area-sized without an estimate.
Taxe de balayage,Low-yield budget-raising levy on capital paid by individuals,Low-yield budget-raising levy on capital paid by individuals. Collector: Direction générale des collectivités locales (DGCL). Beneficiary: Communes.,117511142,0.004024,"Cour des comptes, Les taxes a faible rendement, annex listing, Apr 2025; file: code/data/france_tax/20250417-annexe-listing-des-taxes-concernees.xlsx; Cour Inventaire sheet id 206; Enjeu 2024","Cour low-yield-tax inventory id 206. Status: En vigueur entre 2019 et 2024. Objective: Rendement; payer: Particuliers; base: Capital. The Cour annex is an individual-tax inventory and may overlap with Eurostat grouped/aggregate NTL rows; do not sum both sources without reconciliation. English name is a descriptive label generated from the Cour structured fields; the Cour annex does not provide an official English legal title. Cour Enjeu 2019: EUR 110.34m. Revenue is the Cour 'enjeu 2024' figure, in EUR after conversion from EUR millions."
Taxe de protection des obtentions végétales,Low-yield service-related levy on consumption paid by businesses,Low-yield service-related levy on consumption paid by businesses. Collector: Comité de protection des obtentions végétales (CPOV). Beneficiary: Comité de protection des obtentions végétales (CPOV).,,,"Cour des comptes, Les taxes a faible rendement, annex listing, Apr 2025; file: code/data/france_tax/20250417-annexe-listing-des-taxes-concernees.xlsx; Cour Inventaire sheet id 207; Enjeu 2024",Cour low-yield-tax inventory id 207. Status: En vigueur entre 2019 et 2024. Objective: Service rendu; payer: Entreprises; base: Consommation. The Cour annex is an individual-tax inventory and may overlap with Eurostat grouped/aggregate NTL rows; do not sum both sources without reconciliation. English name is a descriptive label generated from the Cour structured fields; the Cour annex does not provide an official English legal title. No known or estimated 2024 yield in the Cour annex; cannot be area-sized without an estimate.
Taxe de risque systémique,Tax on systemic risk,Eurostat national-tax-list line classified as ESA code D59F. Economic function: capital/stock of wealth. Environmental/property tag: other property.,28000000,0.000959,"Eurostat, National Tax Lists - individual taxes, updated 22 Apr 2026; file: code/data/france_tax/eurostat_national_tax_lists_2025_2026-04-22.xlsx; FR sheet; STO D59F; DETAILS C02; 2024","Eurostat NTL covers general government plus EU institutions (S.13 + S.212), so local taxes are in scope."
Taxe de solidarité additionnelle,Solidarity tax on supplementary health insurance,Eurostat national-tax-list line classified as ESA code D214G. Economic function: consumption.,6211000000,0.212713,"Eurostat, National Tax Lists - individual taxes, updated 22 Apr 2026; file: code/data/france_tax/eurostat_national_tax_lists_2025_2026-04-22.xlsx; FR sheet; STO D214G; DETAILS C01; 2024","Eurostat NTL covers general government plus EU institutions (S.13 + S.212), so local taxes are in scope."
Taxe destinée à financer le développement de la formation professionnelle dans les transports routiers,Low-yield market-failure correction levy on capital paid by businesses,"Low-yield market-failure correction levy on capital paid by businesses. Collector: Ministère des transports et de la mobilité durable. Beneficiary: AFTRAL, anciennement AFT-IFTIM.",62000000,0.002123,"Cour des comptes, Les taxes a faible rendement, annex listing, Apr 2025; file: code/data/france_tax/20250417-annexe-listing-des-taxes-concernees.xlsx; Cour Inventaire sheet id 211; Enjeu 2024","Cour low-yield-tax inventory id 211. Status: En vigueur entre 2019 et 2024. Objective: Correction défaillance marché; payer: Entreprises; base: Capital. The Cour annex is an individual-tax inventory and may overlap with Eurostat grouped/aggregate NTL rows; do not sum both sources without reconciliation. English name is a descriptive label generated from the Cour structured fields; the Cour annex does not provide an official English legal title. Cour Enjeu 2019: EUR 63.426m. Revenue is the Cour 'enjeu 2024' figure, in EUR after conversion from EUR millions."
"Taxe due par les concessionnaires de mines d'or, les amodiataires des concessions de mines d'or et les titulaires de permis et d'autorisations d'exploitation de mines d'or exploitées en Guyane (taxe additionnelle aurifère)",Low-yield budget-raising levy on production paid by businesses,Low-yield budget-raising levy on production paid by businesses. Collector: DGFiP. Beneficiary: Collectivités territoriales de l'outre-mer.,,,"Cour des comptes, Les taxes a faible rendement, annex listing, Apr 2025; file: code/data/france_tax/20250417-annexe-listing-des-taxes-concernees.xlsx; Cour Inventaire sheet id 213; Enjeu 2024",Cour low-yield-tax inventory id 213. Status: En vigueur entre 2019 et 2024. Objective: Rendement; payer: Entreprises; base: Production. The Cour annex is an individual-tax inventory and may overlap with Eurostat grouped/aggregate NTL rows; do not sum both sources without reconciliation. English name is a descriptive label generated from the Cour structured fields; the Cour annex does not provide an official English legal title. No known or estimated 2024 yield in the Cour annex; cannot be area-sized without an estimate.
"Taxe due par les entreprises de transport public aérien et maritime (Corse, DOM)",Tax paid by air and water public transport corporations (Corse and oversea territories),Eurostat national-tax-list line classified as ESA code D29B. Economic function: capital/stock of wealth. Environmental/property tag: transport.,47000000,0.001610,"Eurostat, National Tax Lists - individual taxes, updated 22 Apr 2026; file: code/data/france_tax/eurostat_national_tax_lists_2025_2026-04-22.xlsx; FR sheet; STO D29B; DETAILS C05; 2024","Eurostat NTL covers general government plus EU institutions (S.13 + S.212), so local taxes are in scope."
Taxe due par les opérateurs de communications électroniques,Tax on electronic communications,Eurostat national-tax-list line classified as ESA code D214H. Economic function: consumption.,236000000,0.008082,"Eurostat, National Tax Lists - individual taxes, updated 22 Apr 2026; file: code/data/france_tax/eurostat_national_tax_lists_2025_2026-04-22.xlsx; FR sheet; STO D214H; DETAILS C11; 2024","Eurostat NTL covers general government plus EU institutions (S.13 + S.212), so local taxes are in scope."
Taxe départementale additionnelle à certains droits d'enregistrement,Low-yield budget-raising levy on capital paid by individuals,Low-yield budget-raising levy on capital paid by individuals. Collector: DGFiP. Beneficiary: Départements.,122205226,0.004185,"Cour des comptes, Les taxes a faible rendement, annex listing, Apr 2025; file: code/data/france_tax/20250417-annexe-listing-des-taxes-concernees.xlsx; Cour Inventaire sheet id 210; Enjeu 2024","Cour low-yield-tax inventory id 210. Status: En vigueur entre 2019 et 2024. Objective: Rendement; payer: Particuliers; base: Capital. The Cour annex is an individual-tax inventory and may overlap with Eurostat grouped/aggregate NTL rows; do not sum both sources without reconciliation. English name is a descriptive label generated from the Cour structured fields; the Cour annex does not provide an official English legal title. Cour Enjeu 2019: EUR 146.943m. Revenue is the Cour 'enjeu 2024' figure, in EUR after conversion from EUR millions."
Taxe exceptionnelle de solidarité sur les hautes rémunérations,Exceptional levy on high wages,Eurostat national-tax-list line classified as ESA code D29C. Economic function: employer labour.,2000000,0.000068,"Eurostat, National Tax Lists - individual taxes, updated 22 Apr 2026; file: code/data/france_tax/eurostat_national_tax_lists_2025_2026-04-22.xlsx; FR sheet; STO D29C; DETAILS C11; 2024","Eurostat NTL covers general government plus EU institutions (S.13 + S.212), so local taxes are in scope."
Taxe exceptionnelle sur la réserve de capitalisation (exit-tax),Low-yield budget-raising levy on capital paid by individuals,Low-yield budget-raising levy on capital paid by individuals. Collector: DGFiP. Beneficiary: Caisse nationale d'allocations familiales (CNAF).,1149347,0.000039,"Cour des comptes, Les taxes a faible rendement, annex listing, Apr 2025; file: code/data/france_tax/20250417-annexe-listing-des-taxes-concernees.xlsx; Cour Inventaire sheet id 217; Enjeu 2019 uprated to 2024 using INSEE CPI",Cour low-yield-tax inventory id 217. Status: En vigueur entre 2019 et 2024. Objective: Rendement; payer: Particuliers; base: Capital. The Cour annex is an individual-tax inventory and may overlap with Eurostat grouped/aggregate NTL rows; do not sum both sources without reconciliation. English name is a descriptive label generated from the Cour structured fields; the Cour annex does not provide an official English legal title. Cour Enjeu 2019: EUR 1m. No Cour Enjeu 2024 figure; revenue is an estimate from Cour Enjeu 2019 uprated to 2024 using INSEE annual-average CPI inflation for 2020-2024. CPI uprating factor used: 1.149347008.
Taxe fixe pour la gestion des certificats d'immatriculation des véhicules,Low-yield service-related levy on consumption paid by individuals,"Low-yield service-related levy on consumption paid by individuals. Collector: Professionnels du commerce de l'automobile titulaires d'une commission délivrée par l'administration des finances et ministère intérieur. Beneficiary: France Titres, anciennement ANTS.",42000000,0.001438,"Cour des comptes, Les taxes a faible rendement, annex listing, Apr 2025; file: code/data/france_tax/20250417-annexe-listing-des-taxes-concernees.xlsx; Cour Inventaire sheet id 232; Enjeu 2024","Cour low-yield-tax inventory id 232. Status: En vigueur entre 2019 et 2024. Objective: Service rendu; payer: Particuliers; base: Consommation. The Cour annex is an individual-tax inventory and may overlap with Eurostat grouped/aggregate NTL rows; do not sum both sources without reconciliation. English name is a descriptive label generated from the Cour structured fields; the Cour annex does not provide an official English legal title. Cour Enjeu 2019: EUR 46.4m. Revenue is the Cour 'enjeu 2024' figure, in EUR after conversion from EUR millions."
Taxe forfaitaire représentative des droits et frais payés par l'adjudicataire du droit de pêche et de chasse,Low-yield service-related levy on consumption paid by individuals,"Low-yield service-related levy on consumption paid by individuals. Collector: Office français de la biodiversité (OFB), anciennement ONCFS. Beneficiary: Budget général.",,,"Cour des comptes, Les taxes a faible rendement, annex listing, Apr 2025; file: code/data/france_tax/20250417-annexe-listing-des-taxes-concernees.xlsx; Cour Inventaire sheet id 218; Enjeu 2024",Cour low-yield-tax inventory id 218. Status: En vigueur entre 2019 et 2024. Objective: Service rendu; payer: Particuliers; base: Consommation. The Cour annex is an individual-tax inventory and may overlap with Eurostat grouped/aggregate NTL rows; do not sum both sources without reconciliation. English name is a descriptive label generated from the Cour structured fields; the Cour annex does not provide an official English legal title. No known or estimated 2024 yield in the Cour annex; cannot be area-sized without an estimate.
Taxe forfaitaire sur la cession à titre onéreux des terrains nus qui ont été rendus constructibles du fait de leur classement,Low-yield behavioural incentive levy on capital paid by individuals,Low-yield behavioural incentive levy on capital paid by individuals. Collector: DGFiP. Beneficiary: Communes.,,,"Cour des comptes, Les taxes a faible rendement, annex listing, Apr 2025; file: code/data/france_tax/20250417-annexe-listing-des-taxes-concernees.xlsx; Cour Inventaire sheet id 219; Enjeu 2024",Cour low-yield-tax inventory id 219. Status: En vigueur entre 2019 et 2024. Objective: Incitation; payer: Particuliers; base: Capital. The Cour annex is an individual-tax inventory and may overlap with Eurostat grouped/aggregate NTL rows; do not sum both sources without reconciliation. English name is a descriptive label generated from the Cour structured fields; the Cour annex does not provide an official English legal title. No known or estimated 2024 yield in the Cour annex; cannot be area-sized without an estimate.
"Taxe forfaitaire sur les cessions à titre onéreux ou les exportations de métaux précieux, de bijoux, d'objets d’art, d'antiquités",Low-yield budget-raising levy on capital paid by individuals,Low-yield budget-raising levy on capital paid by individuals. Collector: DGFiP / DGDDI (exportation). Beneficiary: Budget général.,115691909,0.003962,"Cour des comptes, Les taxes a faible rendement, annex listing, Apr 2025; file: code/data/france_tax/20250417-annexe-listing-des-taxes-concernees.xlsx; Cour Inventaire sheet id 221; Enjeu 2024","Cour low-yield-tax inventory id 221. Status: En vigueur entre 2019 et 2024. Objective: Rendement; payer: Particuliers; base: Capital. The Cour annex is an individual-tax inventory and may overlap with Eurostat grouped/aggregate NTL rows; do not sum both sources without reconciliation. English name is a descriptive label generated from the Cour structured fields; the Cour annex does not provide an official English legal title. Cour Enjeu 2019: EUR 107.323m. Revenue is the Cour 'enjeu 2024' figure, in EUR after conversion from EUR millions."
Taxe GEMAPI,Tax for aquatic environment and flood prevention,Eurostat national-tax-list line classified as ESA code D29A. Economic function: capital/stock of wealth.,532000000,0.018220,"Eurostat, National Tax Lists - individual taxes, updated 22 Apr 2026; file: code/data/france_tax/eurostat_national_tax_lists_2025_2026-04-22.xlsx; FR sheet; STO D29A; DETAILS C18; 2024","Eurostat NTL covers general government plus EU institutions (S.13 + S.212), so local taxes are in scope."
Taxe incitative relative à l'utilisation d'énergie renouvelable dans le transport (TIRUERT) (remplace la TGAP carburants fossiles),Low-yield behavioural incentive levy on production paid by businesses,Low-yield behavioural incentive levy on production paid by businesses. Collector: DGDDI. Beneficiary: Budget général.,,,"Cour des comptes, Les taxes a faible rendement, annex listing, Apr 2025; file: code/data/france_tax/20250417-annexe-listing-des-taxes-concernees.xlsx; Cour Inventaire sheet id 326; Enjeu 2024",Cour low-yield-tax inventory id 326. Status: En vigueur entre 2019 et 2024. Objective: Incitation; payer: Entreprises; base: Production. The Cour annex is an individual-tax inventory and may overlap with Eurostat grouped/aggregate NTL rows; do not sum both sources without reconciliation. English name is a descriptive label generated from the Cour structured fields; the Cour annex does not provide an official English legal title. No known or estimated 2024 yield in the Cour annex; cannot be area-sized without an estimate.
Taxe intérieure de consommation des produits énergétiques,Domestic duty on energy products,Eurostat national-tax-list line classified as ESA code D214A. Economic function: consumption. Environmental/property tag: energy.,29554000000,1.012158,"Eurostat, National Tax Lists - individual taxes, updated 22 Apr 2026; file: code/data/france_tax/eurostat_national_tax_lists_2025_2026-04-22.xlsx; FR sheet; STO D214A; DETAILS C06; 2024","Eurostat NTL covers general government plus EU institutions (S.13 + S.212), so local taxes are in scope."
Taxe intérieure sur la consommation de gaz naturel,Other domestic duties,Eurostat national-tax-list line classified as ESA code D214A. Economic function: consumption. Environmental/property tag: energy.,3183000000,0.109011,"Eurostat, National Tax Lists - individual taxes, updated 22 Apr 2026; file: code/data/france_tax/eurostat_national_tax_lists_2025_2026-04-22.xlsx; FR sheet; STO D214A; DETAILS C02; 2024","Eurostat NTL covers general government plus EU institutions (S.13 + S.212), so local taxes are in scope."
Taxe perçue lors de la mise sur le marché de médicaments vétérinaires,Low-yield service-related levy on production paid by businesses,Low-yield service-related levy on production paid by businesses. Collector: Agence nationale de sécurité sanitaire (ANSES). Beneficiary: Agence nationale de sécurité sanitaire (Anses).,4607000,0.000158,"Cour des comptes, Les taxes a faible rendement, annex listing, Apr 2025; file: code/data/france_tax/20250417-annexe-listing-des-taxes-concernees.xlsx; Cour Inventaire sheet id 225; Enjeu 2024","Cour low-yield-tax inventory id 225. Status: En vigueur entre 2019 et 2024. Objective: Service rendu; payer: Entreprises; base: Production. The Cour annex is an individual-tax inventory and may overlap with Eurostat grouped/aggregate NTL rows; do not sum both sources without reconciliation. English name is a descriptive label generated from the Cour structured fields; the Cour annex does not provide an official English legal title. Cour Enjeu 2019: EUR 3.738m. Revenue is the Cour 'enjeu 2024' figure, in EUR after conversion from EUR millions."
"Taxe pour création de locaux à usage de bureaux, de locaux commerciaux et de locaux de stockage (TCBCE)",Low-yield budget-raising levy on production paid by businesses,Low-yield budget-raising levy on production paid by businesses. Collector: Ministère de la transition écologique et de la cohésion des territoires. Beneficiary: Région Ile-de-France.,,,"Cour des comptes, Les taxes a faible rendement, annex listing, Apr 2025; file: code/data/france_tax/20250417-annexe-listing-des-taxes-concernees.xlsx; Cour Inventaire sheet id 227; Enjeu 2024",Cour low-yield-tax inventory id 227. Status: En vigueur entre 2019 et 2024. Objective: Rendement; payer: Entreprises; base: Production. The Cour annex is an individual-tax inventory and may overlap with Eurostat grouped/aggregate NTL rows; do not sum both sources without reconciliation. English name is a descriptive label generated from the Cour structured fields; the Cour annex does not provide an official English legal title. No known or estimated 2024 yield in the Cour annex; cannot be area-sized without an estimate.
Taxe pour frais de chambre de métiers (CMA),Low-yield budget-raising levy on production paid by businesses,Low-yield budget-raising levy on production paid by businesses. Collector: URSSAF. Beneficiary: Chambres de métiers et d'artisanat (CMA).,,,"Cour des comptes, Les taxes a faible rendement, annex listing, Apr 2025; file: code/data/france_tax/20250417-annexe-listing-des-taxes-concernees.xlsx; Cour Inventaire sheet id 343; Enjeu 2024",Cour low-yield-tax inventory id 343. Status: En vigueur entre 2019 et 2024. Objective: Rendement; payer: Entreprises; base: Production. The Cour annex is an individual-tax inventory and may overlap with Eurostat grouped/aggregate NTL rows; do not sum both sources without reconciliation. English name is a descriptive label generated from the Cour structured fields; the Cour annex does not provide an official English legal title. No known or estimated 2024 yield in the Cour annex; cannot be area-sized without an estimate.
Taxe pour frais de chambre de métiers d'Alsace,Low-yield budget-raising levy on production paid by businesses,Low-yield budget-raising levy on production paid by businesses. Collector: DGFiP. Beneficiary: Chambres de métiers et de l'artisanat (CMA) d'Alsace.,,,"Cour des comptes, Les taxes a faible rendement, annex listing, Apr 2025; file: code/data/france_tax/20250417-annexe-listing-des-taxes-concernees.xlsx; Cour Inventaire sheet id 228; Enjeu 2024",Cour low-yield-tax inventory id 228. Status: En vigueur entre 2019 et 2024. Objective: Rendement; payer: Entreprises; base: Production. The Cour annex is an individual-tax inventory and may overlap with Eurostat grouped/aggregate NTL rows; do not sum both sources without reconciliation. English name is a descriptive label generated from the Cour structured fields; the Cour annex does not provide an official English legal title. No known or estimated 2024 yield in the Cour annex; cannot be area-sized without an estimate.
Taxe pour frais de chambre de métiers de Moselle,Low-yield budget-raising levy on production paid by businesses,Low-yield budget-raising levy on production paid by businesses. Collector: DGFiP. Beneficiary: Chambres de métiers et de l'artisanat (CMA) de Moselle.,,,"Cour des comptes, Les taxes a faible rendement, annex listing, Apr 2025; file: code/data/france_tax/20250417-annexe-listing-des-taxes-concernees.xlsx; Cour Inventaire sheet id 229; Enjeu 2024",Cour low-yield-tax inventory id 229. Status: En vigueur entre 2019 et 2024. Objective: Rendement; payer: Entreprises; base: Production. The Cour annex is an individual-tax inventory and may overlap with Eurostat grouped/aggregate NTL rows; do not sum both sources without reconciliation. English name is a descriptive label generated from the Cour structured fields; the Cour annex does not provide an official English legal title. No known or estimated 2024 yield in the Cour annex; cannot be area-sized without an estimate.
Taxe pour l'évaluation et le contrôle de la mise sur le marché des produits phytopharmaceutiques et des matières fertilisantes,Low-yield market-failure correction levy on production paid by businesses,Low-yield market-failure correction levy on production paid by businesses. Collector: Agence nationale de sécurité sanitaire (ANSES). Beneficiary: Agence nationale de sécurité sanitaire (Anses).,10000000,0.000342,"Cour des comptes, Les taxes a faible rendement, annex listing, Apr 2025; file: code/data/france_tax/20250417-annexe-listing-des-taxes-concernees.xlsx; Cour Inventaire sheet id 243; Enjeu 2024","Cour low-yield-tax inventory id 243. Status: En vigueur entre 2019 et 2024. Objective: Correction défaillance marché; payer: Entreprises; base: Production. The Cour annex is an individual-tax inventory and may overlap with Eurostat grouped/aggregate NTL rows; do not sum both sources without reconciliation. English name is a descriptive label generated from the Cour structured fields; the Cour annex does not provide an official English legal title. Cour Enjeu 2019: EUR 10.495m. Revenue is the Cour 'enjeu 2024' figure, in EUR after conversion from EUR millions."
Taxe pour le développement de l'industrie de la conservation des produits agricoles,Low-yield market-failure correction levy on production paid by businesses,Low-yield market-failure correction levy on production paid by businesses. Collector: Centre technique de la conservation des produits agricoles (CTCPA). Beneficiary: Centre technique de la conservation des produits agricoles (CTCPA).,,,"Cour des comptes, Les taxes a faible rendement, annex listing, Apr 2025; file: code/data/france_tax/20250417-annexe-listing-des-taxes-concernees.xlsx; Cour Inventaire sheet id 235; Enjeu 2024",Cour low-yield-tax inventory id 235. Status: En vigueur entre 2019 et 2024. Objective: Correction défaillance marché; payer: Entreprises; base: Production. The Cour annex is an individual-tax inventory and may overlap with Eurostat grouped/aggregate NTL rows; do not sum both sources without reconciliation. English name is a descriptive label generated from the Cour structured fields; the Cour annex does not provide an official English legal title. No known or estimated 2024 yield in the Cour annex; cannot be area-sized without an estimate.
"Taxe pour le développement de la formation professionnelle dans les métiers de réparation de l’automobile, du cycle et du motocycle",Low-yield market-failure correction levy on payroll paid by businesses,Low-yield market-failure correction levy on payroll paid by businesses. Collector: DGFiP. Beneficiary: Association nationale pour la formation automobile (ANFA).,28000000,0.000959,"Cour des comptes, Les taxes a faible rendement, annex listing, Apr 2025; file: code/data/france_tax/20250417-annexe-listing-des-taxes-concernees.xlsx; Cour Inventaire sheet id 234; Enjeu 2024","Cour low-yield-tax inventory id 234. Status: En vigueur entre 2019 et 2024. Objective: Correction défaillance marché; payer: Entreprises; base: Masse salariale. The Cour annex is an individual-tax inventory and may overlap with Eurostat grouped/aggregate NTL rows; do not sum both sources without reconciliation. English name is a descriptive label generated from the Cour structured fields; the Cour annex does not provide an official English legal title. Cour Enjeu 2019: EUR 33.476m. Revenue is the Cour 'enjeu 2024' figure, in EUR after conversion from EUR millions."
Taxe pour le financement du fonds de soutien aux collectivités territoriales ayant contracté des produits structurés,Low-yield budget-raising levy on capital paid by businesses,Low-yield budget-raising levy on capital paid by businesses. Collector: DGFiP. Beneficiary: Budget général.,,,"Cour des comptes, Les taxes a faible rendement, annex listing, Apr 2025; file: code/data/france_tax/20250417-annexe-listing-des-taxes-concernees.xlsx; Cour Inventaire sheet id 340; Enjeu 2024",Cour low-yield-tax inventory id 340. Status: En vigueur entre 2019 et 2024. Objective: Rendement; payer: Entreprises; base: Capital. The Cour annex is an individual-tax inventory and may overlap with Eurostat grouped/aggregate NTL rows; do not sum both sources without reconciliation. English name is a descriptive label generated from the Cour structured fields; the Cour annex does not provide an official English legal title. No known or estimated 2024 yield in the Cour annex; cannot be area-sized without an estimate.
Taxe pour les chambres de commerce et d'industrie (TCCI),Low-yield budget-raising levy on production paid by businesses,Low-yield budget-raising levy on production paid by businesses. Collector: URSSAF. Beneficiary: Chambres de commerce et d'industrie (CCI).,988438,0.000034,"Cour des comptes, Les taxes a faible rendement, annex listing, Apr 2025; file: code/data/france_tax/20250417-annexe-listing-des-taxes-concernees.xlsx; Cour Inventaire sheet id 344; Enjeu 2019 uprated to 2024 using INSEE CPI",Cour low-yield-tax inventory id 344. Status: En vigueur entre 2019 et 2024. Objective: Rendement; payer: Entreprises; base: Production. The Cour annex is an individual-tax inventory and may overlap with Eurostat grouped/aggregate NTL rows; do not sum both sources without reconciliation. English name is a descriptive label generated from the Cour structured fields; the Cour annex does not provide an official English legal title. Cour Enjeu 2019: EUR 0.86m. No Cour Enjeu 2024 figure; revenue is an estimate from Cour Enjeu 2019 uprated to 2024 using INSEE annual-average CPI inflation for 2020-2024. CPI uprating factor used: 1.149347008.
Taxe pour non raccordement à l’égout - Participation pour le financement de l'assainissement collectif (PAC),Low-yield service-related levy on production paid by individuals,Low-yield service-related levy on production paid by individuals. Collector: Collectivités territoriales / EPCI. Beneficiary: Communes.,1331000,0.000046,"Cour des comptes, Les taxes a faible rendement, annex listing, Apr 2025; file: code/data/france_tax/20250417-annexe-listing-des-taxes-concernees.xlsx; Cour Inventaire sheet id 111; Enjeu 2024","Cour low-yield-tax inventory id 111. Status: En vigueur entre 2019 et 2024. Objective: Service rendu; payer: Particuliers; base: Production. The Cour annex is an individual-tax inventory and may overlap with Eurostat grouped/aggregate NTL rows; do not sum both sources without reconciliation. English name is a descriptive label generated from the Cour structured fields; the Cour annex does not provide an official English legal title. Cour Enjeu 2019: EUR 0.979m. Revenue is the Cour 'enjeu 2024' figure, in EUR after conversion from EUR millions."
Taxe spéciale complémentaire à la taxe spéciale d'équipement destinée au financement du GPSO,Low-yield budget-raising levy on capital paid by businesses,Low-yield budget-raising levy on capital paid by businesses. Collector: DGFiP. Beneficiary: Société du Grand Projet Ferroviaire du Sud-Ouest (SGPSO).,,,"Cour des comptes, Les taxes a faible rendement, annex listing, Apr 2025; file: code/data/france_tax/20250417-annexe-listing-des-taxes-concernees.xlsx; Cour Inventaire sheet id 352; Enjeu 2024",Cour low-yield-tax inventory id 352. Status: Créée entre 2019 et 2024. Objective: Rendement; payer: Entreprises; base: Capital. The Cour annex is an individual-tax inventory and may overlap with Eurostat grouped/aggregate NTL rows; do not sum both sources without reconciliation. English name is a descriptive label generated from the Cour structured fields; the Cour annex does not provide an official English legal title. No known or estimated 2024 yield in the Cour annex; cannot be area-sized without an estimate.
Taxe spéciale d'équipement au profit de l'EPA de Guyane,Low-yield budget-raising levy on capital paid by individuals,Low-yield budget-raising levy on capital paid by individuals. Collector: DGFiP. Beneficiary: Etablissement public foncier et d’aménagement (EPFA) en Guyane.,4300000,0.000147,"Cour des comptes, Les taxes a faible rendement, annex listing, Apr 2025; file: code/data/france_tax/20250417-annexe-listing-des-taxes-concernees.xlsx; Cour Inventaire sheet id 245; Enjeu 2024","Cour low-yield-tax inventory id 245. Status: En vigueur entre 2019 et 2024. Objective: Rendement; payer: Particuliers; base: Capital. The Cour annex is an individual-tax inventory and may overlap with Eurostat grouped/aggregate NTL rows; do not sum both sources without reconciliation. English name is a descriptive label generated from the Cour structured fields; the Cour annex does not provide an official English legal title. Cour Enjeu 2019: EUR 3.886m. Revenue is the Cour 'enjeu 2024' figure, in EUR after conversion from EUR millions."
Taxe spéciale d'équipement au profit de l'EPF de Lorraine,Low-yield budget-raising levy on capital paid by individuals,Low-yield budget-raising levy on capital paid by individuals. Collector: DGFiP. Beneficiary: Etablissement public foncier (EPF) de Lorraine.,27761328,0.000951,"Cour des comptes, Les taxes a faible rendement, annex listing, Apr 2025; file: code/data/france_tax/20250417-annexe-listing-des-taxes-concernees.xlsx; Cour Inventaire sheet id 246; Enjeu 2019 uprated to 2024 using INSEE CPI",Cour low-yield-tax inventory id 246. Status: En vigueur entre 2019 et 2024. Objective: Rendement; payer: Particuliers; base: Capital. The Cour annex is an individual-tax inventory and may overlap with Eurostat grouped/aggregate NTL rows; do not sum both sources without reconciliation. English name is a descriptive label generated from the Cour structured fields; the Cour annex does not provide an official English legal title. Cour Enjeu 2019: EUR 24.154m. No Cour Enjeu 2024 figure; revenue is an estimate from Cour Enjeu 2019 uprated to 2024 using INSEE annual-average CPI inflation for 2020-2024. CPI uprating factor used: 1.149347008.
Taxe spéciale d'équipement au profit de l'EPF de Normandie,Low-yield budget-raising levy on capital paid by individuals,Low-yield budget-raising levy on capital paid by individuals. Collector: DGFiP. Beneficiary: Etablissement public foncier (EPF) de Normandie.,11064000,0.000379,"Cour des comptes, Les taxes a faible rendement, annex listing, Apr 2025; file: code/data/france_tax/20250417-annexe-listing-des-taxes-concernees.xlsx; Cour Inventaire sheet id 247; Enjeu 2024","Cour low-yield-tax inventory id 247. Status: En vigueur entre 2019 et 2024. Objective: Rendement; payer: Particuliers; base: Capital. The Cour annex is an individual-tax inventory and may overlap with Eurostat grouped/aggregate NTL rows; do not sum both sources without reconciliation. English name is a descriptive label generated from the Cour structured fields; the Cour annex does not provide an official English legal title. Cour Enjeu 2019: EUR 14.272m. Revenue is the Cour 'enjeu 2024' figure, in EUR after conversion from EUR millions."
Taxe spéciale d'équipement au profit de l'EPF de PACA,Low-yield budget-raising levy on capital paid by individuals,Low-yield budget-raising levy on capital paid by individuals. Collector: DGFiP. Beneficiary: Etablissement public foncier (EPF) de PACA.,41700000,0.001428,"Cour des comptes, Les taxes a faible rendement, annex listing, Apr 2025; file: code/data/france_tax/20250417-annexe-listing-des-taxes-concernees.xlsx; Cour Inventaire sheet id 248; Enjeu 2024","Cour low-yield-tax inventory id 248. Status: En vigueur entre 2019 et 2024. Objective: Rendement; payer: Particuliers; base: Capital. The Cour annex is an individual-tax inventory and may overlap with Eurostat grouped/aggregate NTL rows; do not sum both sources without reconciliation. English name is a descriptive label generated from the Cour structured fields; the Cour annex does not provide an official English legal title. Cour Enjeu 2019: EUR 54.931m. Revenue is the Cour 'enjeu 2024' figure, in EUR after conversion from EUR millions."
Taxe spéciale d'équipement au profit de l'établissement public Société du Grand Paris,Low-yield budget-raising levy on capital paid by businesses,Low-yield budget-raising levy on capital paid by businesses. Collector: DGFiP. Beneficiary: Société des grands projets (SGP).,67079589,0.002297,"Cour des comptes, Les taxes a faible rendement, annex listing, Apr 2025; file: code/data/france_tax/20250417-annexe-listing-des-taxes-concernees.xlsx; Cour Inventaire sheet id 249; Enjeu 2024","Cour low-yield-tax inventory id 249. Status: En vigueur entre 2019 et 2024. Objective: Rendement; payer: Entreprises; base: Capital. The Cour annex is an individual-tax inventory and may overlap with Eurostat grouped/aggregate NTL rows; do not sum both sources without reconciliation. English name is a descriptive label generated from the Cour structured fields; the Cour annex does not provide an official English legal title. Cour Enjeu 2019: EUR 117m. Revenue is the Cour 'enjeu 2024' figure, in EUR after conversion from EUR millions."
Taxe spéciale due en cas de non-respect de l’engagement de conserver pendant 5 ans les parts de FCPR ou FCPI,Low-yield behavioural incentive levy on capital paid by businesses,Low-yield behavioural incentive levy on capital paid by businesses. Collector: DGFiP. Beneficiary: Budget général.,,,"Cour des comptes, Les taxes a faible rendement, annex listing, Apr 2025; file: code/data/france_tax/20250417-annexe-listing-des-taxes-concernees.xlsx; Cour Inventaire sheet id 339; Enjeu 2024",Cour low-yield-tax inventory id 339. Status: En vigueur entre 2019 et 2024. Objective: Incitation; payer: Entreprises; base: Capital. The Cour annex is an individual-tax inventory and may overlap with Eurostat grouped/aggregate NTL rows; do not sum both sources without reconciliation. English name is a descriptive label generated from the Cour structured fields; the Cour annex does not provide an official English legal title. No known or estimated 2024 yield in the Cour annex; cannot be area-sized without an estimate.
Taxe spéciale d’équipement affectée à la SGPSO,Low-yield budget-raising levy on capital paid by other payers,Low-yield budget-raising levy on capital paid by other payers. Collector: DGFiP. Beneficiary: Société du Grand Projet Ferroviaire du Sud-Ouest (SGPSO).,,,"Cour des comptes, Les taxes a faible rendement, annex listing, Apr 2025; file: code/data/france_tax/20250417-annexe-listing-des-taxes-concernees.xlsx; Cour Inventaire sheet id 353; Enjeu 2024",Cour low-yield-tax inventory id 353. Status: Créée entre 2019 et 2024. Objective: Rendement; payer: Autres; base: Capital. The Cour annex is an individual-tax inventory and may overlap with Eurostat grouped/aggregate NTL rows; do not sum both sources without reconciliation. English name is a descriptive label generated from the Cour structured fields; the Cour annex does not provide an official English legal title. No known or estimated 2024 yield in the Cour annex; cannot be area-sized without an estimate.
Taxe spéciale sur les conventions d'assurance,Special tax on insurance policies,Eurostat national-tax-list line classified as ESA code D214G. Economic function: consumption.,10031000000,0.343539,"Eurostat, National Tax Lists - individual taxes, updated 22 Apr 2026; file: code/data/france_tax/eurostat_national_tax_lists_2025_2026-04-22.xlsx; FR sheet; STO D214G; DETAILS C04; 2024","Eurostat NTL covers general government plus EU institutions (S.13 + S.212), so local taxes are in scope."
Taxe spéciale sur les véhicules routiers (taxe à l'essieu),Axle tax,Eurostat national-tax-list line classified as ESA code D29B. Economic function: capital/stock of wealth. Environmental/property tag: transport.,154000000,0.005274,"Eurostat, National Tax Lists - individual taxes, updated 22 Apr 2026; file: code/data/france_tax/eurostat_national_tax_lists_2025_2026-04-22.xlsx; FR sheet; STO D29B; DETAILS C02; 2024","Eurostat NTL covers general government plus EU institutions (S.13 + S.212), so local taxes are in scope."
Taxe sur construction de bureaux et sur les locaux à usage de bureaux,Tax on the creation and on the use of offices,Eurostat national-tax-list line classified as ESA code D29A. Economic function: capital/stock of wealth.,1055000000,0.036131,"Eurostat, National Tax Lists - individual taxes, updated 22 Apr 2026; file: code/data/france_tax/eurostat_national_tax_lists_2025_2026-04-22.xlsx; FR sheet; STO D29A; DETAILS C16; 2024","Eurostat NTL covers general government plus EU institutions (S.13 + S.212), so local taxes are in scope."
Taxe sur infrastructures de transport longues distances,Tax on long-distance transport infrastructures,Eurostat national-tax-list line classified as ESA code D51O. Economic function: corporate capital income.,549000000,0.018802,"Eurostat, National Tax Lists - individual taxes, updated 22 Apr 2026; file: code/data/france_tax/eurostat_national_tax_lists_2025_2026-04-22.xlsx; FR sheet; STO D51O; DETAILS C10; 2024","Eurostat NTL covers general government plus EU institutions (S.13 + S.212), so local taxes are in scope."
Taxe sur l'exploration d'hydrocarbures,Low-yield behavioural incentive levy on production paid by businesses,Low-yield behavioural incentive levy on production paid by businesses. Collector: DGFiP. Beneficiary: Collectivité territoriale de Guyane / Collectivité territoriale de Martinique.,,,"Cour des comptes, Les taxes a faible rendement, annex listing, Apr 2025; file: code/data/france_tax/20250417-annexe-listing-des-taxes-concernees.xlsx; Cour Inventaire sheet id 318; Enjeu 2024",Cour low-yield-tax inventory id 318. Status: En vigueur entre 2019 et 2024. Objective: Incitation; payer: Entreprises; base: Production. The Cour annex is an individual-tax inventory and may overlap with Eurostat grouped/aggregate NTL rows; do not sum both sources without reconciliation. English name is a descriptive label generated from the Cour structured fields; the Cour annex does not provide an official English legal title. No known or estimated 2024 yield in the Cour annex; cannot be area-sized without an estimate.
"Taxe sur l'utilisation des bandes "" 700 MHz "" et "" 800 MHz "" du spectre radioélectrique",Low-yield service-related levy on production paid by businesses,Low-yield service-related levy on production paid by businesses. Collector: Agence nationale des fréquences (ANFr). Beneficiary: Agence nationale des fréquences (ANFr).,,,"Cour des comptes, Les taxes a faible rendement, annex listing, Apr 2025; file: code/data/france_tax/20250417-annexe-listing-des-taxes-concernees.xlsx; Cour Inventaire sheet id 348; Enjeu 2024",Cour low-yield-tax inventory id 348. Status: En vigueur entre 2019 et 2024. Objective: Service rendu; payer: Entreprises; base: Production. The Cour annex is an individual-tax inventory and may overlap with Eurostat grouped/aggregate NTL rows; do not sum both sources without reconciliation. English name is a descriptive label generated from the Cour structured fields; the Cour annex does not provide an official English legal title. No known or estimated 2024 yield in the Cour annex; cannot be area-sized without an estimate.
Taxe sur la cession de droits d'exploitation audiovisuelle des manifestations sportives mentionnée à l'article L. 455-29 (ex-Contribution sur la cession à un service de télévision des droits de diffusion de manifestations ou de compétitions sportives),Low-yield budget-raising levy on consumption paid by businesses,Low-yield budget-raising levy on consumption paid by businesses. Collector: DGFiP. Beneficiary: Centre national pour le développement du sport (CNDS).,59665000,0.002043,"Cour des comptes, Les taxes a faible rendement, annex listing, Apr 2025; file: code/data/france_tax/20250417-annexe-listing-des-taxes-concernees.xlsx; Cour Inventaire sheet id 32; Enjeu 2024","Cour low-yield-tax inventory id 32. Status: En vigueur entre 2019 et 2024. Objective: Rendement; payer: Entreprises; base: Consommation. The Cour annex is an individual-tax inventory and may overlap with Eurostat grouped/aggregate NTL rows; do not sum both sources without reconciliation. English name is a descriptive label generated from the Cour structured fields; the Cour annex does not provide an official English legal title. Cour Enjeu 2019: EUR 54.302m. Revenue is the Cour 'enjeu 2024' figure, in EUR after conversion from EUR millions."
Taxe sur la cession à titre onéreux des terrains nus rendus constructibles,Low-yield behavioural incentive levy on capital paid by individuals,Low-yield behavioural incentive levy on capital paid by individuals. Collector: DGFiP. Beneficiary: Agence de services et de paiement (ASP).,16000000,0.000548,"Cour des comptes, Les taxes a faible rendement, annex listing, Apr 2025; file: code/data/france_tax/20250417-annexe-listing-des-taxes-concernees.xlsx; Cour Inventaire sheet id 256; Enjeu 2024","Cour low-yield-tax inventory id 256. Status: En vigueur entre 2019 et 2024. Objective: Incitation; payer: Particuliers; base: Capital. The Cour annex is an individual-tax inventory and may overlap with Eurostat grouped/aggregate NTL rows; do not sum both sources without reconciliation. English name is a descriptive label generated from the Cour structured fields; the Cour annex does not provide an official English legal title. Cour Enjeu 2019: EUR 27.426m. Revenue is the Cour 'enjeu 2024' figure, in EUR after conversion from EUR millions."
Taxe sur la mise en relation par voie électronique en vue de fournir certaines prestations de transport dite ARPE (ex-Taxe sur les exploitants de plateformes de mises en relation par voie électronique en vue de fournir certaines prestations de transport),Low-yield budget-raising levy on production paid by businesses,Low-yield budget-raising levy on production paid by businesses. Collector: DGFiP. Beneficiary: Autorité des relations sociales des plateformes d'emploi (ARPE).,1425000,0.000049,"Cour des comptes, Les taxes a faible rendement, annex listing, Apr 2025; file: code/data/france_tax/20250417-annexe-listing-des-taxes-concernees.xlsx; Cour Inventaire sheet id 290; Enjeu 2024","Cour low-yield-tax inventory id 290. Status: Créée entre 2019 et 2024. Objective: Rendement; payer: Entreprises; base: Production. The Cour annex is an individual-tax inventory and may overlap with Eurostat grouped/aggregate NTL rows; do not sum both sources without reconciliation. English name is a descriptive label generated from the Cour structured fields; the Cour annex does not provide an official English legal title. Revenue is the Cour 'enjeu 2024' figure, in EUR after conversion from EUR millions."
Taxe sur la mise à disposition de phonogrammes et de vidéomusiques / Taxe sur le chiffre d'affaires des plateformes d'écoute de musique en ligne/Taxe sur les services de streaming musical,Low-yield budget-raising levy on consumption paid by businesses,Low-yield budget-raising levy on consumption paid by businesses. Collector: DGFiP. Beneficiary: Centre national de la musique (CNM).,13000000,0.000445,"Cour des comptes, Les taxes a faible rendement, annex listing, Apr 2025; file: code/data/france_tax/20250417-annexe-listing-des-taxes-concernees.xlsx; Cour Inventaire sheet id 263; Enjeu 2024","Cour low-yield-tax inventory id 263. Status: Créée entre 2019 et 2024. Objective: Rendement; payer: Entreprises; base: Consommation. The Cour annex is an individual-tax inventory and may overlap with Eurostat grouped/aggregate NTL rows; do not sum both sources without reconciliation. English name is a descriptive label generated from the Cour structured fields; the Cour annex does not provide an official English legal title. Revenue is the Cour 'enjeu 2024' figure, in EUR after conversion from EUR millions."
Taxe sur la production et la distribution d'œuvres cinématographiques et taxe sur les spectacles cinématographiques (ex-Cotisations des entreprises cinématographiques),Low-yield budget-raising levy on production paid by businesses,Low-yield budget-raising levy on production paid by businesses. Collector: Centre national du cinéma et de l'image animée (CNC). Beneficiary: Centre national du cinéma et de l'image animée (CNC).,10725000,0.000367,"Cour des comptes, Les taxes a faible rendement, annex listing, Apr 2025; file: code/data/france_tax/20250417-annexe-listing-des-taxes-concernees.xlsx; Cour Inventaire sheet id 53; Enjeu 2024","Cour low-yield-tax inventory id 53. Status: En vigueur entre 2019 et 2024. Objective: Rendement; payer: Entreprises; base: Production. The Cour annex is an individual-tax inventory and may overlap with Eurostat grouped/aggregate NTL rows; do not sum both sources without reconciliation. English name is a descriptive label generated from the Cour structured fields; the Cour annex does not provide an official English legal title. Cour Enjeu 2019: EUR 9.225m. Revenue is the Cour 'enjeu 2024' figure, in EUR after conversion from EUR millions."
Taxe sur la publicité diffusée au moyen de documents imprimés (ex-Taxe sur certaines dépenses de publicité),Low-yield budget-raising levy on production paid by businesses,Low-yield budget-raising levy on production paid by businesses. Collector: DGFiP. Beneficiary: Budget général.,17912746,0.000613,"Cour des comptes, Les taxes a faible rendement, annex listing, Apr 2025; file: code/data/france_tax/20250417-annexe-listing-des-taxes-concernees.xlsx; Cour Inventaire sheet id 254; Enjeu 2024","Cour low-yield-tax inventory id 254. Status: En vigueur entre 2019 et 2024. Objective: Rendement; payer: Entreprises; base: Production. The Cour annex is an individual-tax inventory and may overlap with Eurostat grouped/aggregate NTL rows; do not sum both sources without reconciliation. English name is a descriptive label generated from the Cour structured fields; the Cour annex does not provide an official English legal title. Cour Enjeu 2019: EUR 23.111m. Revenue is the Cour 'enjeu 2024' figure, in EUR after conversion from EUR millions."
"Taxe sur la publicité diffusée au moyen de services de contenus audiovisuels à la demande (CIBS, art.L454-16) (ex- CGI, art 1609 sexdecies B)",Low-yield budget-raising levy on production paid by businesses,Low-yield budget-raising levy on production paid by businesses. Collector: Centre national du cinéma et de l'image animée (CNC). Beneficiary: Centre national du cinéma et de l'image animée (CNC).,,,"Cour des comptes, Les taxes a faible rendement, annex listing, Apr 2025; file: code/data/france_tax/20250417-annexe-listing-des-taxes-concernees.xlsx; Cour Inventaire sheet id 337; Enjeu 2024",Cour low-yield-tax inventory id 337. Status: En vigueur entre 2019 et 2024. Objective: Rendement; payer: Entreprises; base: Production. The Cour annex is an individual-tax inventory and may overlap with Eurostat grouped/aggregate NTL rows; do not sum both sources without reconciliation. English name is a descriptive label generated from the Cour structured fields; the Cour annex does not provide an official English legal title. No known or estimated 2024 yield in the Cour annex; cannot be area-sized without an estimate.
Taxe sur le chiffre d'affaires des exploitants agricoles,Low-yield budget-raising levy on production paid by businesses,Low-yield budget-raising levy on production paid by businesses. Collector: DGFiP. Beneficiary: Budget général.,,,"Cour des comptes, Les taxes a faible rendement, annex listing, Apr 2025; file: code/data/france_tax/20250417-annexe-listing-des-taxes-concernees.xlsx; Cour Inventaire sheet id 262; Enjeu 2024",Cour low-yield-tax inventory id 262. Status: En vigueur entre 2019 et 2024. Objective: Rendement; payer: Entreprises; base: Production. The Cour annex is an individual-tax inventory and may overlap with Eurostat grouped/aggregate NTL rows; do not sum both sources without reconciliation. English name is a descriptive label generated from the Cour structured fields; the Cour annex does not provide an official English legal title. No known or estimated 2024 yield in the Cour annex; cannot be area-sized without an estimate.
Taxe sur le non paiement de la participation des employeurs au financement de la formation professionnelle continue,Low-yield behavioural incentive levy on payroll paid by businesses,Low-yield behavioural incentive levy on payroll paid by businesses. Collector: URSSAF. Beneficiary: Budget général.,39126071,0.001340,"Cour des comptes, Les taxes a faible rendement, annex listing, Apr 2025; file: code/data/france_tax/20250417-annexe-listing-des-taxes-concernees.xlsx; Cour Inventaire sheet id 264; Enjeu 2019 uprated to 2024 using INSEE CPI",Cour low-yield-tax inventory id 264. Status: En vigueur entre 2019 et 2024. Objective: Incitation; payer: Entreprises; base: Masse salariale. The Cour annex is an individual-tax inventory and may overlap with Eurostat grouped/aggregate NTL rows; do not sum both sources without reconciliation. English name is a descriptive label generated from the Cour structured fields; the Cour annex does not provide an official English legal title. Cour Enjeu 2019: EUR 34.042m. No Cour Enjeu 2024 figure; revenue is an estimate from Cour Enjeu 2019 uprated to 2024 using INSEE annual-average CPI inflation for 2020-2024. CPI uprating factor used: 1.149347008.
"Taxe sur le permis de conduire des bateaux de plaisance à moteur, fraction perçue sur les candidatures aux examens et fraction perçue sur les délivrances du titre",Low-yield service-related levy on consumption paid by individuals,Low-yield service-related levy on consumption paid by individuals. Collector: DGFiP. Beneficiary: Budget général.,,,"Cour des comptes, Les taxes a faible rendement, annex listing, Apr 2025; file: code/data/france_tax/20250417-annexe-listing-des-taxes-concernees.xlsx; Cour Inventaire sheet id 265; Enjeu 2024",Cour low-yield-tax inventory id 265. Status: En vigueur entre 2019 et 2024. Objective: Service rendu; payer: Particuliers; base: Consommation. The Cour annex is an individual-tax inventory and may overlap with Eurostat grouped/aggregate NTL rows; do not sum both sources without reconciliation. English name is a descriptive label generated from the Cour structured fields; the Cour annex does not provide an official English legal title. No known or estimated 2024 yield in the Cour annex; cannot be area-sized without an estimate.
Taxe sur le renouvellement du permis de conduire mentionnée à l'article L. 421-168 (ex-Droit de timbre pour la délivrance du permis de conduire en cas de perte ou de vol),Low-yield service-related levy on consumption paid by individuals,"Low-yield service-related levy on consumption paid by individuals. Collector: France Titres, anciennement ANTS. Beneficiary: Budget général.",8780000,0.000301,"Cour des comptes, Les taxes a faible rendement, annex listing, Apr 2025; file: code/data/france_tax/20250417-annexe-listing-des-taxes-concernees.xlsx; Cour Inventaire sheet id 67; Enjeu 2024","Cour low-yield-tax inventory id 67. Status: En vigueur entre 2019 et 2024. Objective: Service rendu; payer: Particuliers; base: Consommation. The Cour annex is an individual-tax inventory and may overlap with Eurostat grouped/aggregate NTL rows; do not sum both sources without reconciliation. English name is a descriptive label generated from the Cour structured fields; the Cour annex does not provide an official English legal title. Cour Enjeu 2019: EUR 9.604m. Revenue is the Cour 'enjeu 2024' figure, in EUR after conversion from EUR millions."
Taxe sur le transport de passagers maritimes embarqués à destination d'espaces naturels protégés,Low-yield service-related levy on consumption paid by businesses,Low-yield service-related levy on consumption paid by businesses. Collector: DGDDI. Beneficiary: Personne publique assurant la gestion de l'espace naturel protégé concerné ou commune d'implantation de l'espace.,4500000,0.000154,"Cour des comptes, Les taxes a faible rendement, annex listing, Apr 2025; file: code/data/france_tax/20250417-annexe-listing-des-taxes-concernees.xlsx; Cour Inventaire sheet id 296; Enjeu 2024","Cour low-yield-tax inventory id 296. Status: En vigueur entre 2019 et 2024. Objective: Service rendu; payer: Entreprises; base: Consommation. The Cour annex is an individual-tax inventory and may overlap with Eurostat grouped/aggregate NTL rows; do not sum both sources without reconciliation. English name is a descriptive label generated from the Cour structured fields; the Cour annex does not provide an official English legal title. Cour Enjeu 2019: EUR 3.626m. Revenue is the Cour 'enjeu 2024' figure, in EUR after conversion from EUR millions."
Taxe sur les boissons édulcorées,Low-yield behavioural incentive levy on consumption paid by businesses,Low-yield behavioural incentive levy on consumption paid by businesses. Collector: DGFiP. Beneficiary: Caisse nationale d'assurance-maladie (CNAM).,45000000,0.001541,"Cour des comptes, Les taxes a faible rendement, annex listing, Apr 2025; file: code/data/france_tax/20250417-annexe-listing-des-taxes-concernees.xlsx; Cour Inventaire sheet id 275; Enjeu 2024","Cour low-yield-tax inventory id 275. Status: En vigueur entre 2019 et 2024. Objective: Incitation; payer: Entreprises; base: Consommation. The Cour annex is an individual-tax inventory and may overlap with Eurostat grouped/aggregate NTL rows; do not sum both sources without reconciliation. English name is a descriptive label generated from the Cour structured fields; the Cour annex does not provide an official English legal title. Cour Enjeu 2019: EUR 39.027m. Revenue is the Cour 'enjeu 2024' figure, in EUR after conversion from EUR millions."
Taxe sur les certificats d'immatriculation des véhicules,Tax on vehicle registration certificate,Eurostat national-tax-list line classified as ESA code D214D. Economic function: consumption. Environmental/property tag: transport.,3122000000,0.106921,"Eurostat, National Tax Lists - individual taxes, updated 22 Apr 2026; file: code/data/france_tax/eurostat_national_tax_lists_2025_2026-04-22.xlsx; FR sheet; STO D214D; DETAILS C01; 2024","Eurostat NTL covers general government plus EU institutions (S.13 + S.212), so local taxes are in scope."
Taxe sur les demandes de visa ou de renouvellement de visa de publicité et sur les dépôts de publicité pharmaceutiques,Low-yield service-related levy on production paid by businesses,Low-yield service-related levy on production paid by businesses. Collector: Agence nationale de sécurité du médicament et des produits de santé (ANSM). Beneficiary: Caisse nationale d'assurance-maladie (CNAM).,,,"Cour des comptes, Les taxes a faible rendement, annex listing, Apr 2025; file: code/data/france_tax/20250417-annexe-listing-des-taxes-concernees.xlsx; Cour Inventaire sheet id 285; Enjeu 2024",Cour low-yield-tax inventory id 285. Status: En vigueur entre 2019 et 2024. Objective: Service rendu; payer: Entreprises; base: Production. The Cour annex is an individual-tax inventory and may overlap with Eurostat grouped/aggregate NTL rows; do not sum both sources without reconciliation. English name is a descriptive label generated from the Cour structured fields; the Cour annex does not provide an official English legal title. No known or estimated 2024 yield in the Cour annex; cannot be area-sized without an estimate.
Taxe sur les déchets réceptionnés dans une installation de stockage ou un incinérateur de déchets ménagers,Low-yield budget-raising levy on production paid by businesses,Low-yield budget-raising levy on production paid by businesses. Collector: Direction générale des collectivités locales (DGCL). Beneficiary: Communes.,19699412,0.000675,"Cour des comptes, Les taxes a faible rendement, annex listing, Apr 2025; file: code/data/france_tax/20250417-annexe-listing-des-taxes-concernees.xlsx; Cour Inventaire sheet id 282; Enjeu 2024","Cour low-yield-tax inventory id 282. Status: En vigueur entre 2019 et 2024. Objective: Rendement; payer: Entreprises; base: Production. The Cour annex is an individual-tax inventory and may overlap with Eurostat grouped/aggregate NTL rows; do not sum both sources without reconciliation. English name is a descriptive label generated from the Cour structured fields; the Cour annex does not provide an official English legal title. Cour Enjeu 2019: EUR 18.108m. Revenue is the Cour 'enjeu 2024' figure, in EUR after conversion from EUR millions."
Taxe sur les entreprises ayant bénéficié de quotas d'émission de gaz à effet de serre,Low-yield behavioural incentive levy on production paid by businesses,Low-yield behavioural incentive levy on production paid by businesses. Collector: DGFiP. Beneficiary: Budget général.,,,"Cour des comptes, Les taxes a faible rendement, annex listing, Apr 2025; file: code/data/france_tax/20250417-annexe-listing-des-taxes-concernees.xlsx; Cour Inventaire sheet id 287; Enjeu 2024",Cour low-yield-tax inventory id 287. Status: En vigueur entre 2019 et 2024. Objective: Incitation; payer: Entreprises; base: Production. The Cour annex is an individual-tax inventory and may overlap with Eurostat grouped/aggregate NTL rows; do not sum both sources without reconciliation. English name is a descriptive label generated from the Cour structured fields; the Cour annex does not provide an official English legal title. No known or estimated 2024 yield in the Cour annex; cannot be area-sized without an estimate.
Taxe sur les excédents de provisions des entreprises d'assurances de dommages,Low-yield behavioural incentive levy on production paid by businesses,Low-yield behavioural incentive levy on production paid by businesses. Collector: DGFiP. Beneficiary: Budget général.,,,"Cour des comptes, Les taxes a faible rendement, annex listing, Apr 2025; file: code/data/france_tax/20250417-annexe-listing-des-taxes-concernees.xlsx; Cour Inventaire sheet id 289; Enjeu 2024",Cour low-yield-tax inventory id 289. Status: En vigueur entre 2019 et 2024. Objective: Incitation; payer: Entreprises; base: Production. The Cour annex is an individual-tax inventory and may overlap with Eurostat grouped/aggregate NTL rows; do not sum both sources without reconciliation. English name is a descriptive label generated from the Cour structured fields; the Cour annex does not provide an official English legal title. No known or estimated 2024 yield in the Cour annex; cannot be area-sized without an estimate.
Taxe sur les mises à disposition de produits pétroliers pour le stockage stratégique,Tax on the sales of oil products for strategic storage,Eurostat national-tax-list line classified as ESA code D214A. Economic function: consumption. Environmental/property tag: energy.,599000000,0.020514,"Eurostat, National Tax Lists - individual taxes, updated 22 Apr 2026; file: code/data/france_tax/eurostat_national_tax_lists_2025_2026-04-22.xlsx; FR sheet; STO D214A; DETAILS C11; 2024","Eurostat NTL covers general government plus EU institutions (S.13 + S.212), so local taxes are in scope."
Taxe sur les nuisances sonores aériennes,Low-yield behavioural incentive levy on production paid by businesses,Low-yield behavioural incentive levy on production paid by businesses. Collector: Direction générale de l’aviation civile (DGAC). Beneficiary: Certains exploitants d'aérodromes.,48090000,0.001647,"Cour des comptes, Les taxes a faible rendement, annex listing, Apr 2025; file: code/data/france_tax/20250417-annexe-listing-des-taxes-concernees.xlsx; Cour Inventaire sheet id 293; Enjeu 2024","Cour low-yield-tax inventory id 293. Status: En vigueur entre 2019 et 2024. Objective: Incitation; payer: Entreprises; base: Production. The Cour annex is an individual-tax inventory and may overlap with Eurostat grouped/aggregate NTL rows; do not sum both sources without reconciliation. English name is a descriptive label generated from the Cour structured fields; the Cour annex does not provide an official English legal title. Cour Enjeu 2019: EUR 49.526m. Revenue is the Cour 'enjeu 2024' figure, in EUR after conversion from EUR millions."
Taxe sur les ordres annulés dans le cadre d’opérations à haute fréquence,Low-yield behavioural incentive levy on production paid by businesses,Low-yield behavioural incentive levy on production paid by businesses. Collector: DGFiP. Beneficiary: Budget général.,,,"Cour des comptes, Les taxes a faible rendement, annex listing, Apr 2025; file: code/data/france_tax/20250417-annexe-listing-des-taxes-concernees.xlsx; Cour Inventaire sheet id 294; Enjeu 2024",Cour low-yield-tax inventory id 294. Status: En vigueur entre 2019 et 2024. Objective: Incitation; payer: Entreprises; base: Production. The Cour annex is an individual-tax inventory and may overlap with Eurostat grouped/aggregate NTL rows; do not sum both sources without reconciliation. English name is a descriptive label generated from the Cour structured fields; the Cour annex does not provide an official English legal title. No known or estimated 2024 yield in the Cour annex; cannot be area-sized without an estimate.
Taxe sur les papiers graphiques,Low-yield behavioural incentive levy on consumption paid by businesses,Low-yield behavioural incentive levy on consumption paid by businesses. Collector: EcoFolio. Beneficiary: EcoFolio.,,,"Cour des comptes, Les taxes a faible rendement, annex listing, Apr 2025; file: code/data/france_tax/20250417-annexe-listing-des-taxes-concernees.xlsx; Cour Inventaire sheet id 295; Enjeu 2024",Cour low-yield-tax inventory id 295. Status: En vigueur entre 2019 et 2024. Objective: Incitation; payer: Entreprises; base: Consommation. The Cour annex is an individual-tax inventory and may overlap with Eurostat grouped/aggregate NTL rows; do not sum both sources without reconciliation. English name is a descriptive label generated from the Cour structured fields; the Cour annex does not provide an official English legal title. No known or estimated 2024 yield in the Cour annex; cannot be area-sized without an estimate.
Taxe sur les plus-values immobilières (PVI) autres que terrains à bâtir,Low-yield budget-raising levy on capital paid by individuals,Low-yield budget-raising levy on capital paid by individuals. Collector: DGFiP. Beneficiary: Caisse de garantie du logement locatif social (CGLLS).,104097508,0.003565,"Cour des comptes, Les taxes a faible rendement, annex listing, Apr 2025; file: code/data/france_tax/20250417-annexe-listing-des-taxes-concernees.xlsx; Cour Inventaire sheet id 299; Enjeu 2019 uprated to 2024 using INSEE CPI",Cour low-yield-tax inventory id 299. Status: En vigueur entre 2019 et 2024. Objective: Rendement; payer: Particuliers; base: Capital. The Cour annex is an individual-tax inventory and may overlap with Eurostat grouped/aggregate NTL rows; do not sum both sources without reconciliation. English name is a descriptive label generated from the Cour structured fields; the Cour annex does not provide an official English legal title. Cour Enjeu 2019: EUR 90.571m. No Cour Enjeu 2024 figure; revenue is an estimate from Cour Enjeu 2019 uprated to 2024 using INSEE annual-average CPI inflation for 2020-2024. CPI uprating factor used: 1.149347008.
Taxe sur les primes d'assurances,Low-yield budget-raising levy on consumption paid by individuals,Low-yield budget-raising levy on consumption paid by individuals. Collector: Fonds de garantie des assurances obligatoires de dommages (FGAO). Beneficiary: Fonds de garantie des assurances obligatoires de dommages (FGAO).,107208656,0.003672,"Cour des comptes, Les taxes a faible rendement, annex listing, Apr 2025; file: code/data/france_tax/20250417-annexe-listing-des-taxes-concernees.xlsx; Cour Inventaire sheet id 302; Enjeu 2024","Cour low-yield-tax inventory id 302. Status: En vigueur entre 2019 et 2024. Objective: Rendement; payer: Particuliers; base: Consommation. The Cour annex is an individual-tax inventory and may overlap with Eurostat grouped/aggregate NTL rows; do not sum both sources without reconciliation. English name is a descriptive label generated from the Cour structured fields; the Cour annex does not provide an official English legal title. Cour Enjeu 2019: EUR 93m. Revenue is the Cour 'enjeu 2024' figure, in EUR after conversion from EUR millions."
Taxe sur les produits de la fonderie,Low-yield budget-raising levy on consumption paid by businesses,Low-yield budget-raising levy on consumption paid by businesses. Collector: Centre technique des industries de la fonderie (CTIF). Beneficiary: Centre technique interprofessionnel des fruits et légumes (CTIFL).,7440000,0.000255,"Cour des comptes, Les taxes a faible rendement, annex listing, Apr 2025; file: code/data/france_tax/20250417-annexe-listing-des-taxes-concernees.xlsx; Cour Inventaire sheet id 304; Enjeu 2024","Cour low-yield-tax inventory id 304. Status: En vigueur entre 2019 et 2024. Objective: Rendement; payer: Entreprises; base: Consommation. The Cour annex is an individual-tax inventory and may overlap with Eurostat grouped/aggregate NTL rows; do not sum both sources without reconciliation. English name is a descriptive label generated from the Cour structured fields; the Cour annex does not provide an official English legal title. Cour Enjeu 2019: EUR 5.519m. Revenue is the Cour 'enjeu 2024' figure, in EUR after conversion from EUR millions."
Taxe sur les prémix,Low-yield behavioural incentive levy on consumption paid by businesses,Low-yield behavioural incentive levy on consumption paid by businesses. Collector: DGDDI. Beneficiary: Caisse nationale d'assurance-maladie (CNAM).,,,"Cour des comptes, Les taxes a faible rendement, annex listing, Apr 2025; file: code/data/france_tax/20250417-annexe-listing-des-taxes-concernees.xlsx; Cour Inventaire sheet id 301; Enjeu 2024",Cour low-yield-tax inventory id 301. Status: En vigueur entre 2019 et 2024. Objective: Incitation; payer: Entreprises; base: Consommation. The Cour annex is an individual-tax inventory and may overlap with Eurostat grouped/aggregate NTL rows; do not sum both sources without reconciliation. English name is a descriptive label generated from the Cour structured fields; the Cour annex does not provide an official English legal title. No known or estimated 2024 yield in the Cour annex; cannot be area-sized without an estimate.
Taxe sur les remontées mécaniques (communes),Low-yield budget-raising levy on consumption paid by businesses,Low-yield budget-raising levy on consumption paid by businesses. Collector: Communes. Beneficiary: Communes.,70962573,0.002430,"Cour des comptes, Les taxes a faible rendement, annex listing, Apr 2025; file: code/data/france_tax/20250417-annexe-listing-des-taxes-concernees.xlsx; Cour Inventaire sheet id 307; Enjeu 2024","Cour low-yield-tax inventory id 307. Status: En vigueur entre 2019 et 2024. Objective: Rendement; payer: Entreprises; base: Consommation. The Cour annex is an individual-tax inventory and may overlap with Eurostat grouped/aggregate NTL rows; do not sum both sources without reconciliation. English name is a descriptive label generated from the Cour structured fields; the Cour annex does not provide an official English legal title. Cour Enjeu 2019: EUR 39.513m. Revenue is the Cour 'enjeu 2024' figure, in EUR after conversion from EUR millions."
Taxe sur les remontées mécaniques (départements),Low-yield budget-raising levy on consumption paid by businesses,Low-yield budget-raising levy on consumption paid by businesses. Collector: Départements. Beneficiary: Départements.,70962573,0.002430,"Cour des comptes, Les taxes a faible rendement, annex listing, Apr 2025; file: code/data/france_tax/20250417-annexe-listing-des-taxes-concernees.xlsx; Cour Inventaire sheet id 308; Enjeu 2024","Cour low-yield-tax inventory id 308. Status: En vigueur entre 2019 et 2024. Objective: Rendement; payer: Entreprises; base: Consommation. The Cour annex is an individual-tax inventory and may overlap with Eurostat grouped/aggregate NTL rows; do not sum both sources without reconciliation. English name is a descriptive label generated from the Cour structured fields; the Cour annex does not provide an official English legal title. Cour Enjeu 2019: EUR 19.052m. Revenue is the Cour 'enjeu 2024' figure, in EUR after conversion from EUR millions."
Taxe sur les services de communication électronique,Low-yield budget-raising levy on production paid by businesses,Low-yield budget-raising levy on production paid by businesses. Collector: DGFiP. Beneficiary: Budget général.,,,"Cour des comptes, Les taxes a faible rendement, annex listing, Apr 2025; file: code/data/france_tax/20250417-annexe-listing-des-taxes-concernees.xlsx; Cour Inventaire sheet id 338; Enjeu 2024",Cour low-yield-tax inventory id 338. Status: En vigueur entre 2019 et 2024. Objective: Rendement; payer: Entreprises; base: Production. The Cour annex is an individual-tax inventory and may overlap with Eurostat grouped/aggregate NTL rows; do not sum both sources without reconciliation. English name is a descriptive label generated from the Cour structured fields; the Cour annex does not provide an official English legal title. No known or estimated 2024 yield in the Cour annex; cannot be area-sized without an estimate.
Taxe sur les services de contenus audiovisuels à la demande,Low-yield budget-raising levy on consumption paid by businesses,Low-yield budget-raising levy on consumption paid by businesses. Collector: Centre national du cinéma et de l'image animée (CNC). Beneficiary: Centre national du cinéma et de l'image animée (CNC).,,,"Cour des comptes, Les taxes a faible rendement, annex listing, Apr 2025; file: code/data/france_tax/20250417-annexe-listing-des-taxes-concernees.xlsx; Cour Inventaire sheet id 336; Enjeu 2024",Cour low-yield-tax inventory id 336. Status: En vigueur entre 2019 et 2024. Objective: Rendement; payer: Entreprises; base: Consommation. The Cour annex is an individual-tax inventory and may overlap with Eurostat grouped/aggregate NTL rows; do not sum both sources without reconciliation. English name is a descriptive label generated from the Cour structured fields; the Cour annex does not provide an official English legal title. No known or estimated 2024 yield in the Cour annex; cannot be area-sized without an estimate.
Taxe sur les services numériques,Tax on digital services,Eurostat national-tax-list line classified as ESA code D214I. Economic function: consumption.,785000000,0.026884,"Eurostat, National Tax Lists - individual taxes, updated 22 Apr 2026; file: code/data/france_tax/eurostat_national_tax_lists_2025_2026-04-22.xlsx; FR sheet; STO D214I; DETAILS C02; 2024","Eurostat NTL covers general government plus EU institutions (S.13 + S.212), so local taxes are in scope."
Taxe sur les spectacles cinématographiques (ex-TSA - Taxe sur le prix des entrées aux séances organisées par les exploitants d’établissements de spectacles cinématographiques),Low-yield budget-raising levy on consumption paid by individuals,Low-yield budget-raising levy on consumption paid by individuals. Collector: Centre national du cinéma et de l'image animée (CNC). Beneficiary: Centre national du cinéma et de l'image animée (CNC).,143000000,0.004897,"Cour des comptes, Les taxes a faible rendement, annex listing, Apr 2025; file: code/data/france_tax/20250417-annexe-listing-des-taxes-concernees.xlsx; Cour Inventaire sheet id 332; Enjeu 2024","Cour low-yield-tax inventory id 332. Status: En vigueur entre 2019 et 2024. Objective: Rendement; payer: Particuliers; base: Consommation. The Cour annex is an individual-tax inventory and may overlap with Eurostat grouped/aggregate NTL rows; do not sum both sources without reconciliation. English name is a descriptive label generated from the Cour structured fields; the Cour annex does not provide an official English legal title. Cour Enjeu 2019: EUR 154.402m. Revenue is the Cour 'enjeu 2024' figure, in EUR after conversion from EUR millions."
Taxe sur les spectacles perçue au profit de l’Association pour le soutien du théâtre privé,Low-yield budget-raising levy on consumption paid by individuals,"Low-yield budget-raising levy on consumption paid by individuals. Collector: Association pour le Soutien du Théâtre Privé (ASTP) / Société des auteurs, compositeurs et éditeurs de musique (SACEM) / Société des auteurs et compositeurs dramatiques (SACD). Beneficiary: Association pour le soutien du théâtre privé (ASTP).",8500000,0.000291,"Cour des comptes, Les taxes a faible rendement, annex listing, Apr 2025; file: code/data/france_tax/20250417-annexe-listing-des-taxes-concernees.xlsx; Cour Inventaire sheet id 311; Enjeu 2024","Cour low-yield-tax inventory id 311. Status: En vigueur entre 2019 et 2024. Objective: Rendement; payer: Particuliers; base: Consommation. The Cour annex is an individual-tax inventory and may overlap with Eurostat grouped/aggregate NTL rows; do not sum both sources without reconciliation. English name is a descriptive label generated from the Cour structured fields; the Cour annex does not provide an official English legal title. Cour Enjeu 2019: EUR 8m. Revenue is the Cour 'enjeu 2024' figure, in EUR after conversion from EUR millions."
Taxe sur les spectacles vivants (ex-taxe sur les spectacles de variété),Low-yield budget-raising levy on consumption paid by individuals,"Low-yield budget-raising levy on consumption paid by individuals. Collector: Centre national de la chanson des variétés et du jazz (CNV), Société des auteurs, compositeurs et éditeurs de musique (SACEM). Beneficiary: Centre national de la musique (CNM) / Centre national de la chanson, des variétés et du jazz (CNV) (jusqu'en 2020).",32000000,0.001096,"Cour des comptes, Les taxes a faible rendement, annex listing, Apr 2025; file: code/data/france_tax/20250417-annexe-listing-des-taxes-concernees.xlsx; Cour Inventaire sheet id 310; Enjeu 2024","Cour low-yield-tax inventory id 310. Status: En vigueur entre 2019 et 2024. Objective: Rendement; payer: Particuliers; base: Consommation. The Cour annex is an individual-tax inventory and may overlap with Eurostat grouped/aggregate NTL rows; do not sum both sources without reconciliation. English name is a descriptive label generated from the Cour structured fields; the Cour annex does not provide an official English legal title. Cour Enjeu 2019: EUR 36.004m. Revenue is the Cour 'enjeu 2024' figure, in EUR after conversion from EUR millions."
Taxe sur les surfaces commerciales,Tax on commercial areas,Eurostat national-tax-list line classified as ESA code D29A. Economic function: capital/stock of wealth.,1268000000,0.043426,"Eurostat, National Tax Lists - individual taxes, updated 22 Apr 2026; file: code/data/france_tax/eurostat_national_tax_lists_2025_2026-04-22.xlsx; FR sheet; STO D29A; DETAILS C12; 2024","Eurostat NTL covers general government plus EU institutions (S.13 + S.212), so local taxes are in scope."
Taxe sur les surfaces de stationnement,Low-yield budget-raising levy on capital paid by individuals,Low-yield budget-raising levy on capital paid by individuals. Collector: DGFiP. Beneficiary: Société des grands projets (SGP).,15896141,0.000544,"Cour des comptes, Les taxes a faible rendement, annex listing, Apr 2025; file: code/data/france_tax/20250417-annexe-listing-des-taxes-concernees.xlsx; Cour Inventaire sheet id 312; Enjeu 2024","Cour low-yield-tax inventory id 312. Status: En vigueur entre 2019 et 2024. Objective: Rendement; payer: Particuliers; base: Capital. The Cour annex is an individual-tax inventory and may overlap with Eurostat grouped/aggregate NTL rows; do not sum both sources without reconciliation. English name is a descriptive label generated from the Cour structured fields; the Cour annex does not provide an official English legal title. Cour Enjeu 2019: EUR 4m. Revenue is the Cour 'enjeu 2024' figure, in EUR after conversion from EUR millions."
Taxe sur les titres de séjour et de voyage électroniques,Low-yield service-related levy on consumption paid by individuals,"Low-yield service-related levy on consumption paid by individuals. Collector: Ministère de l'intérieur. Beneficiary: France Titres, anciennement ANTS.",20900000,0.000716,"Cour des comptes, Les taxes a faible rendement, annex listing, Apr 2025; file: code/data/france_tax/20250417-annexe-listing-des-taxes-concernees.xlsx; Cour Inventaire sheet id 313; Enjeu 2024","Cour low-yield-tax inventory id 313. Status: En vigueur entre 2019 et 2024. Objective: Service rendu; payer: Particuliers; base: Consommation. The Cour annex is an individual-tax inventory and may overlap with Eurostat grouped/aggregate NTL rows; do not sum both sources without reconciliation. English name is a descriptive label generated from the Cour structured fields; the Cour annex does not provide an official English legal title. Cour Enjeu 2019: EUR 18.085m. Revenue is the Cour 'enjeu 2024' figure, in EUR after conversion from EUR millions."
Taxe sur les transactions financières,Tax on financial transactions,Eurostat national-tax-list line classified as ESA code D214C. Economic function: capital/stock of wealth. Environmental/property tag: other property.,1851000000,0.063393,"Eurostat, National Tax Lists - individual taxes, updated 22 Apr 2026; file: code/data/france_tax/eurostat_national_tax_lists_2025_2026-04-22.xlsx; FR sheet; STO D214C; DETAILS C03; 2024","Eurostat NTL covers general government plus EU institutions (S.13 + S.212), so local taxes are in scope."
Taxe sur les ventes et locations de vidéogrammes destinés à l'usage privé du public,Low-yield budget-raising levy on consumption paid by individuals,Low-yield budget-raising levy on consumption paid by individuals. Collector: DGFiP. Beneficiary: Centre national du cinéma et de l'image animée (CNC).,139500000,0.004778,"Cour des comptes, Les taxes a faible rendement, annex listing, Apr 2025; file: code/data/france_tax/20250417-annexe-listing-des-taxes-concernees.xlsx; Cour Inventaire sheet id 315; Enjeu 2024","Cour low-yield-tax inventory id 315. Status: En vigueur entre 2019 et 2024. Objective: Rendement; payer: Particuliers; base: Consommation. The Cour annex is an individual-tax inventory and may overlap with Eurostat grouped/aggregate NTL rows; do not sum both sources without reconciliation. English name is a descriptive label generated from the Cour structured fields; the Cour annex does not provide an official English legal title. Cour Enjeu 2019: EUR 34.223m. Revenue is the Cour 'enjeu 2024' figure, in EUR after conversion from EUR millions."
Taxe sur les véhicules de tourisme des sociétés,Tax on corporations' cars,Eurostat national-tax-list line classified as ESA code D29B. Economic function: capital/stock of wealth. Environmental/property tag: transport.,991000000,0.033940,"Eurostat, National Tax Lists - individual taxes, updated 22 Apr 2026; file: code/data/france_tax/eurostat_national_tax_lists_2025_2026-04-22.xlsx; FR sheet; STO D29B; DETAILS C04; 2024","Eurostat NTL covers general government plus EU institutions (S.13 + S.212), so local taxes are in scope."
Taxe sur les émissions de CO2,Emission permits (EU ETS),Eurostat national-tax-list line classified as ESA code D29F. Economic function: consumption. Environmental/property tag: energy.,2113000000,0.072365,"Eurostat, National Tax Lists - individual taxes, updated 22 Apr 2026; file: code/data/france_tax/eurostat_national_tax_lists_2025_2026-04-22.xlsx; FR sheet; STO D29F; DETAILS C02; 2024","Eurostat NTL covers general government plus EU institutions (S.13 + S.212), so local taxes are in scope."
Taxe sur les éoliennes maritimes,Low-yield behavioural incentive levy on production paid by businesses,Low-yield behavioural incentive levy on production paid by businesses. Collector: DGFiP. Beneficiary: Communes.,8027848,0.000275,"Cour des comptes, Les taxes a faible rendement, annex listing, Apr 2025; file: code/data/france_tax/20250417-annexe-listing-des-taxes-concernees.xlsx; Cour Inventaire sheet id 288; Enjeu 2024","Cour low-yield-tax inventory id 288. Status: En vigueur entre 2019 et 2024. Objective: Incitation; payer: Entreprises; base: Production. The Cour annex is an individual-tax inventory and may overlap with Eurostat grouped/aggregate NTL rows; do not sum both sources without reconciliation. English name is a descriptive label generated from the Cour structured fields; the Cour annex does not provide an official English legal title. Cour Enjeu 2019: EUR 107.707m. Revenue is the Cour 'enjeu 2024' figure, in EUR after conversion from EUR millions."
Taxe sur primes d'assurance automobile,Tax on automobile insurance premium,Eurostat national-tax-list line classified as ESA code D214G. Economic function: consumption. Environmental/property tag: transport.,1255000000,0.042981,"Eurostat, National Tax Lists - individual taxes, updated 22 Apr 2026; file: code/data/france_tax/eurostat_national_tax_lists_2025_2026-04-22.xlsx; FR sheet; STO D214G; DETAILS C05; 2024","Eurostat NTL covers general government plus EU institutions (S.13 + S.212), so local taxes are in scope."
Taxes au profit de l'Association sur la garantie des salaires,Employer contributions to the wage guarantee scheme (AGS),Eurostat national-tax-list line classified as ESA code D29C. Economic function: employer labour.,1468000000,0.050276,"Eurostat, National Tax Lists - individual taxes, updated 22 Apr 2026; file: code/data/france_tax/eurostat_national_tax_lists_2025_2026-04-22.xlsx; FR sheet; STO D29C; DETAILS C04; 2024","Eurostat NTL covers general government plus EU institutions (S.13 + S.212), so local taxes are in scope."
"Taxes pharmaceutiques (contribution grossistes répartiteurs, taxe sur les ventes de médicaments et de cosmétiques)",Pharmaceutical taxes,Eurostat national-tax-list line classified as ESA code D214I. Economic function: consumption.,957000000,0.032775,"Eurostat, National Tax Lists - individual taxes, updated 22 Apr 2026; file: code/data/france_tax/eurostat_national_tax_lists_2025_2026-04-22.xlsx; FR sheet; STO D214I; DETAILS C01; 2024","Eurostat NTL covers general government plus EU institutions (S.13 + S.212), so local taxes are in scope."
Taxes spéciales d'équipement 50 pas géométrique Guadeloupe,Low-yield budget-raising levy on capital paid by businesses,Low-yield budget-raising levy on capital paid by businesses. Collector: DGFiP. Beneficiary: Zone des 50 pas géométriques de Guadeloupe.,997000,0.000034,"Cour des comptes, Les taxes a faible rendement, annex listing, Apr 2025; file: code/data/france_tax/20250417-annexe-listing-des-taxes-concernees.xlsx; Cour Inventaire sheet id 322; Enjeu 2024","Cour low-yield-tax inventory id 322. Status: En vigueur entre 2019 et 2024. Objective: Rendement; payer: Entreprises; base: Capital. The Cour annex is an individual-tax inventory and may overlap with Eurostat grouped/aggregate NTL rows; do not sum both sources without reconciliation. English name is a descriptive label generated from the Cour structured fields; the Cour annex does not provide an official English legal title. Cour Enjeu 2019: EUR 1.415m. Revenue is the Cour 'enjeu 2024' figure, in EUR after conversion from EUR millions."
Taxes spéciales d'équipement 50 pas géométrique Martinique,Low-yield budget-raising levy on capital paid by businesses,Low-yield budget-raising levy on capital paid by businesses. Collector: DGFiP. Beneficiary: Zone des 50 pas géométriques de Martinique.,975000,0.000033,"Cour des comptes, Les taxes a faible rendement, annex listing, Apr 2025; file: code/data/france_tax/20250417-annexe-listing-des-taxes-concernees.xlsx; Cour Inventaire sheet id 323; Enjeu 2024","Cour low-yield-tax inventory id 323. Status: En vigueur entre 2019 et 2024. Objective: Rendement; payer: Entreprises; base: Capital. The Cour annex is an individual-tax inventory and may overlap with Eurostat grouped/aggregate NTL rows; do not sum both sources without reconciliation. English name is a descriptive label generated from the Cour structured fields; the Cour annex does not provide an official English legal title. Cour Enjeu 2019: EUR 1.415m. Revenue is the Cour 'enjeu 2024' figure, in EUR after conversion from EUR millions."
"Taxes sur l'affectation des véhicules à des fins économiques, taxe annuelle sur le transport lourd de marchandises (ex-taxe spéciale sur certains véhicules routiers (TSVR) / véhicules lourds et ex-taxe à l’essieu)",Low-yield budget-raising levy on production paid by businesses,Low-yield budget-raising levy on production paid by businesses. Collector: DGFiP. Beneficiary: Budget général.,175260720,0.006002,"Cour des comptes, Les taxes a faible rendement, annex listing, Apr 2025; file: code/data/france_tax/20250417-annexe-listing-des-taxes-concernees.xlsx; Cour Inventaire sheet id 191; Enjeu 2024","Cour low-yield-tax inventory id 191. Status: En vigueur entre 2019 et 2024. Objective: Rendement; payer: Entreprises; base: Production. The Cour annex is an individual-tax inventory and may overlap with Eurostat grouped/aggregate NTL rows; do not sum both sources without reconciliation. English name is a descriptive label generated from the Cour structured fields; the Cour annex does not provide an official English legal title. Revenue is the Cour 'enjeu 2024' figure, in EUR after conversion from EUR millions."
Taxes sur la construction,Taxes on construction,Eurostat national-tax-list line classified as ESA code D214H. Economic function: consumption.,1194000000,0.040892,"Eurostat, National Tax Lists - individual taxes, updated 22 Apr 2026; file: code/data/france_tax/eurostat_national_tax_lists_2025_2026-04-22.xlsx; FR sheet; STO D214H; DETAILS C08; 2024","Eurostat NTL covers general government plus EU institutions (S.13 + S.212), so local taxes are in scope."
Taxes sur les boissons,Taxes on beverages,Eurostat national-tax-list line classified as ESA code D214A. Economic function: consumption. Environmental/property tag: alcohol/tobacco.,4749000000,0.162643,"Eurostat, National Tax Lists - individual taxes, updated 22 Apr 2026; file: code/data/france_tax/eurostat_national_tax_lists_2025_2026-04-22.xlsx; FR sheet; STO D214A; DETAILS C09; 2024","Eurostat NTL covers general government plus EU institutions (S.13 + S.212), so local taxes are in scope."
Taxes sur les jeux des casinos,Taxes on casinos' games,Eurostat national-tax-list line classified as ESA code D214F. Economic function: consumption.,1436000000,0.049180,"Eurostat, National Tax Lists - individual taxes, updated 22 Apr 2026; file: code/data/france_tax/eurostat_national_tax_lists_2025_2026-04-22.xlsx; FR sheet; STO D214F; DETAILS C02; 2024","Eurostat NTL covers general government plus EU institutions (S.13 + S.212), so local taxes are in scope."
Taxes sur les paris hippiques,Taxes on horse-race bets,Eurostat national-tax-list line classified as ESA code D214F. Economic function: consumption.,1797000000,0.061543,"Eurostat, National Tax Lists - individual taxes, updated 22 Apr 2026; file: code/data/france_tax/eurostat_national_tax_lists_2025_2026-04-22.xlsx; FR sheet; STO D214F; DETAILS C03; 2024","Eurostat NTL covers general government plus EU institutions (S.13 + S.212), so local taxes are in scope."
"Taxes sur les produits de l'industrie et de l'artisanat, fraction perçue sur les biens des industries de l'ameublement (ex-Taxe pour le développement des industries de l'ameublement ainsi que les industries du bois)",Low-yield market-failure correction levy on production paid by businesses,"Low-yield market-failure correction levy on production paid by businesses. Collector: Comité professionnel de développement économique des industries françaises de l’ameublement (CODIFAB), DGFiP, DGDDI. Beneficiary: Comité professionnel de développement des industries françaises de l’ameublement et du bois (CODIFAB) / Institut Technologique Forêt Cellulose Bois-construction Ameublement (FCBA) / Centre technique des industries mécaniques (CETIM).",13070000,0.000448,"Cour des comptes, Les taxes a faible rendement, annex listing, Apr 2025; file: code/data/france_tax/20250417-annexe-listing-des-taxes-concernees.xlsx; Cour Inventaire sheet id 238; Enjeu 2024","Cour low-yield-tax inventory id 238. Status: En vigueur entre 2019 et 2024. Objective: Correction défaillance marché; payer: Entreprises; base: Production. The Cour annex is an individual-tax inventory and may overlap with Eurostat grouped/aggregate NTL rows; do not sum both sources without reconciliation. English name is a descriptive label generated from the Cour structured fields; the Cour annex does not provide an official English legal title. Cour Enjeu 2019: EUR 13.242m. Revenue is the Cour 'enjeu 2024' figure, in EUR after conversion from EUR millions."
"Taxes sur les produits de l'industrie et de l'artisanat, fraction perçue sur les biens des industries de l'habillement (ex-Taxe pour le développement des industries de l'habillement)",Low-yield market-failure correction levy on production paid by businesses,"Low-yield market-failure correction levy on production paid by businesses. Collector: Comité de développement et de promotion de l'habillement (DEFI), DGFiP, DGDDI. Beneficiary: Comité de développement et de promotion des industries du textile et de l’habillement (DEFI).",9950000,0.000341,"Cour des comptes, Les taxes a faible rendement, annex listing, Apr 2025; file: code/data/france_tax/20250417-annexe-listing-des-taxes-concernees.xlsx; Cour Inventaire sheet id 239; Enjeu 2024","Cour low-yield-tax inventory id 239. Status: En vigueur entre 2019 et 2024. Objective: Correction défaillance marché; payer: Entreprises; base: Production. The Cour annex is an individual-tax inventory and may overlap with Eurostat grouped/aggregate NTL rows; do not sum both sources without reconciliation. English name is a descriptive label generated from the Cour structured fields; the Cour annex does not provide an official English legal title. Cour Enjeu 2019: EUR 9.685m. Revenue is the Cour 'enjeu 2024' figure, in EUR after conversion from EUR millions."
"Taxes sur les produits de l'industrie et de l'artisanat, fraction perçue sur les biens des industries de l'horlogerie, de la bijouterie-joaillerie, de l'orfèvrerie et des arts de la table (ex-Taxes sur les produits de l'industrie et de l'artisanat Taxe pour le développement des industries de l'horlogerie, bijouterie, joaillerie, orfèvrerie et arts de la table)",Low-yield market-failure correction levy on production paid by businesses,"Low-yield market-failure correction levy on production paid by businesses. Collector: Comité Francéclat, DGFiP, DGDDI. Beneficiary: Comité professionnel de développement économique au service des secteurs de l’horlogerie, de la bijouterie, de la joaillerie, de l’orfèvrerie et des arts de la table (Francéclat).",19500000,0.000668,"Cour des comptes, Les taxes a faible rendement, annex listing, Apr 2025; file: code/data/france_tax/20250417-annexe-listing-des-taxes-concernees.xlsx; Cour Inventaire sheet id 240; Enjeu 2024","Cour low-yield-tax inventory id 240. Status: En vigueur entre 2019 et 2024. Objective: Correction défaillance marché; payer: Entreprises; base: Production. The Cour annex is an individual-tax inventory and may overlap with Eurostat grouped/aggregate NTL rows; do not sum both sources without reconciliation. English name is a descriptive label generated from the Cour structured fields; the Cour annex does not provide an official English legal title. Cour Enjeu 2019: EUR 12.677m. Revenue is the Cour 'enjeu 2024' figure, in EUR after conversion from EUR millions."
"Taxes sur les produits de l'industrie et de l'artisanat, fraction perçue sur les biens des industries du béton, fraction perçue sur les biens des industries des matériaux de construction en terre cuite, raction perçue sur les biens des industries des roches ornementales et de constructionf (ex-Taxe pour le développement des industries du béton, de la terre cuite et des roches ornementales et de construction)",Low-yield market-failure correction levy on production paid by businesses,"Low-yield market-failure correction levy on production paid by businesses. Collector: Centres techniques des matériaux et composants pour la construction (CTMCC), DGDDI. Beneficiary: Centre technique de matériaux naturels de construction (CTMNC) / Centre d'études et de recherches de l'industrie du béton (CERIB).",15000000,0.000514,"Cour des comptes, Les taxes a faible rendement, annex listing, Apr 2025; file: code/data/france_tax/20250417-annexe-listing-des-taxes-concernees.xlsx; Cour Inventaire sheet id 241; Enjeu 2024","Cour low-yield-tax inventory id 241. Status: En vigueur entre 2019 et 2024. Objective: Correction défaillance marché; payer: Entreprises; base: Production. The Cour annex is an individual-tax inventory and may overlap with Eurostat grouped/aggregate NTL rows; do not sum both sources without reconciliation. English name is a descriptive label generated from the Cour structured fields; the Cour annex does not provide an official English legal title. Cour Enjeu 2019: EUR 13.097m. Revenue is the Cour 'enjeu 2024' figure, in EUR after conversion from EUR millions."
"Taxes sur les produits de l'industrie et de l'artisanat, fraction perçue sur les biens des industries du cuir, de la chaussure et de la maroquinerie (ex-Taxe pour le développement des industries du cuir, de la maroquinerie, de la ganterie et de la chaussure)",Low-yield market-failure correction levy on production paid by businesses,"Low-yield market-failure correction levy on production paid by businesses. Collector: Centre technique du cuir (CTC), DGFiP, DGDDI. Beneficiary: Centre technique du cuir (CTC).",18781000,0.000643,"Cour des comptes, Les taxes a faible rendement, annex listing, Apr 2025; file: code/data/france_tax/20250417-annexe-listing-des-taxes-concernees.xlsx; Cour Inventaire sheet id 242; Enjeu 2024","Cour low-yield-tax inventory id 242. Status: En vigueur entre 2019 et 2024. Objective: Correction défaillance marché; payer: Entreprises; base: Production. The Cour annex is an individual-tax inventory and may overlap with Eurostat grouped/aggregate NTL rows; do not sum both sources without reconciliation. English name is a descriptive label generated from the Cour structured fields; the Cour annex does not provide an official English legal title. Cour Enjeu 2019: EUR 14.679m. Revenue is the Cour 'enjeu 2024' figure, in EUR after conversion from EUR millions."
"Taxes sur les produits de l'industrie et de l'artisanat, fraction sur les biens des industries de la construction métallique, de la mécanique,… (ex-Taxe pour le développement des industries de la mécanique, de la construction métallique, des matériels etc…)",Low-yield market-failure correction levy on production paid by businesses,"Low-yield market-failure correction levy on production paid by businesses. Collector: Comité de coordination des centres de recherche en mécanique (COREM), DGFiP, DGDDI. Beneficiary: Centre technique des industries mécaniques (CETIM) / Centre technique industriel de la construction métallique(CTICM) / Centre Technique des Industries Aérauliques et Thermiques (CETIAT) / Instituts de soudure.",115100000,0.003942,"Cour des comptes, Les taxes a faible rendement, annex listing, Apr 2025; file: code/data/france_tax/20250417-annexe-listing-des-taxes-concernees.xlsx; Cour Inventaire sheet id 237; Enjeu 2024","Cour low-yield-tax inventory id 237. Status: En vigueur entre 2019 et 2024. Objective: Correction défaillance marché; payer: Entreprises; base: Production. The Cour annex is an individual-tax inventory and may overlap with Eurostat grouped/aggregate NTL rows; do not sum both sources without reconciliation. English name is a descriptive label generated from the Cour structured fields; the Cour annex does not provide an official English legal title. Cour Enjeu 2019: EUR 73.404m. Revenue is the Cour 'enjeu 2024' figure, in EUR after conversion from EUR millions."
"Taxes sur les produits de l'industrie et de l'artisanat, fraction sur les biens des industries du papier (ex-Taxe pour le développement des industries de fabrication du papier, du carton et de la pâte de cellulose)",Low-yield market-failure correction levy on production paid by businesses,"Low-yield market-failure correction levy on production paid by businesses. Collector: DGDDI. Beneficiary: Centre technique de l’industrie des papiers, cartons et celluloses (CTP).",2800000,0.000096,"Cour des comptes, Les taxes a faible rendement, annex listing, Apr 2025; file: code/data/france_tax/20250417-annexe-listing-des-taxes-concernees.xlsx; Cour Inventaire sheet id 236; Enjeu 2024","Cour low-yield-tax inventory id 236. Status: En vigueur entre 2019 et 2024. Objective: Correction défaillance marché; payer: Entreprises; base: Production. The Cour annex is an individual-tax inventory and may overlap with Eurostat grouped/aggregate NTL rows; do not sum both sources without reconciliation. English name is a descriptive label generated from the Cour structured fields; the Cour annex does not provide an official English legal title. Cour Enjeu 2019: EUR 1.238m. Revenue is the Cour 'enjeu 2024' figure, in EUR after conversion from EUR millions."
Taxes sur les salaires,Taxes on salaries,Eurostat national-tax-list line classified as ESA code D29C. Economic function: employer labour.,17315000000,0.593000,"Eurostat, National Tax Lists - individual taxes, updated 22 Apr 2026; file: code/data/france_tax/eurostat_national_tax_lists_2025_2026-04-22.xlsx; FR sheet; STO D29C; DETAILS C03; 2024","Eurostat NTL covers general government plus EU institutions (S.13 + S.212), so local taxes are in scope."
Taxes sur les services professionnels hors droits de mutations,"Taxes on professional services, not including ownership transfer taxes",Eurostat national-tax-list line classified as ESA code D214H. Economic function: consumption.,1763000000,0.060379,"Eurostat, National Tax Lists - individual taxes, updated 22 Apr 2026; file: code/data/france_tax/eurostat_national_tax_lists_2025_2026-04-22.xlsx; FR sheet; STO D214H; DETAILS C09; 2024","Eurostat NTL covers general government plus EU institutions (S.13 + S.212), so local taxes are in scope."
Taxes sur les spectacles,Taxes on entertainment,Eurostat national-tax-list line classified as ESA code D214E. Economic function: consumption.,96000000,0.003288,"Eurostat, National Tax Lists - individual taxes, updated 22 Apr 2026; file: code/data/france_tax/eurostat_national_tax_lists_2025_2026-04-22.xlsx; FR sheet; STO D214E; DETAILS C02; 2024","Eurostat NTL covers general government plus EU institutions (S.13 + S.212), so local taxes are in scope."
Taxes sur les stations et liaisons radioélectriques privées,Low-yield budget-raising levy on consumption paid by businesses,Low-yield budget-raising levy on consumption paid by businesses. Collector: Agence nationale des fréquences (ANFr). Beneficiary: Budget général.,24724410,0.000847,"Cour des comptes, Les taxes a faible rendement, annex listing, Apr 2025; file: code/data/france_tax/20250417-annexe-listing-des-taxes-concernees.xlsx; Cour Inventaire sheet id 325; Enjeu 2024","Cour low-yield-tax inventory id 325. Status: En vigueur entre 2019 et 2024. Objective: Rendement; payer: Entreprises; base: Consommation. The Cour annex is an individual-tax inventory and may overlap with Eurostat grouped/aggregate NTL rows; do not sum both sources without reconciliation. English name is a descriptive label generated from the Cour structured fields; the Cour annex does not provide an official English legal title. Cour Enjeu 2019: EUR 25.537m. Revenue is the Cour 'enjeu 2024' figure, in EUR after conversion from EUR millions."
Taxes sur les tabacs,Taxes on tobaccos,Eurostat national-tax-list line classified as ESA code D214A. Economic function: consumption. Environmental/property tag: alcohol/tobacco.,13606000000,0.465975,"Eurostat, National Tax Lists - individual taxes, updated 22 Apr 2026; file: code/data/france_tax/eurostat_national_tax_lists_2025_2026-04-22.xlsx; FR sheet; STO D214A; DETAILS C10; 2024","Eurostat NTL covers general government plus EU institutions (S.13 + S.212), so local taxes are in scope."
Taxes sur les transports,Taxes on transports,Eurostat national-tax-list line classified as ESA code D214H. Economic function: consumption. Environmental/property tag: transport.,1859000000,0.063667,"Eurostat, National Tax Lists - individual taxes, updated 22 Apr 2026; file: code/data/france_tax/eurostat_national_tax_lists_2025_2026-04-22.xlsx; FR sheet; STO D214H; DETAILS C10; 2024","Eurostat NTL covers general government plus EU institutions (S.13 + S.212), so local taxes are in scope."
TGAP déchets,Low-yield behavioural incentive levy on production paid by businesses,Low-yield behavioural incentive levy on production paid by businesses. Collector: DGFiP. Beneficiary: Budget général.,,,"Cour des comptes, Les taxes a faible rendement, annex listing, Apr 2025; file: code/data/france_tax/20250417-annexe-listing-des-taxes-concernees.xlsx; Cour Inventaire sheet id 327; Enjeu 2024",Cour low-yield-tax inventory id 327. Status: En vigueur entre 2019 et 2024. Objective: Incitation; payer: Entreprises; base: Production. The Cour annex is an individual-tax inventory and may overlap with Eurostat grouped/aggregate NTL rows; do not sum both sources without reconciliation. English name is a descriptive label generated from the Cour structured fields; the Cour annex does not provide an official English legal title. No known or estimated 2024 yield in the Cour annex; cannot be area-sized without an estimate.
TGAP lessives,Low-yield behavioural incentive levy on production paid by businesses,Low-yield behavioural incentive levy on production paid by businesses. Collector: DGFiP. Beneficiary: Budget général / Agence de l'environnement et de la maîtrise de l'énergie (ADEME).,,,"Cour des comptes, Les taxes a faible rendement, annex listing, Apr 2025; file: code/data/france_tax/20250417-annexe-listing-des-taxes-concernees.xlsx; Cour Inventaire sheet id 329; Enjeu 2024",Cour low-yield-tax inventory id 329. Status: En vigueur entre 2019 et 2024. Objective: Incitation; payer: Entreprises; base: Production. The Cour annex is an individual-tax inventory and may overlap with Eurostat grouped/aggregate NTL rows; do not sum both sources without reconciliation. English name is a descriptive label generated from the Cour structured fields; the Cour annex does not provide an official English legal title. No known or estimated 2024 yield in the Cour annex; cannot be area-sized without an estimate.
TGAP matériaux d'extraction,Low-yield behavioural incentive levy on production paid by businesses,Low-yield behavioural incentive levy on production paid by businesses. Collector: DGFiP. Beneficiary: Budget général / Agence de l'environnement et de la maîtrise de l'énergie (ADEME).,,,"Cour des comptes, Les taxes a faible rendement, annex listing, Apr 2025; file: code/data/france_tax/20250417-annexe-listing-des-taxes-concernees.xlsx; Cour Inventaire sheet id 331; Enjeu 2024",Cour low-yield-tax inventory id 331. Status: En vigueur entre 2019 et 2024. Objective: Incitation; payer: Entreprises; base: Production. The Cour annex is an individual-tax inventory and may overlap with Eurostat grouped/aggregate NTL rows; do not sum both sources without reconciliation. English name is a descriptive label generated from the Cour structured fields; the Cour annex does not provide an official English legal title. No known or estimated 2024 yield in the Cour annex; cannot be area-sized without an estimate.
TGAP émissions polluantes,Low-yield behavioural incentive levy on production paid by businesses,Low-yield behavioural incentive levy on production paid by businesses. Collector: DGFiP. Beneficiary: Budget général / Agence de l'environnement et de la maîtrise de l'énergie (ADEME).,,,"Cour des comptes, Les taxes a faible rendement, annex listing, Apr 2025; file: code/data/france_tax/20250417-annexe-listing-des-taxes-concernees.xlsx; Cour Inventaire sheet id 328; Enjeu 2024",Cour low-yield-tax inventory id 328. Status: En vigueur entre 2019 et 2024. Objective: Incitation; payer: Entreprises; base: Production. The Cour annex is an individual-tax inventory and may overlap with Eurostat grouped/aggregate NTL rows; do not sum both sources without reconciliation. English name is a descriptive label generated from the Cour structured fields; the Cour annex does not provide an official English legal title. No known or estimated 2024 yield in the Cour annex; cannot be area-sized without an estimate.
TVA,VAT,Eurostat national-tax-list line classified as ESA code D211. Economic function: consumption.,206332000000,7.066406,"Eurostat, National Tax Lists - individual taxes, updated 22 Apr 2026; file: code/data/france_tax/eurostat_national_tax_lists_2025_2026-04-22.xlsx; FR sheet; STO D211; DETAILS C01; 2024","Eurostat NTL covers general government plus EU institutions (S.13 + S.212), so local taxes are in scope."
Versement mobilité,Transport compensation,Eurostat national-tax-list line classified as ESA code D29C. Economic function: employer labour.,12231000000,0.418884,"Eurostat, National Tax Lists - individual taxes, updated 22 Apr 2026; file: code/data/france_tax/eurostat_national_tax_lists_2025_2026-04-22.xlsx; FR sheet; STO D29C; DETAILS C07; 2024","Eurostat NTL covers general government plus EU institutions (S.13 + S.212), so local taxes are in scope."
Versement transport dû par les entreprises de plus de 9 salariés implantées en province,Low-yield budget-raising levy on payroll paid by businesses,Low-yield budget-raising levy on payroll paid by businesses. Collector: Collectivités territoriales. Beneficiary: Autorités organisatrices des transports urbains.,,,"Cour des comptes, Les taxes a faible rendement, annex listing, Apr 2025; file: code/data/france_tax/20250417-annexe-listing-des-taxes-concernees.xlsx; Cour Inventaire sheet id 335; Enjeu 2024",Cour low-yield-tax inventory id 335. Status: En vigueur entre 2019 et 2024. Objective: Rendement; payer: Entreprises; base: Masse salariale. The Cour annex is an individual-tax inventory and may overlap with Eurostat grouped/aggregate NTL rows; do not sum both sources without reconciliation. English name is a descriptive label generated from the Cour structured fields; the Cour annex does not provide an official English legal title. No known or estimated 2024 yield in the Cour annex; cannot be area-sized without an estimate.
