tax_name,tax_name_english,english_explanation,revenue_eur,revenue_pct_gdp,source_for_data,notes,chart_label_en,layer_1,layer_2,layer_3,layer_4,classification_notes,display_explanation,chart_include,chart_revenue_eur,chart_revenue_pct_gdp,netted_adjustments_eur,netting_notes
Accise sur l'électricité,Excise duty on electricity,Eurostat national-tax-list line classified as ESA code D214A. Economic function: consumption. Environmental/property tag: energy.,4803000000,0.164492,"Eurostat, National Tax Lists - individual taxes, updated 22 Apr 2026; file: code/data/france_tax/eurostat_national_tax_lists_2025_2026-04-22.xlsx; FR sheet; STO D214A; DETAILS C07; 2024","Eurostat NTL covers general government plus EU institutions (S.13 + S.212), so local taxes are in scope.",Electricity duty 1,Goods/services,Energy and fuel duties,Energy/fuel consumption duties,Accise sur l'électricité,UK-equivalent treatment: energy/fuel consumption duties sit with goods/services rather than environmental taxes.,Excise duty on electricity consumption.,yes,4803000000,0.164492,0,
"Accise sur les alcools, fraction perçue sur les produits intermédiaires (ex-Droit de consommation sur les produits intermédiaires)",Low-yield behavioural incentive levy on production paid by businesses,Low-yield behavioural incentive levy on production paid by businesses. Collector: DGDDI. Beneficiary: Caisse centrale de la mutualité sociale agricole (CCMSA).,51477994,0.001763,"Cour des comptes, Les taxes a faible rendement, annex listing, Apr 2025; file: code/data/france_tax/20250417-annexe-listing-des-taxes-concernees.xlsx; Cour Inventaire sheet id 61; Enjeu 2024","Cour low-yield-tax inventory id 61. Status: En vigueur entre 2019 et 2024. Objective: Incitation; payer: Entreprises; base: Production. The Cour annex is an individual-tax inventory and may overlap with Eurostat grouped/aggregate NTL rows; do not sum both sources without reconciliation. English name is a descriptive label generated from the Cour structured fields; the Cour annex does not provide an official English legal title. Cour Enjeu 2019: EUR 64.811m. Revenue is the Cour 'enjeu 2024' figure, in EUR after conversion from EUR millions.",Intermediate alcohol duty,Goods/services,"Alcohol, tobacco and drinks duties",Low-yield consumption/service levies,"Accise sur les alcools, fraction perçue sur les produits intermédiaires (ex-Droit de consommation sur les produits intermédiaires)",Cour low-yield row classified from legal label and base.,Duty on intermediate alcoholic products.,yes,51477994,0.001763,0,
"Accise sur les alcools, fraction perçue sur les vins (ex-Droit de circulation sur les vins, cidres, poirés et hydromels)",Low-yield behavioural incentive levy on production paid by businesses,Low-yield behavioural incentive levy on production paid by businesses. Collector: DGDDI. Beneficiary: Caisse centrale de la mutualité sociale agricole (CCMSA).,105812589,0.003624,"Cour des comptes, Les taxes a faible rendement, annex listing, Apr 2025; file: code/data/france_tax/20250417-annexe-listing-des-taxes-concernees.xlsx; Cour Inventaire sheet id 60; Enjeu 2024","Cour low-yield-tax inventory id 60. Status: En vigueur entre 2019 et 2024. Objective: Incitation; payer: Entreprises; base: Production. The Cour annex is an individual-tax inventory and may overlap with Eurostat grouped/aggregate NTL rows; do not sum both sources without reconciliation. English name is a descriptive label generated from the Cour structured fields; the Cour annex does not provide an official English legal title. Cour Enjeu 2019: EUR 113.533m. Revenue is the Cour 'enjeu 2024' figure, in EUR after conversion from EUR millions.",Wine duty,Goods/services,"Alcohol, tobacco and drinks duties",Low-yield consumption/service levies,"Accise sur les alcools, fraction perçue sur les vins (ex-Droit de circulation sur les vins, cidres, poirés et hydromels)",Cour low-yield row classified from legal label and base.,"Duty on wine, cider, perry and similar drinks.",yes,105812589,0.003624,0,
"Accise sur les tabacs, fraction perçue en Corse (ex-Droit de consommation sur les tabacs en Corse)",Low-yield behavioural incentive levy on production paid by businesses,Low-yield behavioural incentive levy on production paid by businesses. Collector: DGDDI. Beneficiary: Collectivité territoriale de Corse.,199845350,0.006844,"Cour des comptes, Les taxes a faible rendement, annex listing, Apr 2025; file: code/data/france_tax/20250417-annexe-listing-des-taxes-concernees.xlsx; Cour Inventaire sheet id 63; Enjeu 2024","Cour low-yield-tax inventory id 63. Status: En vigueur entre 2019 et 2024. Objective: Incitation; payer: Entreprises; base: Production. The Cour annex is an individual-tax inventory and may overlap with Eurostat grouped/aggregate NTL rows; do not sum both sources without reconciliation. English name is a descriptive label generated from the Cour structured fields; the Cour annex does not provide an official English legal title. Cour Enjeu 2019: EUR 117.683m. Revenue is the Cour 'enjeu 2024' figure, in EUR after conversion from EUR millions.",Corsica tobacco duty,Goods/services,"Alcohol, tobacco and drinks duties",Low-yield tobacco levies,"Accise sur les tabacs, fraction perçue en Corse (ex-Droit de consommation sur les tabacs en Corse)",Cour low-yield row classified from tobacco label.,Duty or levy on tobacco products.,yes,199845350,0.006844,0,
"Accise sur les tabacs, fraction perçue en France continentale (ex-Taxe et droits de consommation sur les tabacs)",Low-yield budget-raising levy on consumption paid by individuals,Low-yield budget-raising levy on consumption paid by individuals. Collector: DGDDI. Beneficiary: Budget général.,67000000,0.002295,"Cour des comptes, Les taxes a faible rendement, annex listing, Apr 2025; file: code/data/france_tax/20250417-annexe-listing-des-taxes-concernees.xlsx; Cour Inventaire sheet id 216; Enjeu 2024","Cour low-yield-tax inventory id 216. Status: En vigueur entre 2019 et 2024. Objective: Rendement; payer: Particuliers; base: Consommation. The Cour annex is an individual-tax inventory and may overlap with Eurostat grouped/aggregate NTL rows; do not sum both sources without reconciliation. English name is a descriptive label generated from the Cour structured fields; the Cour annex does not provide an official English legal title. Revenue is the Cour 'enjeu 2024' figure, in EUR after conversion from EUR millions.",Mainland tobacco duty,Goods/services,"Alcohol, tobacco and drinks duties",Low-yield tobacco levies,"Accise sur les tabacs, fraction perçue en France continentale (ex-Taxe et droits de consommation sur les tabacs)",Cour low-yield row classified from tobacco label.,Duty or levy on tobacco products.,yes,67000000,0.002295,0,
"Accise sur les tabacs, fraction perçue en outre-mer (ex-Droit de consommation sur les tabacs dans les DOM)",Low-yield behavioural incentive levy on production paid by businesses,Low-yield behavioural incentive levy on production paid by businesses. Collector: DGDDI. Beneficiary: Départements d’Outre-mer.,8523376,0.000292,"Cour des comptes, Les taxes a faible rendement, annex listing, Apr 2025; file: code/data/france_tax/20250417-annexe-listing-des-taxes-concernees.xlsx; Cour Inventaire sheet id 62; Enjeu 2024","Cour low-yield-tax inventory id 62. Status: En vigueur entre 2019 et 2024. Objective: Incitation; payer: Entreprises; base: Production. The Cour annex is an individual-tax inventory and may overlap with Eurostat grouped/aggregate NTL rows; do not sum both sources without reconciliation. English name is a descriptive label generated from the Cour structured fields; the Cour annex does not provide an official English legal title. Cour Enjeu 2019: EUR 144.279m. Revenue is the Cour 'enjeu 2024' figure, in EUR after conversion from EUR millions.",Overseas tobacco duty,Goods/services,"Alcohol, tobacco and drinks duties",Low-yield tobacco levies,"Accise sur les tabacs, fraction perçue en outre-mer (ex-Droit de consommation sur les tabacs dans les DOM)",Cour low-yield row classified from tobacco label.,Duty or levy on tobacco products.,yes,8523376,0.000292,0,
Accise sur les énergies - fraction perçue sur l'électricité (ex-Taxe communale sur la consommation finale d'électricité (TCFE) - Part intercommunale),Low-yield budget-raising levy on consumption paid by individuals,Low-yield budget-raising levy on consumption paid by individuals. Collector: DGDDI. Beneficiary: Communes / Départements.,31838298,0.001090,"Cour des comptes, Les taxes a faible rendement, annex listing, Apr 2025; file: code/data/france_tax/20250417-annexe-listing-des-taxes-concernees.xlsx; Cour Inventaire sheet id 205; Enjeu 2024","Cour low-yield-tax inventory id 205. Status: En vigueur entre 2019 et 2024. Objective: Rendement; payer: Particuliers; base: Consommation. The Cour annex is an individual-tax inventory and may overlap with Eurostat grouped/aggregate NTL rows; do not sum both sources without reconciliation. English name is a descriptive label generated from the Cour structured fields; the Cour annex does not provide an official English legal title. Cour Enjeu 2019: EUR 38.715m. Revenue is the Cour 'enjeu 2024' figure, in EUR after conversion from EUR millions.",Electricity duty interlocal,Goods/services,Energy and fuel duties,Low-yield consumption/service levies,Accise sur les énergies - fraction perçue sur l'électricité (ex-Taxe communale sur la consommation finale d'électricité (TCFE) - Part intercommunale),Cour low-yield row classified from legal label and base.,"Tax on energy, fuel or electricity use.",yes,31838298,0.001090,0,
"Accise sur les énergies, fraction perçue sur les charbons (ex-Taxe intérieure sur les houilles, les lignites et les cokes (TICHLC))",Low-yield budget-raising levy on consumption paid by businesses,Low-yield budget-raising levy on consumption paid by businesses. Collector: DGDDI. Beneficiary: Budget général.,,,"Cour des comptes, Les taxes a faible rendement, annex listing, Apr 2025; file: code/data/france_tax/20250417-annexe-listing-des-taxes-concernees.xlsx; Cour Inventaire sheet id 224; Enjeu 2024",Cour low-yield-tax inventory id 224. Status: En vigueur entre 2019 et 2024. Objective: Rendement; payer: Entreprises; base: Consommation. The Cour annex is an individual-tax inventory and may overlap with Eurostat grouped/aggregate NTL rows; do not sum both sources without reconciliation. English name is a descriptive label generated from the Cour structured fields; the Cour annex does not provide an official English legal title. No known or estimated 2024 yield in the Cour annex; cannot be area-sized without an estimate.,Coal duty,Goods/services,Energy and fuel duties,Low-yield consumption/service levies,"Accise sur les énergies, fraction perçue sur les charbons (ex-Taxe intérieure sur les houilles, les lignites et les cokes (TICHLC))",Cour low-yield row classified from legal label and base.,"Tax on energy, fuel or electricity use.",no,,,0,
Actes et écrits assujettis au timbre de dimension,Low-yield service-related levy on consumption paid by individuals,Low-yield service-related levy on consumption paid by individuals. Collector: DGFiP. Beneficiary: Budget général.,6896,0.000000,"Cour des comptes, Les taxes a faible rendement, annex listing, Apr 2025; file: code/data/france_tax/20250417-annexe-listing-des-taxes-concernees.xlsx; Cour Inventaire sheet id 1; Enjeu 2019 uprated to 2024 using INSEE CPI",Cour low-yield-tax inventory id 1. Status: En vigueur entre 2019 et 2024. Objective: Service rendu; payer: Particuliers; base: Consommation. The Cour annex is an individual-tax inventory and may overlap with Eurostat grouped/aggregate NTL rows; do not sum both sources without reconciliation. English name is a descriptive label generated from the Cour structured fields; the Cour annex does not provide an official English legal title. Cour Enjeu 2019: EUR 0.006m. No Cour Enjeu 2024 figure; revenue is an estimate from Cour Enjeu 2019 uprated to 2024 using INSEE annual-average CPI inflation for 2020-2024. CPI uprating factor used: 1.149347008.,Document stamp duty,Other,Service-related tax-like charges,Low-yield administrative/service charges,Actes et écrits assujettis au timbre de dimension,Cour service-related row without clearer UK-equivalent category.,Small stamp duty on official documents.,yes,6896,0.000000,0,
Actes judiciaires et extrajudiciaires,Low-yield service-related levy on consumption paid by individuals,Low-yield service-related levy on consumption paid by individuals. Collector: DGFiP. Beneficiary: Budget général.,316,0.000000,"Cour des comptes, Les taxes a faible rendement, annex listing, Apr 2025; file: code/data/france_tax/20250417-annexe-listing-des-taxes-concernees.xlsx; Cour Inventaire sheet id 2; Enjeu 2019 uprated to 2024 using INSEE CPI",Cour low-yield-tax inventory id 2. Status: En vigueur entre 2019 et 2024. Objective: Service rendu; payer: Particuliers; base: Consommation. The Cour annex is an individual-tax inventory and may overlap with Eurostat grouped/aggregate NTL rows; do not sum both sources without reconciliation. English name is a descriptive label generated from the Cour structured fields; the Cour annex does not provide an official English legal title. Cour Enjeu 2019: EUR 0.000275m. No Cour Enjeu 2024 figure; revenue is an estimate from Cour Enjeu 2019 uprated to 2024 using INSEE annual-average CPI inflation for 2020-2024. CPI uprating factor used: 1.149347008.,Judicial acts duty,Other,Service-related tax-like charges,Low-yield administrative/service charges,Actes judiciaires et extrajudiciaires,Cour service-related row without clearer UK-equivalent category.,Small duty on judicial and extra-judicial documents.,yes,316,0.000000,0,
Amendes et confiscations,Fines and confiscations,Eurostat national-tax-list line classified as ESA code D2121. Economic function: consumption.,40000000,0.001370,"Eurostat, National Tax Lists - individual taxes, updated 22 Apr 2026; file: code/data/france_tax/eurostat_national_tax_lists_2025_2026-04-22.xlsx; FR sheet; STO D2121; DETAILS C01; 2024","Eurostat NTL covers general government plus EU institutions (S.13 + S.212), so local taxes are in scope.",Fines,Other,"Fines, penalties and miscellaneous tax-like charges",Fines/licences/miscellaneous,Amendes et confiscations,UK-equivalent treatment: miscellaneous tax-like receipts sit with Other.,Fines and confiscations counted as tax-like revenue in the national accounts.,yes,40000000,0.001370,0,
Autres prélèvements sociaux,Other social levies,Eurostat national-tax-list line classified as ESA code D51M. Economic function: household capital income.,14646000000,0.501593,"Eurostat, National Tax Lists - individual taxes, updated 22 Apr 2026; file: code/data/france_tax/eurostat_national_tax_lists_2025_2026-04-22.xlsx; FR sheet; STO D51M; DETAILS C06; 2024","Eurostat NTL covers general government plus EU institutions (S.13 + S.212), so local taxes are in scope.",Other social levies,Employment,Personal income and social taxes,Income tax,Autres prélèvements sociaux,UK-equivalent treatment: personal income tax kept with employment taxes unless a capital-income line is separately identified.,Other social charges on household income.,yes,14646000000,0.501593,0,
Autres taxes,Other taxes,Eurostat national-tax-list line classified as ESA code D2122C. Economic function: consumption.,9000000,0.000308,"Eurostat, National Tax Lists - individual taxes, updated 22 Apr 2026; file: code/data/france_tax/eurostat_national_tax_lists_2025_2026-04-22.xlsx; FR sheet; STO D2122C; DETAILS C01; 2024","Eurostat grouped 'other taxes' line; likely contains multiple legal taxes and may overlap with more specific Cour des comptes low-yield entries. Eurostat NTL covers general government plus EU institutions (S.13 + S.212), so local taxes are in scope.",Other import taxes,Other,Residual other taxes,Eurostat residual other-tax lines,Autres taxes,Grouped Eurostat 'other taxes' residual without a more specific label.,Other import-related taxes not separately identified.,yes,9000000,0.000308,0,
Autres taxes,Other taxes,Eurostat national-tax-list line classified as ESA code D214A. Economic function: consumption.,44000000,0.001507,"Eurostat, National Tax Lists - individual taxes, updated 22 Apr 2026; file: code/data/france_tax/eurostat_national_tax_lists_2025_2026-04-22.xlsx; FR sheet; STO D214A; DETAILS C01; 2024","Eurostat grouped 'other taxes' line; likely contains multiple legal taxes and may overlap with more specific Cour des comptes low-yield entries. Eurostat NTL covers general government plus EU institutions (S.13 + S.212), so local taxes are in scope.",Other product taxes 1,Other,Residual other taxes,Eurostat residual other-tax lines,Autres taxes,Grouped Eurostat 'other taxes' residual without a more specific label.,Other taxes on products or consumption not separately identified.,yes,44000000,0.001507,0,
Autres taxes,Other taxes,Eurostat national-tax-list line classified as ESA code D214E. Economic function: consumption.,5000000,0.000171,"Eurostat, National Tax Lists - individual taxes, updated 22 Apr 2026; file: code/data/france_tax/eurostat_national_tax_lists_2025_2026-04-22.xlsx; FR sheet; STO D214E; DETAILS C01; 2024","Eurostat grouped 'other taxes' line; likely contains multiple legal taxes and may overlap with more specific Cour des comptes low-yield entries. Eurostat NTL covers general government plus EU institutions (S.13 + S.212), so local taxes are in scope.",Other product taxes 2,Other,Residual other taxes,Eurostat residual other-tax lines,Autres taxes,Grouped Eurostat 'other taxes' residual without a more specific label.,Other taxes on products or consumption not separately identified.,yes,5000000,0.000171,0,
Autres taxes,Other taxes,Eurostat national-tax-list line classified as ESA code D214H. Economic function: consumption.,1144000000,0.039179,"Eurostat, National Tax Lists - individual taxes, updated 22 Apr 2026; file: code/data/france_tax/eurostat_national_tax_lists_2025_2026-04-22.xlsx; FR sheet; STO D214H; DETAILS C01; 2024","Eurostat grouped 'other taxes' line; likely contains multiple legal taxes and may overlap with more specific Cour des comptes low-yield entries. Eurostat NTL covers general government plus EU institutions (S.13 + S.212), so local taxes are in scope.",Other product taxes 3,Other,Residual other taxes,Eurostat residual other-tax lines,Autres taxes,Grouped Eurostat 'other taxes' residual without a more specific label.,Other taxes on products or consumption not separately identified.,yes,1144000000,0.039179,0,
Autres taxes,Other taxes,Eurostat national-tax-list line classified as ESA code D214L. Economic function: consumption.,182000000,0.006233,"Eurostat, National Tax Lists - individual taxes, updated 22 Apr 2026; file: code/data/france_tax/eurostat_national_tax_lists_2025_2026-04-22.xlsx; FR sheet; STO D214L; DETAILS C01; 2024","Eurostat grouped 'other taxes' line; likely contains multiple legal taxes and may overlap with more specific Cour des comptes low-yield entries. Eurostat NTL covers general government plus EU institutions (S.13 + S.212), so local taxes are in scope.",Other product taxes 4,Other,Residual other taxes,Eurostat residual other-tax lines,Autres taxes,Grouped Eurostat 'other taxes' residual without a more specific label.,Other taxes on products or consumption not separately identified.,yes,182000000,0.006233,0,
Autres taxes,Other taxes,Eurostat national-tax-list line classified as ESA code D29A. Economic function: capital/stock of wealth. Environmental/property tag: recurrent immovable property.,890000000,0.030480,"Eurostat, National Tax Lists - individual taxes, updated 22 Apr 2026; file: code/data/france_tax/eurostat_national_tax_lists_2025_2026-04-22.xlsx; FR sheet; STO D29A; DETAILS C01; 2024","Eurostat grouped 'other taxes' line; likely contains multiple legal taxes and may overlap with more specific Cour des comptes low-yield entries. Eurostat NTL covers general government plus EU institutions (S.13 + S.212), so local taxes are in scope.",Other property taxes,Other,Residual other taxes,Eurostat residual other-tax lines,Autres taxes,Grouped Eurostat 'other taxes' residual without a more specific label.,Other property-related taxes not separately identified.,yes,890000000,0.030480,0,
Autres taxes,Other taxes,Eurostat national-tax-list line classified as ESA code D29B. Economic function: capital/stock of wealth.,167000000,0.005719,"Eurostat, National Tax Lists - individual taxes, updated 22 Apr 2026; file: code/data/france_tax/eurostat_national_tax_lists_2025_2026-04-22.xlsx; FR sheet; STO D29B; DETAILS C01; 2024","Eurostat grouped 'other taxes' line; likely contains multiple legal taxes and may overlap with more specific Cour des comptes low-yield entries. Eurostat NTL covers general government plus EU institutions (S.13 + S.212), so local taxes are in scope.",Other business taxes 1,Other,Residual other taxes,Eurostat residual other-tax lines,Autres taxes,Grouped Eurostat 'other taxes' residual without a more specific label.,Other business taxes not separately identified.,yes,167000000,0.005719,0,
Autres taxes,Other taxes,Eurostat national-tax-list line classified as ESA code D29C. Economic function: employer labour.,1364000000,0.046714,"Eurostat, National Tax Lists - individual taxes, updated 22 Apr 2026; file: code/data/france_tax/eurostat_national_tax_lists_2025_2026-04-22.xlsx; FR sheet; STO D29C; DETAILS C01; 2024","Eurostat grouped 'other taxes' line; likely contains multiple legal taxes and may overlap with more specific Cour des comptes low-yield entries. Eurostat NTL covers general government plus EU institutions (S.13 + S.212), so local taxes are in scope.",Other payroll taxes,Other,Residual other taxes,Eurostat residual other-tax lines,Autres taxes,Grouped Eurostat 'other taxes' residual without a more specific label.,Other payroll-related taxes not separately identified.,yes,1364000000,0.046714,0,
Autres taxes,Other taxes,Eurostat national-tax-list line classified as ESA code D29E. Economic function: capital/stock of wealth.,168000000,0.005754,"Eurostat, National Tax Lists - individual taxes, updated 22 Apr 2026; file: code/data/france_tax/eurostat_national_tax_lists_2025_2026-04-22.xlsx; FR sheet; STO D29E; DETAILS C01; 2024","Eurostat grouped 'other taxes' line; likely contains multiple legal taxes and may overlap with more specific Cour des comptes low-yield entries. Eurostat NTL covers general government plus EU institutions (S.13 + S.212), so local taxes are in scope.",Other business taxes 2,Other,Residual other taxes,Eurostat residual other-tax lines,Autres taxes,Grouped Eurostat 'other taxes' residual without a more specific label.,Other business taxes not separately identified.,yes,168000000,0.005754,0,
Autres taxes,Other taxes,Eurostat national-tax-list line classified as ESA code D29H. Economic function: capital/stock of wealth.,295000000,0.010103,"Eurostat, National Tax Lists - individual taxes, updated 22 Apr 2026; file: code/data/france_tax/eurostat_national_tax_lists_2025_2026-04-22.xlsx; FR sheet; STO D29H; DETAILS C01; 2024","Eurostat grouped 'other taxes' line; likely contains multiple legal taxes and may overlap with more specific Cour des comptes low-yield entries. Eurostat NTL covers general government plus EU institutions (S.13 + S.212), so local taxes are in scope.",Other business taxes 3,Other,Residual other taxes,Eurostat residual other-tax lines,Autres taxes,Grouped Eurostat 'other taxes' residual without a more specific label.,Other business taxes not separately identified.,yes,295000000,0.010103,0,
Autres taxes,Other taxes,Eurostat national-tax-list line classified as ESA code D51M. Economic function: SPLIT1.,1127000000,0.038597,"Eurostat, National Tax Lists - individual taxes, updated 22 Apr 2026; file: code/data/france_tax/eurostat_national_tax_lists_2025_2026-04-22.xlsx; FR sheet; STO D51M; DETAILS C01; 2024","Eurostat grouped 'other taxes' line; likely contains multiple legal taxes and may overlap with more specific Cour des comptes low-yield entries. Eurostat NTL covers general government plus EU institutions (S.13 + S.212), so local taxes are in scope.",Other income/social taxes,Employment,Personal income and social taxes,Income/social contribution hybrids,Autres taxes,CSG/CRDS/PIT are not split by source in this table; kept with employment/personal income taxes.,Taxes and social charges on personal income.,yes,1127000000,0.038597,0,
Autres taxes,Other taxes,Eurostat national-tax-list line classified as ESA code D51O. Economic function: corporate capital income.,13387000000,0.458475,"Eurostat, National Tax Lists - individual taxes, updated 22 Apr 2026; file: code/data/france_tax/eurostat_national_tax_lists_2025_2026-04-22.xlsx; FR sheet; STO D51O; DETAILS C01; 2024","Eurostat grouped 'other taxes' line; likely contains multiple legal taxes and may overlap with more specific Cour des comptes low-yield entries. Eurostat NTL covers general government plus EU institutions (S.13 + S.212), so local taxes are in scope.",Other corporate taxes,Other,Residual other taxes,Eurostat residual other-tax lines,Autres taxes,Grouped Eurostat 'other taxes' residual without a more specific label.,Other company taxes not separately identified.,yes,12937618224,0.443084,-449381776,Netted Cour known-yield overlap for Other / Service-related tax-like charges.
Autres taxes,Other taxes,Eurostat national-tax-list line classified as ESA code D59A. Economic function: capital/stock of wealth. Environmental/property tag: other property.,651000000,0.022295,"Eurostat, National Tax Lists - individual taxes, updated 22 Apr 2026; file: code/data/france_tax/eurostat_national_tax_lists_2025_2026-04-22.xlsx; FR sheet; STO D59A; DETAILS C01; 2024","Eurostat grouped 'other taxes' line; likely contains multiple legal taxes and may overlap with more specific Cour des comptes low-yield entries. Eurostat NTL covers general government plus EU institutions (S.13 + S.212), so local taxes are in scope.",Other wealth taxes 1,Other,Residual other taxes,Eurostat residual other-tax lines,Autres taxes,Grouped Eurostat 'other taxes' residual without a more specific label.,Other wealth-related taxes not separately identified.,yes,651000000,0.022295,0,
Autres taxes,Other taxes,Eurostat national-tax-list line classified as ESA code D59F. Economic function: capital/stock of wealth.,248000000,0.008493,"Eurostat, National Tax Lists - individual taxes, updated 22 Apr 2026; file: code/data/france_tax/eurostat_national_tax_lists_2025_2026-04-22.xlsx; FR sheet; STO D59F; DETAILS C01; 2024","Eurostat grouped 'other taxes' line; likely contains multiple legal taxes and may overlap with more specific Cour des comptes low-yield entries. Eurostat NTL covers general government plus EU institutions (S.13 + S.212), so local taxes are in scope.",Other wealth taxes 2,Other,Residual other taxes,Eurostat residual other-tax lines,Autres taxes,Grouped Eurostat 'other taxes' residual without a more specific label.,Other wealth-related taxes not separately identified.,yes,248000000,0.008493,0,
Autres taxes,Other taxes,Eurostat national-tax-list line classified as ESA code D91B. Economic function: capital/stock of wealth. Environmental/property tag: other property.,458000000,0.015685,"Eurostat, National Tax Lists - individual taxes, updated 22 Apr 2026; file: code/data/france_tax/eurostat_national_tax_lists_2025_2026-04-22.xlsx; FR sheet; STO D91B; DETAILS C01; 2024","Eurostat grouped 'other taxes' line; likely contains multiple legal taxes and may overlap with more specific Cour des comptes low-yield entries. Eurostat NTL covers general government plus EU institutions (S.13 + S.212), so local taxes are in scope.",Other capital taxes,Other,Residual other taxes,Eurostat residual other-tax lines,Autres taxes,Grouped Eurostat 'other taxes' residual without a more specific label.,Other capital taxes not separately identified.,yes,458000000,0.015685,0,
Autres taxes sur l'énergie,Other taxes on energy,Eurostat national-tax-list line classified as ESA code D214A. Economic function: consumption. Environmental/property tag: energy.,622000000,0.021302,"Eurostat, National Tax Lists - individual taxes, updated 22 Apr 2026; file: code/data/france_tax/eurostat_national_tax_lists_2025_2026-04-22.xlsx; FR sheet; STO D214A; DETAILS C04; 2024","Eurostat grouped 'other taxes' line; likely contains multiple legal taxes and may overlap with more specific Cour des comptes low-yield entries. Eurostat NTL covers general government plus EU institutions (S.13 + S.212), so local taxes are in scope.",Other energy taxes,Goods/services,Other consumption taxes,Other goods/services taxes,Autres taxes sur l'énergie,Residual ESA product/service-tax line.,Other taxes on energy or fuel use.,yes,374357306,0.012821,-247642694,Netted Cour known-yield overlap for Goods/services / Immigration/nationality charges classified as taxes. Netted Cour known-yield overlap for Goods/services / Other consumption taxes. Netted Cour known-yield overlap for Goods/services / Other goods/services taxes.
Autres taxes sur la pollution,Other taxes on pollution,Eurostat national-tax-list line classified as ESA code D214A. Economic function: consumption. Environmental/property tag: pollution.,1011000000,0.034624,"Eurostat, National Tax Lists - individual taxes, updated 22 Apr 2026; file: code/data/france_tax/eurostat_national_tax_lists_2025_2026-04-22.xlsx; FR sheet; STO D214A; DETAILS C03; 2024","Eurostat grouped 'other taxes' line; likely contains multiple legal taxes and may overlap with more specific Cour des comptes low-yield entries. Eurostat NTL covers general government plus EU institutions (S.13 + S.212), so local taxes are in scope.",Other pollution taxes 1,Environmental,Pollution taxes,Pollution levies,Autres taxes sur la pollution,UK-equivalent treatment: pollution charges sit with environmental taxes.,Other taxes on pollution or environmentally harmful activities.,yes,812523496,0.027827,-198476504,"Netted Cour known-yield overlap for Environmental / Nuclear safety and radioprotection levies. Netted Cour known-yield overlap for Environmental / Water, plant and animal inspection levies."
Autres taxes sur la pollution,Other taxes on pollution,Eurostat national-tax-list line classified as ESA code D214H. Economic function: consumption. Environmental/property tag: pollution.,1095000000,0.037501,"Eurostat, National Tax Lists - individual taxes, updated 22 Apr 2026; file: code/data/france_tax/eurostat_national_tax_lists_2025_2026-04-22.xlsx; FR sheet; STO D214H; DETAILS C02; 2024","Eurostat grouped 'other taxes' line; likely contains multiple legal taxes and may overlap with more specific Cour des comptes low-yield entries. Eurostat NTL covers general government plus EU institutions (S.13 + S.212), so local taxes are in scope.",Other pollution taxes 2,Environmental,Pollution taxes,Pollution levies,Autres taxes sur la pollution,UK-equivalent treatment: pollution charges sit with environmental taxes.,Other taxes on pollution or environmentally harmful activities.,yes,872942622,0.029896,-222057378,"Netted Cour known-yield overlap for Environmental / Carbon, energy-transition and extraction levies. Netted Cour known-yield overlap for Environmental / Pollution taxes."
Autres taxes sur la pollution,Other taxes on pollution,Eurostat national-tax-list line classified as ESA code D29F. Economic function: consumption. Environmental/property tag: pollution.,320000000,0.010959,"Eurostat, National Tax Lists - individual taxes, updated 22 Apr 2026; file: code/data/france_tax/eurostat_national_tax_lists_2025_2026-04-22.xlsx; FR sheet; STO D29F; DETAILS C01; 2024","Eurostat grouped 'other taxes' line; likely contains multiple legal taxes and may overlap with more specific Cour des comptes low-yield entries. Eurostat NTL covers general government plus EU institutions (S.13 + S.212), so local taxes are in scope.",Other pollution taxes 3,Environmental,Pollution taxes,Pollution levies,Autres taxes sur la pollution,UK-equivalent treatment: pollution charges sit with environmental taxes.,Other taxes on pollution or environmentally harmful activities.,yes,320000000,0.010959,0,
Autres taxes sur le revenu,Other taxes on income,Eurostat national-tax-list line classified as ESA code D51E. Economic function: household capital income.,144000000,0.004932,"Eurostat, National Tax Lists - individual taxes, updated 22 Apr 2026; file: code/data/france_tax/eurostat_national_tax_lists_2025_2026-04-22.xlsx; FR sheet; STO D51E; DETAILS C01; 2024","Eurostat grouped 'other taxes' line; likely contains multiple legal taxes and may overlap with more specific Cour des comptes low-yield entries. Eurostat NTL covers general government plus EU institutions (S.13 + S.212), so local taxes are in scope.",Other income taxes,Employment,Personal income and social taxes,Income tax,Autres taxes sur le revenu,UK-equivalent treatment: personal income tax kept with employment taxes unless a capital-income line is separately identified.,Taxes and social charges on personal income.,yes,144000000,0.004932,0,
Certificats sanitaires et phytosanitaires,Low-yield service-related levy on production paid by businesses,Low-yield service-related levy on production paid by businesses. Collector: DGDDI / Direction Générale de l'Alimentation (DGAL). Beneficiary: Etablissement national des produits de l’agriculture et de la mer (FranceAgriMer).,840000,0.000029,"Cour des comptes, Les taxes a faible rendement, annex listing, Apr 2025; file: code/data/france_tax/20250417-annexe-listing-des-taxes-concernees.xlsx; Cour Inventaire sheet id 3; Enjeu 2024","Cour low-yield-tax inventory id 3. Status: En vigueur entre 2019 et 2024. Objective: Service rendu; payer: Entreprises; base: Production. The Cour annex is an individual-tax inventory and may overlap with Eurostat grouped/aggregate NTL rows; do not sum both sources without reconciliation. English name is a descriptive label generated from the Cour structured fields; the Cour annex does not provide an official English legal title. Cour Enjeu 2019: EUR 0.899m. Revenue is the Cour 'enjeu 2024' figure, in EUR after conversion from EUR millions.",Health certificates,Goods/services,Other goods/services taxes,Low-yield consumption/service levies,Certificats sanitaires et phytosanitaires,Cour low-yield row classified from legal label and base.,"Charge for sanitary and phytosanitary certificates, treated as tax revenue.",yes,840000,0.000029,0,
Chambre d'agriculture,Tax benefitting to the Chamber of Agriculture,Eurostat national-tax-list line classified as ESA code D29A. Economic function: capital/stock of wealth.,227000000,0.007774,"Eurostat, National Tax Lists - individual taxes, updated 22 Apr 2026; file: code/data/france_tax/eurostat_national_tax_lists_2025_2026-04-22.xlsx; FR sheet; STO D29A; DETAILS C17; 2024","Eurostat NTL covers general government plus EU institutions (S.13 + S.212), so local taxes are in scope.",Agriculture chamber tax,Business,Business production and sector levies,Production/sector levies,Chambre d'agriculture,French-specific production/sector business levy.,A levy used to fund chambers of agriculture.,yes,227000000,0.007774,0,
"Contribution additionnelle aux primes ou cotisations d'assurance afférentes aux conventions d'assurance couvrant à titre exclusif ou principal les dommages aux sols, récoltes, cultures, bâtiments, et au cheptel mort ou vif affectés aux exploitations agricoles",Low-yield market-failure correction levy on consumption paid by businesses,Low-yield market-failure correction levy on consumption paid by businesses. Collector: DGFiP. Beneficiary: Fonds national de garantie des risques agricoles (FNGRA) / Fonds de calamités agricoles dans les départements d'outre-mer.,77675169,0.002660,"Cour des comptes, Les taxes a faible rendement, annex listing, Apr 2025; file: code/data/france_tax/20250417-annexe-listing-des-taxes-concernees.xlsx; Cour Inventaire sheet id 7; Enjeu 2019 uprated to 2024 using INSEE CPI",Cour low-yield-tax inventory id 7. Status: En vigueur entre 2019 et 2024. Objective: Correction défaillance marché; payer: Entreprises; base: Consommation. The Cour annex is an individual-tax inventory and may overlap with Eurostat grouped/aggregate NTL rows; do not sum both sources without reconciliation. English name is a descriptive label generated from the Cour structured fields; the Cour annex does not provide an official English legal title. Cour Enjeu 2019: EUR 67.582m. No Cour Enjeu 2024 figure; revenue is an estimate from Cour Enjeu 2019 uprated to 2024 using INSEE annual-average CPI inflation for 2020-2024. CPI uprating factor used: 1.149347008.,Farm insurance levy,Goods/services,Insurance taxes,Low-yield insurance levies,"Contribution additionnelle aux primes ou cotisations d'assurance afférentes aux conventions d'assurance couvrant à titre exclusif ou principal les dommages aux sols, récoltes, cultures, bâtiments, et au cheptel mort ou vif affectés aux exploitations agricoles",Cour low-yield row classified from insurance label.,Tax or levy on insurance contracts or premiums.,yes,77675169,0.002660,0,
Contribution additionnelle aux prélèvements sociaux sur les produits de placement,Low-yield budget-raising levy on capital paid by individuals,Low-yield budget-raising levy on capital paid by individuals. Collector: DGFiP. Beneficiary: Organismes de sécurité sociale.,,,"Cour des comptes, Les taxes a faible rendement, annex listing, Apr 2025; file: code/data/france_tax/20250417-annexe-listing-des-taxes-concernees.xlsx; Cour Inventaire sheet id 6; Enjeu 2024",Cour low-yield-tax inventory id 6. Status: En vigueur entre 2019 et 2024. Objective: Rendement; payer: Particuliers; base: Capital. The Cour annex is an individual-tax inventory and may overlap with Eurostat grouped/aggregate NTL rows; do not sum both sources without reconciliation. English name is a descriptive label generated from the Cour structured fields; the Cour annex does not provide an official English legal title. No known or estimated 2024 yield in the Cour annex; cannot be area-sized without an estimate.,Low-yield budget-raising levy o…,Wealth,Financial capital taxes,Low-yield financial-capital levies,Contribution additionnelle aux prélèvements sociaux sur les produits de placement,Cour low-yield row classified from financial-capital label.,"Tax on financial assets, investment income or securities transactions.",no,,,0,
Contribution annuelle acquittée par les personnes inscrites comme commissaires aux comptes et droit fixe sur chaque certification,Low-yield market-failure correction levy on production paid by businesses,Low-yield market-failure correction levy on production paid by businesses. Collector: Compagnie nationale des commissaires aux comptes. Beneficiary: Haut conseil du commissariat aux comptes (H3C).,17079000,0.000585,"Cour des comptes, Les taxes a faible rendement, annex listing, Apr 2025; file: code/data/france_tax/20250417-annexe-listing-des-taxes-concernees.xlsx; Cour Inventaire sheet id 8; Enjeu 2024","Cour low-yield-tax inventory id 8. Status: En vigueur entre 2019 et 2024. Objective: Correction défaillance marché; payer: Entreprises; base: Production. The Cour annex is an individual-tax inventory and may overlap with Eurostat grouped/aggregate NTL rows; do not sum both sources without reconciliation. English name is a descriptive label generated from the Cour structured fields; the Cour annex does not provide an official English legal title. Cour Enjeu 2019: EUR 14.757m. Revenue is the Cour 'enjeu 2024' figure, in EUR after conversion from EUR millions.",Auditors levy,Business,Business production and sector levies,Low-yield sector/professional levies,Contribution annuelle acquittée par les personnes inscrites comme commissaires aux comptes et droit fixe sur chaque certification,Cour low-yield row classified from business/professional label.,"Business levy based on production, premises, turnover or sector activity.",yes,17079000,0.000585,0,
Contribution annuelle au profit de l'Institut de radioprotection et de sûreté nucléaire,Low-yield market-failure correction levy on production paid by businesses,Low-yield market-failure correction levy on production paid by businesses. Collector: Institut de radioprotection et de sûreté nucléaire (IRSN). Beneficiary: Institut de radioprotection et de sûreté nucléaire (IRSN).,60507750,0.002072,"Cour des comptes, Les taxes a faible rendement, annex listing, Apr 2025; file: code/data/france_tax/20250417-annexe-listing-des-taxes-concernees.xlsx; Cour Inventaire sheet id 9; Enjeu 2024","Cour low-yield-tax inventory id 9. Status: En vigueur entre 2019 et 2024. Objective: Correction défaillance marché; payer: Entreprises; base: Production. The Cour annex is an individual-tax inventory and may overlap with Eurostat grouped/aggregate NTL rows; do not sum both sources without reconciliation. English name is a descriptive label generated from the Cour structured fields; the Cour annex does not provide an official English legal title. Cour Enjeu 2019: EUR 62.758m. Revenue is the Cour 'enjeu 2024' figure, in EUR after conversion from EUR millions.",Nuclear safety levy,Environmental,Nuclear safety and radioprotection levies,Low-yield nuclear safety levies,Contribution annuelle au profit de l'Institut de radioprotection et de sûreté nucléaire,Cour low-yield row classified from nuclear safety/radioprotection label.,Levy used to fund radioprotection and nuclear-safety work.,yes,60507750,0.002072,0,
Contribution annuelle sur les premières ventes de médicaments et produits de santé ayant bénéficié d'une autorisation de mise sur le marché (ex-Taxe annuelle sur les premières ventes de médicaments et produits de santé ayant bénéficié d'une autorisation de mise sur le marché),Low-yield budget-raising levy on production paid by businesses,Low-yield budget-raising levy on production paid by businesses. Collector: Agence nationale de sécurité du médicament et des produits de santé (ANSM). Beneficiary: Caisse nationale d'assurance-maladie (CNAM).,3448041,0.000118,"Cour des comptes, Les taxes a faible rendement, annex listing, Apr 2025; file: code/data/france_tax/20250417-annexe-listing-des-taxes-concernees.xlsx; Cour Inventaire sheet id 202; Enjeu 2019 uprated to 2024 using INSEE CPI",Cour low-yield-tax inventory id 202. Status: En vigueur entre 2019 et 2024. Objective: Rendement; payer: Entreprises; base: Production. The Cour annex is an individual-tax inventory and may overlap with Eurostat grouped/aggregate NTL rows; do not sum both sources without reconciliation. English name is a descriptive label generated from the Cour structured fields; the Cour annex does not provide an official English legal title. Cour Enjeu 2019: EUR 3m. No Cour Enjeu 2024 figure; revenue is an estimate from Cour Enjeu 2019 uprated to 2024 using INSEE annual-average CPI inflation for 2020-2024. CPI uprating factor used: 1.149347008.,Medicines sales levy,Business,Business production and sector levies,Low-yield pharmaceutical/health-product levies,Contribution annuelle sur les premières ventes de médicaments et produits de santé ayant bénéficié d'une autorisation de mise sur le marché (ex-Taxe annuelle sur les premières ventes de médicaments et produits de santé ayant bénéficié d'une autorisation de mise sur le marché),Cour low-yield row classified from pharmaceutical/health-product label.,"Business levy based on production, premises, turnover or sector activity.",yes,3448041,0.000118,0,
"Contribution au fonds de garantie des dommages consécutifs à des actes de prévention, de diagnostic ou de soins dispensés par des professionnels de santé",Low-yield market-failure correction levy on production paid by businesses,"Low-yield market-failure correction levy on production paid by businesses. Collector: Caisse centrale de réassurance (CCR). Beneficiary: Fonds de garantie des dommages consécutifs à des actes de prévention, de diagnostic ou de soins (FADPS).",8700000,0.000298,"Cour des comptes, Les taxes a faible rendement, annex listing, Apr 2025; file: code/data/france_tax/20250417-annexe-listing-des-taxes-concernees.xlsx; Cour Inventaire sheet id 11; Enjeu 2024","Cour low-yield-tax inventory id 11. Status: En vigueur entre 2019 et 2024. Objective: Correction défaillance marché; payer: Entreprises; base: Production. The Cour annex is an individual-tax inventory and may overlap with Eurostat grouped/aggregate NTL rows; do not sum both sources without reconciliation. English name is a descriptive label generated from the Cour structured fields; the Cour annex does not provide an official English legal title. Revenue is the Cour 'enjeu 2024' figure, in EUR after conversion from EUR millions.",Medical injury fund levy,Goods/services,Insurance taxes,Low-yield insurance levies,"Contribution au fonds de garantie des dommages consécutifs à des actes de prévention, de diagnostic ou de soins dispensés par des professionnels de santé",Cour low-yield row classified from insurance label.,Tax or levy on insurance contracts or premiums.,yes,8700000,0.000298,0,
Contribution au fonds d’assurance formation des chefs d’entreprise inscrite au répertoire des métiers,Low-yield market-failure correction levy on production paid by businesses,Low-yield market-failure correction levy on production paid by businesses. Collector: URSSAF. Beneficiary: Fonds d'assurance formation (FAF) des professions concernées.,93045300,0.003187,"Cour des comptes, Les taxes a faible rendement, annex listing, Apr 2025; file: code/data/france_tax/20250417-annexe-listing-des-taxes-concernees.xlsx; Cour Inventaire sheet id 10; Enjeu 2024","Cour low-yield-tax inventory id 10. Status: En vigueur entre 2019 et 2024. Objective: Correction défaillance marché; payer: Entreprises; base: Production. The Cour annex is an individual-tax inventory and may overlap with Eurostat grouped/aggregate NTL rows; do not sum both sources without reconciliation. English name is a descriptive label generated from the Cour structured fields; the Cour annex does not provide an official English legal title. Cour Enjeu 2019: EUR 32.507m. Revenue is the Cour 'enjeu 2024' figure, in EUR after conversion from EUR millions.",Training fund levy,Goods/services,Insurance taxes,Low-yield insurance levies,Contribution au fonds d’assurance formation des chefs d’entreprise inscrite au répertoire des métiers,Cour low-yield row classified from insurance label.,Tax or levy on insurance contracts or premiums.,yes,93045300,0.003187,0,
Contribution au remboursement de la dette sociale,Tax for the settlement of the social debt (CRDS),Eurostat national-tax-list line classified as ESA code D51M. Economic function: SPLIT1.,9084000000,0.311107,"Eurostat, National Tax Lists - individual taxes, updated 22 Apr 2026; file: code/data/france_tax/eurostat_national_tax_lists_2025_2026-04-22.xlsx; FR sheet; STO D51M; DETAILS C03; 2024","Eurostat NTL covers general government plus EU institutions (S.13 + S.212), so local taxes are in scope.",CRDS,Employment,Personal income and social taxes,Income/social contribution hybrids,Contribution au remboursement de la dette sociale,CSG/CRDS/PIT are not split by source in this table; kept with employment/personal income taxes.,A social charge used to help repay social-security debt.,yes,9084000000,0.311107,0,
Contribution aux unions régionales des professionnels de santé (CURPS),Low-yield budget-raising levy on payroll paid by businesses,Low-yield budget-raising levy on payroll paid by businesses. Collector: URSSAF. Beneficiary: Unions régionales des Professionnels de santé URPS.,,,"Cour des comptes, Les taxes a faible rendement, annex listing, Apr 2025; file: code/data/france_tax/20250417-annexe-listing-des-taxes-concernees.xlsx; Cour Inventaire sheet id 346; Enjeu 2024",Cour low-yield-tax inventory id 346. Status: En vigueur entre 2019 et 2024. Objective: Rendement; payer: Entreprises; base: Masse salariale. The Cour annex is an individual-tax inventory and may overlap with Eurostat grouped/aggregate NTL rows; do not sum both sources without reconciliation. English name is a descriptive label generated from the Cour structured fields; the Cour annex does not provide an official English legal title. No known or estimated 2024 yield in the Cour annex; cannot be area-sized without an estimate.,Payroll levy,Employment,Employer payroll and labour levies,Low-yield payroll/workforce levies,Contribution aux unions régionales des professionnels de santé (CURPS),Cour low-yield row classified from base/payer/legal label.,"Employer levy connected with payroll, employees or workforce costs.",no,,,0,
Contribution conventionnelle à la formation pour les entreprises de travail temporaire,Low-yield market-failure correction levy on payroll paid by businesses,Low-yield market-failure correction levy on payroll paid by businesses. Collector: Opérateurs de Compétences (OPCO). Beneficiary: Fonds pour l'emploi du travail temporaire (FPETT).,68500000,0.002346,"Cour des comptes, Les taxes a faible rendement, annex listing, Apr 2025; file: code/data/france_tax/20250417-annexe-listing-des-taxes-concernees.xlsx; Cour Inventaire sheet id 12; Enjeu 2024","Cour low-yield-tax inventory id 12. Status: En vigueur entre 2019 et 2024. Objective: Correction défaillance marché; payer: Entreprises; base: Masse salariale. The Cour annex is an individual-tax inventory and may overlap with Eurostat grouped/aggregate NTL rows; do not sum both sources without reconciliation. English name is a descriptive label generated from the Cour structured fields; the Cour annex does not provide an official English legal title. Revenue is the Cour 'enjeu 2024' figure, in EUR after conversion from EUR millions.",Temp-work training levy,Employment,Employer payroll and labour levies,Low-yield payroll/workforce levies,Contribution conventionnelle à la formation pour les entreprises de travail temporaire,Cour low-yield row classified from base/payer/legal label.,"Employer levy connected with payroll, employees or workforce costs.",yes,68500000,0.002346,0,
Contribution de solidarité pour l'autonomie,Taxes benefitting to the national solidarity fund for autonomy (CNSA),Eurostat national-tax-list line classified as ESA code D29C. Economic function: employer labour.,2468000000,0.084523,"Eurostat, National Tax Lists - individual taxes, updated 22 Apr 2026; file: code/data/france_tax/eurostat_national_tax_lists_2025_2026-04-22.xlsx; FR sheet; STO D29C; DETAILS C05; 2024","Eurostat NTL covers general government plus EU institutions (S.13 + S.212), so local taxes are in scope.",Autonomy contribution,Employment,Employer payroll and labour levies,Payroll levies,Contribution de solidarité pour l'autonomie,"UK-equivalent treatment: employer payroll levies sit with employment taxes, like apprenticeship levy/NICs.",Employer payroll levy used to fund support for older and disabled people.,yes,2468000000,0.084523,0,
Contribution de sécurité immobilière,Registry land tax,Eurostat national-tax-list line classified as ESA code D214B. Economic function: capital/stock of wealth. Environmental/property tag: other property.,692000000,0.023699,"Eurostat, National Tax Lists - individual taxes, updated 22 Apr 2026; file: code/data/france_tax/eurostat_national_tax_lists_2025_2026-04-22.xlsx; FR sheet; STO D214B; DETAILS C01; 2024","Eurostat NTL covers general government plus EU institutions (S.13 + S.212), so local taxes are in scope.",Land registry tax,Land,Recurrent land and property taxes,Land/buildings/business premises,Contribution de sécurité immobilière,UK-equivalent treatment: land/property taxes align with council tax/business rates/property taxes.,Charge recorded as a tax on land-registration formalities.,yes,692000000,0.023699,0,
Contribution des diffuseurs d'oeuvres au financement de la protection sociale des artistes auteurs,Low-yield budget-raising levy on production paid by businesses,Low-yield budget-raising levy on production paid by businesses. Collector: URSSAF. Beneficiary: Organismes de sécurité sociale / Action sociale des artistes-auteurs (AGESSA).,,,"Cour des comptes, Les taxes a faible rendement, annex listing, Apr 2025; file: code/data/france_tax/20250417-annexe-listing-des-taxes-concernees.xlsx; Cour Inventaire sheet id 345; Enjeu 2024",Cour low-yield-tax inventory id 345. Status: En vigueur entre 2019 et 2024. Objective: Rendement; payer: Entreprises; base: Production. The Cour annex is an individual-tax inventory and may overlap with Eurostat grouped/aggregate NTL rows; do not sum both sources without reconciliation. English name is a descriptive label generated from the Cour structured fields; the Cour annex does not provide an official English legal title. No known or estimated 2024 yield in the Cour annex; cannot be area-sized without an estimate.,Artists training levy,Business,Business production and sector levies,Low-yield sector/professional levies,Contribution des diffuseurs d'oeuvres au financement de la protection sociale des artistes auteurs,Cour low-yield row classified from business/professional label.,"Business levy based on production, premises, turnover or sector activity.",no,,,0,
Contribution des distributeurs d'énergie électrique basse tension,Contribution of low voltage electric energy suppliers,Eurostat national-tax-list line classified as ESA code D214L. Economic function: consumption. Environmental/property tag: energy.,378000000,0.012946,"Eurostat, National Tax Lists - individual taxes, updated 22 Apr 2026; file: code/data/france_tax/eurostat_national_tax_lists_2025_2026-04-22.xlsx; FR sheet; STO D214L; DETAILS C02; 2024","Eurostat NTL covers general government plus EU institutions (S.13 + S.212), so local taxes are in scope.",Low-voltage suppliers levy,Goods/services,Other consumption taxes,Other goods/services taxes,Contribution des distributeurs d'énergie électrique basse tension,Residual ESA product/service-tax line.,Levy on low-voltage electricity distribution.,yes,378000000,0.012946,0,
Contribution des employeurs de main d'œuvre étrangère permanente,Low-yield budget-raising levy on payroll paid by businesses,Low-yield budget-raising levy on payroll paid by businesses. Collector: DGFiP. Beneficiary: Office français de l'immigration et de l'intégration (OFII).,,,"Cour des comptes, Les taxes a faible rendement, annex listing, Apr 2025; file: code/data/france_tax/20250417-annexe-listing-des-taxes-concernees.xlsx; Cour Inventaire sheet id 17; Enjeu 2024",Cour low-yield-tax inventory id 17. Status: En vigueur entre 2019 et 2024. Objective: Rendement; payer: Entreprises; base: Masse salariale. The Cour annex is an individual-tax inventory and may overlap with Eurostat grouped/aggregate NTL rows; do not sum both sources without reconciliation. English name is a descriptive label generated from the Cour structured fields; the Cour annex does not provide an official English legal title. No known or estimated 2024 yield in the Cour annex; cannot be area-sized without an estimate.,Payroll levy,Employment,Employer payroll and labour levies,Low-yield payroll/workforce levies,Contribution des employeurs de main d'œuvre étrangère permanente,Cour low-yield row classified from base/payer/legal label.,"Employer levy connected with payroll, employees or workforce costs.",no,,,0,
Contribution des employeurs de main d'œuvre étrangère saisonnière,Low-yield budget-raising levy on payroll paid by businesses,Low-yield budget-raising levy on payroll paid by businesses. Collector: DGFiP. Beneficiary: Office français de l'immigration et de l'intégration (OFII).,,,"Cour des comptes, Les taxes a faible rendement, annex listing, Apr 2025; file: code/data/france_tax/20250417-annexe-listing-des-taxes-concernees.xlsx; Cour Inventaire sheet id 18; Enjeu 2024",Cour low-yield-tax inventory id 18. Status: En vigueur entre 2019 et 2024. Objective: Rendement; payer: Entreprises; base: Masse salariale. The Cour annex is an individual-tax inventory and may overlap with Eurostat grouped/aggregate NTL rows; do not sum both sources without reconciliation. English name is a descriptive label generated from the Cour structured fields; the Cour annex does not provide an official English legal title. No known or estimated 2024 yield in the Cour annex; cannot be area-sized without an estimate.,Payroll levy,Employment,Employer payroll and labour levies,Low-yield payroll/workforce levies,Contribution des employeurs de main d'œuvre étrangère saisonnière,Cour low-yield row classified from base/payer/legal label.,"Employer levy connected with payroll, employees or workforce costs.",no,,,0,
Contribution des employeurs de main d'œuvre étrangère temporaire,Low-yield budget-raising levy on payroll paid by businesses,Low-yield budget-raising levy on payroll paid by businesses. Collector: DGFiP. Beneficiary: Office français de l'immigration et de l'intégration (OFII).,,,"Cour des comptes, Les taxes a faible rendement, annex listing, Apr 2025; file: code/data/france_tax/20250417-annexe-listing-des-taxes-concernees.xlsx; Cour Inventaire sheet id 19; Enjeu 2024",Cour low-yield-tax inventory id 19. Status: En vigueur entre 2019 et 2024. Objective: Rendement; payer: Entreprises; base: Masse salariale. The Cour annex is an individual-tax inventory and may overlap with Eurostat grouped/aggregate NTL rows; do not sum both sources without reconciliation. English name is a descriptive label generated from the Cour structured fields; the Cour annex does not provide an official English legal title. No known or estimated 2024 yield in the Cour annex; cannot be area-sized without an estimate.,Payroll levy,Employment,Employer payroll and labour levies,Low-yield payroll/workforce levies,Contribution des employeurs de main d'œuvre étrangère temporaire,Cour low-yield row classified from base/payer/legal label.,"Employer levy connected with payroll, employees or workforce costs.",no,,,0,
Contribution des institutions financières,Low-yield budget-raising levy on consumption paid by businesses,Low-yield budget-raising levy on consumption paid by businesses. Collector: DGFiP. Beneficiary: Budget général.,88500,0.000003,"Cour des comptes, Les taxes a faible rendement, annex listing, Apr 2025; file: code/data/france_tax/20250417-annexe-listing-des-taxes-concernees.xlsx; Cour Inventaire sheet id 20; Enjeu 2019 uprated to 2024 using INSEE CPI",Cour low-yield-tax inventory id 20. Status: En vigueur entre 2019 et 2024. Objective: Rendement; payer: Entreprises; base: Consommation. The Cour annex is an individual-tax inventory and may overlap with Eurostat grouped/aggregate NTL rows; do not sum both sources without reconciliation. English name is a descriptive label generated from the Cour structured fields; the Cour annex does not provide an official English legal title. Cour Enjeu 2019: EUR 0.077m. No Cour Enjeu 2024 figure; revenue is an estimate from Cour Enjeu 2019 uprated to 2024 using INSEE annual-average CPI inflation for 2020-2024. CPI uprating factor used: 1.149347008.,Financial institutions levy,Business,Business production and sector levies,Low-yield sector/professional levies,Contribution des institutions financières,Cour low-yield row classified from business/professional label.,"Business levy based on production, premises, turnover or sector activity.",yes,88500,0.000003,0,
Contribution due par les entreprises fabriquant ou exploitant des dispositifs médicaux sur leurs dépenses de publicité,Low-yield budget-raising levy on consumption paid by businesses,Low-yield budget-raising levy on consumption paid by businesses. Collector: URSSAF. Beneficiary: Caisse nationale d'assurance-maladie (CNAM).,60580676,0.002075,"Cour des comptes, Les taxes a faible rendement, annex listing, Apr 2025; file: code/data/france_tax/20250417-annexe-listing-des-taxes-concernees.xlsx; Cour Inventaire sheet id 21; Enjeu 2024","Cour low-yield-tax inventory id 21. Status: En vigueur entre 2019 et 2024. Objective: Rendement; payer: Entreprises; base: Consommation. The Cour annex is an individual-tax inventory and may overlap with Eurostat grouped/aggregate NTL rows; do not sum both sources without reconciliation. English name is a descriptive label generated from the Cour structured fields; the Cour annex does not provide an official English legal title. Cour Enjeu 2019: EUR 44.698m. Revenue is the Cour 'enjeu 2024' figure, in EUR after conversion from EUR millions.",Medical devices ad levy,Goods/services,Insurance taxes,Low-yield insurance levies,Contribution due par les entreprises fabriquant ou exploitant des dispositifs médicaux sur leurs dépenses de publicité,Cour low-yield row classified from insurance label.,Tax or levy on insurance contracts or premiums.,yes,60580676,0.002075,0,
Contribution due par les laboratoires sur leurs dépenses de publicité,Low-yield budget-raising levy on consumption paid by businesses,Low-yield budget-raising levy on consumption paid by businesses. Collector: URSSAF. Beneficiary: Caisse nationale d'assurance-maladie (CNAM).,146947829,0.005033,"Cour des comptes, Les taxes a faible rendement, annex listing, Apr 2025; file: code/data/france_tax/20250417-annexe-listing-des-taxes-concernees.xlsx; Cour Inventaire sheet id 22; Enjeu 2024","Cour low-yield-tax inventory id 22. Status: En vigueur entre 2019 et 2024. Objective: Rendement; payer: Entreprises; base: Consommation. The Cour annex is an individual-tax inventory and may overlap with Eurostat grouped/aggregate NTL rows; do not sum both sources without reconciliation. English name is a descriptive label generated from the Cour structured fields; the Cour annex does not provide an official English legal title. Cour Enjeu 2019: EUR 125m. Revenue is the Cour 'enjeu 2024' figure, in EUR after conversion from EUR millions.",Drug advertising levy,Goods/services,Insurance taxes,Low-yield insurance levies,Contribution due par les laboratoires sur leurs dépenses de publicité,Cour low-yield row classified from insurance label.,Tax or levy on insurance contracts or premiums.,yes,146947829,0.005033,0,
Contribution forfaitaire des organismes assureurs et contribution forfaitaire des organismes participant à la gestion du régime prévu par la loi n° 2001-1128 du 30 novembre 2001,Low-yield market-failure correction levy on production paid by businesses,Low-yield market-failure correction levy on production paid by businesses. Collector: DGFiP. Beneficiary: Fonds commun des accidents du travail agricole (FCATA).,4000000,0.000137,"Cour des comptes, Les taxes a faible rendement, annex listing, Apr 2025; file: code/data/france_tax/20250417-annexe-listing-des-taxes-concernees.xlsx; Cour Inventaire sheet id 24; Enjeu 2024","Cour low-yield-tax inventory id 24. Status: En vigueur entre 2019 et 2024. Objective: Correction défaillance marché; payer: Entreprises; base: Production. The Cour annex is an individual-tax inventory and may overlap with Eurostat grouped/aggregate NTL rows; do not sum both sources without reconciliation. English name is a descriptive label generated from the Cour structured fields; the Cour annex does not provide an official English legal title. Revenue is the Cour 'enjeu 2024' figure, in EUR after conversion from EUR millions.",Insurer levy,Business,Business production and sector levies,Low-yield sector/professional levies,Contribution forfaitaire des organismes assureurs et contribution forfaitaire des organismes participant à la gestion du régime prévu par la loi n° 2001-1128 du 30 novembre 2001,Cour low-yield row classified from business/professional label.,"Business levy based on production, premises, turnover or sector activity.",yes,4000000,0.000137,0,
"Contribution patronale au dialogue social (0,016%)",Low-yield budget-raising levy on payroll paid by businesses,Low-yield budget-raising levy on payroll paid by businesses. Collector: URSSAF. Beneficiary: Association de Gestion du Fonds Paritaire National (AGFPN).,118900000,0.004072,"Cour des comptes, Les taxes a faible rendement, annex listing, Apr 2025; file: code/data/france_tax/20250417-annexe-listing-des-taxes-concernees.xlsx; Cour Inventaire sheet id 26; Enjeu 2024","Cour low-yield-tax inventory id 26. Status: En vigueur entre 2019 et 2024. Objective: Rendement; payer: Entreprises; base: Masse salariale. The Cour annex is an individual-tax inventory and may overlap with Eurostat grouped/aggregate NTL rows; do not sum both sources without reconciliation. English name is a descriptive label generated from the Cour structured fields; the Cour annex does not provide an official English legal title. Cour Enjeu 2019: EUR 98.045m. Revenue is the Cour 'enjeu 2024' figure, in EUR after conversion from EUR millions.",Social dialogue levy,Employment,Employer payroll and labour levies,Low-yield payroll/workforce levies,"Contribution patronale au dialogue social (0,016%)",Cour low-yield row classified from base/payer/legal label.,Employer levy used to fund social dialogue arrangements.,yes,118900000,0.004072,0,
Contribution patronale sur stock-options,Employers' contributions on stock-options,Eurostat national-tax-list line classified as ESA code D29C. Economic function: employer labour.,1033000000,0.035378,"Eurostat, National Tax Lists - individual taxes, updated 22 Apr 2026; file: code/data/france_tax/eurostat_national_tax_lists_2025_2026-04-22.xlsx; FR sheet; STO D29C; DETAILS C10; 2024","Eurostat NTL covers general government plus EU institutions (S.13 + S.212), so local taxes are in scope.",Stock option levy,Employment,Employer payroll and labour levies,Payroll levies,Contribution patronale sur stock-options,"UK-equivalent treatment: employer payroll levies sit with employment taxes, like apprenticeship levy/NICs.",Employer levy on stock options.,yes,1033000000,0.035378,0,
Contribution salariale sur les attributions d'options de souscription ou d'achat des actions,Low-yield budget-raising levy on capital paid by businesses,Low-yield budget-raising levy on capital paid by businesses. Collector: DGFiP. Beneficiary: Caisse nationale d'allocations familiales (CNAF).,92000000,0.003151,"Cour des comptes, Les taxes a faible rendement, annex listing, Apr 2025; file: code/data/france_tax/20250417-annexe-listing-des-taxes-concernees.xlsx; Cour Inventaire sheet id 342; Enjeu 2024","Cour low-yield-tax inventory id 342. Status: En vigueur entre 2019 et 2024. Objective: Rendement; payer: Entreprises; base: Capital. The Cour annex is an individual-tax inventory and may overlap with Eurostat grouped/aggregate NTL rows; do not sum both sources without reconciliation. English name is a descriptive label generated from the Cour structured fields; the Cour annex does not provide an official English legal title. Revenue is the Cour 'enjeu 2024' figure, in EUR after conversion from EUR millions.",Employee option levy,Wealth,Other capital taxes,Low-yield capital/wealth levies,Contribution salariale sur les attributions d'options de souscription ou d'achat des actions,Cour low-yield row classified from Cour capital base.,Employee charge on stock options.,yes,92000000,0.003151,0,
Contribution salariale sur les carried-interests,Low-yield budget-raising levy on capital paid by individuals,Low-yield budget-raising levy on capital paid by individuals. Collector: DGFiP. Beneficiary: Caisse nationale d'assurance-maladie (CNAM).,,,"Cour des comptes, Les taxes a faible rendement, annex listing, Apr 2025; file: code/data/france_tax/20250417-annexe-listing-des-taxes-concernees.xlsx; Cour Inventaire sheet id 28; Enjeu 2024",Cour low-yield-tax inventory id 28. Status: En vigueur entre 2019 et 2024. Objective: Rendement; payer: Particuliers; base: Capital. The Cour annex is an individual-tax inventory and may overlap with Eurostat grouped/aggregate NTL rows; do not sum both sources without reconciliation. English name is a descriptive label generated from the Cour structured fields; the Cour annex does not provide an official English legal title. No known or estimated 2024 yield in the Cour annex; cannot be area-sized without an estimate.,Carried interest levy,Goods/services,Insurance taxes,Low-yield insurance levies,Contribution salariale sur les carried-interests,Cour low-yield row classified from insurance label.,Tax or levy on insurance contracts or premiums.,no,,,0,
Contribution sociale de solidarité des sociétés,Social contributions of corporations,Eurostat national-tax-list line classified as ESA code D29H. Economic function: capital/stock of wealth.,5228000000,0.179047,"Eurostat, National Tax Lists - individual taxes, updated 22 Apr 2026; file: code/data/france_tax/eurostat_national_tax_lists_2025_2026-04-22.xlsx; FR sheet; STO D29H; DETAILS C02; 2024","Eurostat NTL covers general government plus EU institutions (S.13 + S.212), so local taxes are in scope.",Corporate solidarity levy,Business,Profit and sector taxes,Corporate and sector profits,Contribution sociale de solidarité des sociétés,UK-equivalent treatment: corporation/profit/sector levies sit with business taxes.,A business levy based mainly on company turnover.,yes,5228000000,0.179047,0,
Contribution sociale généralisée,Generalised social contribution (CSG),Eurostat national-tax-list line classified as ESA code D51M. Economic function: SPLIT1.,153131000000,5.244392,"Eurostat, National Tax Lists - individual taxes, updated 22 Apr 2026; file: code/data/france_tax/eurostat_national_tax_lists_2025_2026-04-22.xlsx; FR sheet; STO D51M; DETAILS C04; 2024","Eurostat NTL covers general government plus EU institutions (S.13 + S.212), so local taxes are in scope.",CSG,Employment,Personal income and social taxes,Income/social contribution hybrids,Contribution sociale généralisée,CSG/CRDS/PIT are not split by source in this table; kept with employment/personal income taxes.,"A broad social charge on employment, pensions and investment income.",yes,153131000000,5.244392,0,
Contribution sociale sur les bénéfices des sociétés,Social contribution on corporations profits (CSB),Eurostat national-tax-list line classified as ESA code D51O. Economic function: corporate capital income.,1166000000,0.039933,"Eurostat, National Tax Lists - individual taxes, updated 22 Apr 2026; file: code/data/france_tax/eurostat_national_tax_lists_2025_2026-04-22.xlsx; FR sheet; STO D51O; DETAILS C06; 2024","Eurostat NTL covers general government plus EU institutions (S.13 + S.212), so local taxes are in scope.",Corporate profits surtax,Business,Profit and sector taxes,Corporate and sector profits,Contribution sociale sur les bénéfices des sociétés,UK-equivalent treatment: corporation/profit/sector levies sit with business taxes.,A surtax on company profits.,yes,1166000000,0.039933,0,
Contribution sociale à la charge des fournisseurs agréés de produits de tabac,Low-yield behavioural incentive levy on production paid by businesses,Low-yield behavioural incentive levy on production paid by businesses. Collector: DGFiP. Beneficiary: Caisse nationale d'assurance-maladie (CNAM).,100151800,0.003430,"Cour des comptes, Les taxes a faible rendement, annex listing, Apr 2025; file: code/data/france_tax/20250417-annexe-listing-des-taxes-concernees.xlsx; Cour Inventaire sheet id 29; Enjeu 2019 uprated to 2024 using INSEE CPI",Cour low-yield-tax inventory id 29. Status: En vigueur entre 2019 et 2024. Objective: Incitation; payer: Entreprises; base: Production. The Cour annex is an individual-tax inventory and may overlap with Eurostat grouped/aggregate NTL rows; do not sum both sources without reconciliation. English name is a descriptive label generated from the Cour structured fields; the Cour annex does not provide an official English legal title. Cour Enjeu 2019: EUR 87.138m. No Cour Enjeu 2024 figure; revenue is an estimate from Cour Enjeu 2019 uprated to 2024 using INSEE annual-average CPI inflation for 2020-2024. CPI uprating factor used: 1.149347008.,Tobacco supplier levy,Goods/services,"Alcohol, tobacco and drinks duties",Low-yield tobacco levies,Contribution sociale à la charge des fournisseurs agréés de produits de tabac,Cour low-yield row classified from tobacco label.,Duty or levy on tobacco products.,yes,100151800,0.003430,0,
Contribution spécifique pour le développement de la formation professionnelle initiale et continue dans les métiers des professions du bâtiment et des travaux publics,Low-yield market-failure correction levy on payroll paid by businesses,Low-yield market-failure correction levy on payroll paid by businesses. Collector: Comité de Concertation et de Coordination de l'Apprentissage du Bâtiment et des Travaux Publics (CCCA-BTP). Beneficiary: Comité de concertation et de coordination de l’apprentissage du bâtiment et des travaux publics (CCCA-BTP) / Opérateur de compétences (OPCO) Constructys.,128434801,0.004399,"Cour des comptes, Les taxes a faible rendement, annex listing, Apr 2025; file: code/data/france_tax/20250417-annexe-listing-des-taxes-concernees.xlsx; Cour Inventaire sheet id 31; Enjeu 2024","Cour low-yield-tax inventory id 31. Status: En vigueur entre 2019 et 2024. Objective: Correction défaillance marché; payer: Entreprises; base: Masse salariale. The Cour annex is an individual-tax inventory and may overlap with Eurostat grouped/aggregate NTL rows; do not sum both sources without reconciliation. English name is a descriptive label generated from the Cour structured fields; the Cour annex does not provide an official English legal title. Revenue is the Cour 'enjeu 2024' figure, in EUR after conversion from EUR millions.",Construction training levy,Employment,Employer payroll and labour levies,Low-yield payroll/workforce levies,Contribution spécifique pour le développement de la formation professionnelle initiale et continue dans les métiers des professions du bâtiment et des travaux publics,Cour low-yield row classified from base/payer/legal label.,"Employer levy connected with payroll, employees or workforce costs.",yes,128434801,0.004399,0,
Contribution spécifique à la formation professionnelle pour Saint Pierre et Miquelon,Low-yield market-failure correction levy on payroll paid by businesses,Low-yield market-failure correction levy on payroll paid by businesses. Collector: Collectivités territoriales. Beneficiary: France compétences.,344906,0.000012,"Cour des comptes, Les taxes a faible rendement, annex listing, Apr 2025; file: code/data/france_tax/20250417-annexe-listing-des-taxes-concernees.xlsx; Cour Inventaire sheet id 30; Enjeu 2024","Cour low-yield-tax inventory id 30. Status: En vigueur entre 2019 et 2024. Objective: Correction défaillance marché; payer: Entreprises; base: Masse salariale. The Cour annex is an individual-tax inventory and may overlap with Eurostat grouped/aggregate NTL rows; do not sum both sources without reconciliation. English name is a descriptive label generated from the Cour structured fields; the Cour annex does not provide an official English legal title. Revenue is the Cour 'enjeu 2024' figure, in EUR after conversion from EUR millions.",St Pierre training levy,Employment,Employer payroll and labour levies,Low-yield payroll/workforce levies,Contribution spécifique à la formation professionnelle pour Saint Pierre et Miquelon,Cour low-yield row classified from base/payer/legal label.,"Employer levy connected with payroll, employees or workforce costs.",yes,344906,0.000012,0,
Contribution sur les avantages de préretraite d’entreprise,Low-yield behavioural incentive levy on payroll paid by businesses,Low-yield behavioural incentive levy on payroll paid by businesses. Collector: URSSAF. Beneficiary: Caisse nationale d'assurance-vieillesse (CNAV).,46000000,0.001575,"Cour des comptes, Les taxes a faible rendement, annex listing, Apr 2025; file: code/data/france_tax/20250417-annexe-listing-des-taxes-concernees.xlsx; Cour Inventaire sheet id 35; Enjeu 2024","Cour low-yield-tax inventory id 35. Status: En vigueur entre 2019 et 2024. Objective: Incitation; payer: Entreprises; base: Masse salariale. The Cour annex is an individual-tax inventory and may overlap with Eurostat grouped/aggregate NTL rows; do not sum both sources without reconciliation. English name is a descriptive label generated from the Cour structured fields; the Cour annex does not provide an official English legal title. Cour Enjeu 2019: EUR 80m. Revenue is the Cour 'enjeu 2024' figure, in EUR after conversion from EUR millions.",Early retirement levy,Employment,Employer payroll and labour levies,Low-yield payroll/workforce levies,Contribution sur les avantages de préretraite d’entreprise,Cour low-yield row classified from base/payer/legal label.,"Employer levy connected with payroll, employees or workforce costs.",yes,46000000,0.001575,0,
Contribution sur les boissons non alcooliques contenant des sucres ajoutés (ex-cotisation à la production sur les sucres),Low-yield budget-raising levy on production paid by businesses,Low-yield budget-raising levy on production paid by businesses. Collector: DGFiP. Beneficiary: Budget général.,,,"Cour des comptes, Les taxes a faible rendement, annex listing, Apr 2025; file: code/data/france_tax/20250417-annexe-listing-des-taxes-concernees.xlsx; Cour Inventaire sheet id 45; Enjeu 2024",Cour low-yield-tax inventory id 45. Status: En vigueur entre 2019 et 2024. Objective: Rendement; payer: Entreprises; base: Production. The Cour annex is an individual-tax inventory and may overlap with Eurostat grouped/aggregate NTL rows; do not sum both sources without reconciliation. English name is a descriptive label generated from the Cour structured fields; the Cour annex does not provide an official English legal title. No known or estimated 2024 yield in the Cour annex; cannot be area-sized without an estimate.,Low-yield budget-raising levy o…,Goods/services,"Alcohol, tobacco and drinks duties",Low-yield consumption/service levies,Contribution sur les boissons non alcooliques contenant des sucres ajoutés (ex-cotisation à la production sur les sucres),Cour low-yield row classified from legal label and base.,"Duty or levy on alcohol, soft drinks or similar products.",no,,,0,
Contribution sur les indemnités de mise à la retraite,Low-yield behavioural incentive levy on payroll paid by businesses,Low-yield behavioural incentive levy on payroll paid by businesses. Collector: Urssaf. Beneficiary: Caisse nationale d'assurance-vieillesse (CNAV).,33806000,0.001158,"Cour des comptes, Les taxes a faible rendement, annex listing, Apr 2025; file: code/data/france_tax/20250417-annexe-listing-des-taxes-concernees.xlsx; Cour Inventaire sheet id 37; Enjeu 2024","Cour low-yield-tax inventory id 37. Status: En vigueur entre 2019 et 2024. Objective: Incitation; payer: Entreprises; base: Masse salariale. The Cour annex is an individual-tax inventory and may overlap with Eurostat grouped/aggregate NTL rows; do not sum both sources without reconciliation. English name is a descriptive label generated from the Cour structured fields; the Cour annex does not provide an official English legal title. Cour Enjeu 2019: EUR 34m. Revenue is the Cour 'enjeu 2024' figure, in EUR after conversion from EUR millions.",Retirement indemnity levy,Employment,Employer payroll and labour levies,Low-yield payroll/workforce levies,Contribution sur les indemnités de mise à la retraite,Cour low-yield row classified from base/payer/legal label.,"Employer levy connected with payroll, employees or workforce costs.",yes,33806000,0.001158,0,
Contribution sur les mises jouées sur les paris sportifs de la Française des jeux et des nouveaux opérateurs,Low-yield behavioural incentive levy on consumption paid by individuals,Low-yield behavioural incentive levy on consumption paid by individuals. Collector: DGFiP. Beneficiary: Agence nationale du sport (ANS).,202732125,0.006943,"Cour des comptes, Les taxes a faible rendement, annex listing, Apr 2025; file: code/data/france_tax/20250417-annexe-listing-des-taxes-concernees.xlsx; Cour Inventaire sheet id 38; Enjeu 2024","Cour low-yield-tax inventory id 38. Status: En vigueur entre 2019 et 2024. Objective: Incitation; payer: Particuliers; base: Consommation. The Cour annex is an individual-tax inventory and may overlap with Eurostat grouped/aggregate NTL rows; do not sum both sources without reconciliation. English name is a descriptive label generated from the Cour structured fields; the Cour annex does not provide an official English legal title. Cour Enjeu 2019: EUR 139.913m. Revenue is the Cour 'enjeu 2024' figure, in EUR after conversion from EUR millions.",Sports betting levy,Goods/services,"Betting, gaming and lottery",Low-yield consumption/service levies,Contribution sur les mises jouées sur les paris sportifs de la Française des jeux et des nouveaux opérateurs,Cour low-yield row classified from legal label and base.,"Tax on betting, gaming, casinos or lotteries.",yes,202732125,0.006943,0,
Contribution sur les rentes infra marginales (électricité),Contribution on electricity producers profit,Eurostat national-tax-list line classified as ESA code D29H. Economic function: capital/stock of wealth. Environmental/property tag: energy.,127000000,0.004349,"Eurostat, National Tax Lists - individual taxes, updated 22 Apr 2026; file: code/data/france_tax/eurostat_national_tax_lists_2025_2026-04-22.xlsx; FR sheet; STO D29H; DETAILS C05; 2024","Eurostat NTL covers general government plus EU institutions (S.13 + S.212), so local taxes are in scope.",Electricity rent levy,Business,Profit and sector taxes,Corporate and sector profits,Contribution sur les rentes infra marginales (électricité),UK-equivalent treatment: corporation/profit/sector levies sit with business taxes.,Tax on business profits or on a specific business sector.,yes,127000000,0.004349,0,
Contribution temporaire de solidarité,Low-yield budget-raising levy on profits paid by businesses,Low-yield budget-raising levy on profits paid by businesses. Collector: DGFiP. Beneficiary: Budget général.,,,"Cour des comptes, Les taxes a faible rendement, annex listing, Apr 2025; file: code/data/france_tax/20250417-annexe-listing-des-taxes-concernees.xlsx; Cour Inventaire sheet id 41; Enjeu 2024",Cour low-yield-tax inventory id 41. Status: Créée entre 2019 et 2024. Objective: Rendement; payer: Entreprises; base: Bénéfice. The Cour annex is an individual-tax inventory and may overlap with Eurostat grouped/aggregate NTL rows; do not sum both sources without reconciliation. English name is a descriptive label generated from the Cour structured fields; the Cour annex does not provide an official English legal title. No known or estimated 2024 yield in the Cour annex; cannot be area-sized without an estimate.,Sector levy,Business,Business production and sector levies,Low-yield sector/professional levies,Contribution temporaire de solidarité,Cour low-yield row classified from business/professional label.,"Business levy based on production, premises, turnover or sector activity.",no,,,0,
Contribution vie étudiante et campus,Low-yield service-related levy on consumption paid by individuals,Low-yield service-related levy on consumption paid by individuals. Collector: Centre régional des œuvres universitaires et scolaires (CROUS). Beneficiary: Etablissements publics d'enseignement supérieur / Etablissements d'enseignement supérieur privés d'intérêt général / Centres régionaux des œuvres universitaires et scolaires (CROUS).,172151700,0.005896,"Cour des comptes, Les taxes a faible rendement, annex listing, Apr 2025; file: code/data/france_tax/20250417-annexe-listing-des-taxes-concernees.xlsx; Cour Inventaire sheet id 42; Enjeu 2024","Cour low-yield-tax inventory id 42. Status: En vigueur entre 2019 et 2024. Objective: Service rendu; payer: Particuliers; base: Consommation. The Cour annex is an individual-tax inventory and may overlap with Eurostat grouped/aggregate NTL rows; do not sum both sources without reconciliation. English name is a descriptive label generated from the Cour structured fields; the Cour annex does not provide an official English legal title. Cour Enjeu 2019: EUR 138.5m. Revenue is the Cour 'enjeu 2024' figure, in EUR after conversion from EUR millions.",Student campus levy,Other,Service-related tax-like charges,Low-yield administrative/service charges,Contribution vie étudiante et campus,Cour service-related row without clearer UK-equivalent category.,Charge paid by students to fund campus services.,yes,172151700,0.005896,0,
Contribution à la charge des laboratoires pharmaceutiques non conventionnés avec le comité économique des produits de santé,Low-yield budget-raising levy on production paid by businesses,Low-yield budget-raising levy on production paid by businesses. Collector: ACOSS. Beneficiary: Caisse nationale d'assurance-maladie (CNAM).,,,"Cour des comptes, Les taxes a faible rendement, annex listing, Apr 2025; file: code/data/france_tax/20250417-annexe-listing-des-taxes-concernees.xlsx; Cour Inventaire sheet id 4; Enjeu 2024",Cour low-yield-tax inventory id 4. Status: En vigueur entre 2019 et 2024. Objective: Rendement; payer: Entreprises; base: Production. The Cour annex is an individual-tax inventory and may overlap with Eurostat grouped/aggregate NTL rows; do not sum both sources without reconciliation. English name is a descriptive label generated from the Cour structured fields; the Cour annex does not provide an official English legal title. No known or estimated 2024 yield in the Cour annex; cannot be area-sized without an estimate.,Sector levy,Business,Business production and sector levies,Low-yield pharmaceutical/health-product levies,Contribution à la charge des laboratoires pharmaceutiques non conventionnés avec le comité économique des produits de santé,Cour low-yield row classified from pharmaceutical/health-product label.,"Business levy based on production, premises, turnover or sector activity.",no,,,0,
Contribution équivalente aux droits de plaidoirie,Low-yield budget-raising levy on consumption paid by individuals,Low-yield budget-raising levy on consumption paid by individuals. Collector: Conseil National des Barreaux (CNB). Beneficiary: Caisse nationale des barreaux français (CNBF).,93097108,0.003188,"Cour des comptes, Les taxes a faible rendement, annex listing, Apr 2025; file: code/data/france_tax/20250417-annexe-listing-des-taxes-concernees.xlsx; Cour Inventaire sheet id 23; Enjeu 2019 uprated to 2024 using INSEE CPI",Cour low-yield-tax inventory id 23. Status: En vigueur entre 2019 et 2024. Objective: Rendement; payer: Particuliers; base: Consommation. The Cour annex is an individual-tax inventory and may overlap with Eurostat grouped/aggregate NTL rows; do not sum both sources without reconciliation. English name is a descriptive label generated from the Cour structured fields; the Cour annex does not provide an official English legal title. Cour Enjeu 2019: EUR 81m. No Cour Enjeu 2024 figure; revenue is an estimate from Cour Enjeu 2019 uprated to 2024 using INSEE annual-average CPI inflation for 2020-2024. CPI uprating factor used: 1.149347008.,Advocacy equivalent,Other,Service-related tax-like charges,Low-yield administrative/service charges,Contribution équivalente aux droits de plaidoirie,Cour service-related row classified from legal label.,Equivalent court-related charge where ordinary advocacy rights do not apply.,yes,93097108,0.003188,0,
Contributions des entreprises à la formation professionnelle et à l'apprentissage,Contributions to vocational training and apprenticeship,Eurostat national-tax-list line classified as ESA code D29C. Economic function: employer labour.,11359000000,0.389020,"Eurostat, National Tax Lists - individual taxes, updated 22 Apr 2026; file: code/data/france_tax/eurostat_national_tax_lists_2025_2026-04-22.xlsx; FR sheet; STO D29C; DETAILS C02; 2024","Eurostat NTL covers general government plus EU institutions (S.13 + S.212), so local taxes are in scope.",Training levy,Employment,Employer payroll and labour levies,Payroll levies,Contributions des entreprises à la formation professionnelle et à l'apprentissage,"UK-equivalent treatment: employer payroll levies sit with employment taxes, like apprenticeship levy/NICs.",Employer levy used to fund vocational training and apprenticeships.,yes,11359000000,0.389020,0,
Contributions sociales sur les produits des jeux des casinos,Low-yield behavioural incentive levy on consumption paid by individuals,Low-yield behavioural incentive levy on consumption paid by individuals. Collector: DGFiP. Beneficiary: Organismes de sécurité sociale.,,,"Cour des comptes, Les taxes a faible rendement, annex listing, Apr 2025; file: code/data/france_tax/20250417-annexe-listing-des-taxes-concernees.xlsx; Cour Inventaire sheet id 43; Enjeu 2024",Cour low-yield-tax inventory id 43. Status: En vigueur entre 2019 et 2024. Objective: Incitation; payer: Particuliers; base: Consommation. The Cour annex is an individual-tax inventory and may overlap with Eurostat grouped/aggregate NTL rows; do not sum both sources without reconciliation. English name is a descriptive label generated from the Cour structured fields; the Cour annex does not provide an official English legal title. No known or estimated 2024 yield in the Cour annex; cannot be area-sized without an estimate.,Low-yield behavioural incentive…,Goods/services,"Betting, gaming and lottery",Low-yield consumption/service levies,Contributions sociales sur les produits des jeux des casinos,Cour low-yield row classified from legal label and base.,"Tax on betting, gaming, casinos or lotteries.",no,,,0,
Contributions sur les loyers immobiliers,Contributions on real-estate rents,Eurostat national-tax-list line classified as ESA code D214H. Economic function: consumption.,511000000,0.017501,"Eurostat, National Tax Lists - individual taxes, updated 22 Apr 2026; file: code/data/france_tax/eurostat_national_tax_lists_2025_2026-04-22.xlsx; FR sheet; STO D214H; DETAILS C04; 2024","Eurostat NTL covers general government plus EU institutions (S.13 + S.212), so local taxes are in scope.",Rent contribution,Land,Recurrent land and property taxes,Land/buildings/business premises,Contributions sur les loyers immobiliers,UK-equivalent treatment: land/property taxes align with council tax/business rates/property taxes.,Tax on some real-estate rents.,yes,511000000,0.017501,0,
Contributions versées par la SNCF au titre des frais de surveillance et de contrôle des chemins de fer,Low-yield service-related levy on production paid by businesses,Low-yield service-related levy on production paid by businesses. Collector: Ministère de la transition écologique et de la cohésion des territoires. Beneficiary: Budget général.,,,"Cour des comptes, Les taxes a faible rendement, annex listing, Apr 2025; file: code/data/france_tax/20250417-annexe-listing-des-taxes-concernees.xlsx; Cour Inventaire sheet id 44; Enjeu 2024",Cour low-yield-tax inventory id 44. Status: En vigueur entre 2019 et 2024. Objective: Service rendu; payer: Entreprises; base: Production. The Cour annex is an individual-tax inventory and may overlap with Eurostat grouped/aggregate NTL rows; do not sum both sources without reconciliation. English name is a descriptive label generated from the Cour structured fields; the Cour annex does not provide an official English legal title. No known or estimated 2024 yield in the Cour annex; cannot be area-sized without an estimate.,Sector levy,Business,Business production and sector levies,Low-yield sector/professional levies,Contributions versées par la SNCF au titre des frais de surveillance et de contrôle des chemins de fer,Cour low-yield row classified from business/professional label.,"Business levy based on production, premises, turnover or sector activity.",no,,,0,
Cotisation additionnelle versée par les organismes HLM et les SEM,Low-yield market-failure correction levy on profits paid by businesses,Low-yield market-failure correction levy on profits paid by businesses. Collector: Caisse de garantie du logement locatif social (CGLLS). Beneficiary: Caisse de garantie du logement locatif social (CGLLS).,87906657,0.003011,"Cour des comptes, Les taxes a faible rendement, annex listing, Apr 2025; file: code/data/france_tax/20250417-annexe-listing-des-taxes-concernees.xlsx; Cour Inventaire sheet id 46; Enjeu 2019 uprated to 2024 using INSEE CPI",Cour low-yield-tax inventory id 46. Status: En vigueur entre 2019 et 2024. Objective: Correction défaillance marché; payer: Entreprises; base: Bénéfice. The Cour annex is an individual-tax inventory and may overlap with Eurostat grouped/aggregate NTL rows; do not sum both sources without reconciliation. English name is a descriptive label generated from the Cour structured fields; the Cour annex does not provide an official English legal title. Cour Enjeu 2019: EUR 76.484m. No Cour Enjeu 2024 figure; revenue is an estimate from Cour Enjeu 2019 uprated to 2024 using INSEE annual-average CPI inflation for 2020-2024. CPI uprating factor used: 1.149347008.,Social housing levy 1,Business,Business production and sector levies,Low-yield sector/professional levies,Cotisation additionnelle versée par les organismes HLM et les SEM,Cour low-yield row classified from business/professional label.,"Business levy based on production, premises, turnover or sector activity.",yes,87906657,0.003011,0,
Cotisation au profit des caisses d’assurances d’accidents agricoles d’Alsace-Moselle,Low-yield market-failure correction levy on capital paid by businesses,Low-yield market-failure correction levy on capital paid by businesses. Collector: DGFiP. Beneficiary: Caisses d'assurances d'accidents agricoles (CAAA) d'Alsace-Moselle.,2298694,0.000079,"Cour des comptes, Les taxes a faible rendement, annex listing, Apr 2025; file: code/data/france_tax/20250417-annexe-listing-des-taxes-concernees.xlsx; Cour Inventaire sheet id 47; Enjeu 2019 uprated to 2024 using INSEE CPI",Cour low-yield-tax inventory id 47. Status: En vigueur entre 2019 et 2024. Objective: Correction défaillance marché; payer: Entreprises; base: Capital. The Cour annex is an individual-tax inventory and may overlap with Eurostat grouped/aggregate NTL rows; do not sum both sources without reconciliation. English name is a descriptive label generated from the Cour structured fields; the Cour annex does not provide an official English legal title. Cour Enjeu 2019: EUR 2m. No Cour Enjeu 2024 figure; revenue is an estimate from Cour Enjeu 2019 uprated to 2024 using INSEE annual-average CPI inflation for 2020-2024. CPI uprating factor used: 1.149347008.,Farm accident insurance,Goods/services,Insurance taxes,Low-yield insurance levies,Cotisation au profit des caisses d’assurances d’accidents agricoles d’Alsace-Moselle,Cour low-yield row classified from insurance label.,Tax or levy on insurance contracts or premiums.,yes,2298694,0.000079,0,
Cotisation BTP intempéries,Low-yield market-failure correction levy on payroll paid by businesses,Low-yield market-failure correction levy on payroll paid by businesses. Collector: URSSAF. Beneficiary: Union des caisses de France (UCF CIBTP).,128325577,0.004395,"Cour des comptes, Les taxes a faible rendement, annex listing, Apr 2025; file: code/data/france_tax/20250417-annexe-listing-des-taxes-concernees.xlsx; Cour Inventaire sheet id 48; Enjeu 2024","Cour low-yield-tax inventory id 48. Status: En vigueur entre 2019 et 2024. Objective: Correction défaillance marché; payer: Entreprises; base: Masse salariale. The Cour annex is an individual-tax inventory and may overlap with Eurostat grouped/aggregate NTL rows; do not sum both sources without reconciliation. English name is a descriptive label generated from the Cour structured fields; the Cour annex does not provide an official English legal title. Cour Enjeu 2019: EUR 128.326m. Revenue is the Cour 'enjeu 2024' figure, in EUR after conversion from EUR millions.",Bad-weather levy,Employment,Employer payroll and labour levies,Low-yield payroll/workforce levies,Cotisation BTP intempéries,Cour low-yield row classified from base/payer/legal label.,Construction-sector levy funding bad-weather compensation.,yes,128325577,0.004395,0,
Cotisation des entreprises cinématographiques au profit du CNC (Centre national du cinéma),Movie-making corporations contributions to the CNC,Eurostat national-tax-list line classified as ESA code D214E. Economic function: consumption.,708000000,0.024247,"Eurostat, National Tax Lists - individual taxes, updated 22 Apr 2026; file: code/data/france_tax/eurostat_national_tax_lists_2025_2026-04-22.xlsx; FR sheet; STO D214E; DETAILS C03; 2024","Eurostat NTL covers general government plus EU institutions (S.13 + S.212), so local taxes are in scope.",Cinema levy,Goods/services,Specific services and media taxes,Services/media/entertainment,Cotisation des entreprises cinématographiques au profit du CNC (Centre national du cinéma),Specific consumption/service tax.,Levy on cinema businesses used to fund film and audiovisual support.,yes,462130288,0.015827,-245869712,Netted Cour known-yield overlap for Goods/services / Specific services and media taxes.
Cotisation foncière des entreprises,Property contributions of the corporations,Eurostat national-tax-list line classified as ESA code D29A. Economic function: capital/stock of wealth. Environmental/property tag: recurrent immovable property.,7708000000,0.263982,"Eurostat, National Tax Lists - individual taxes, updated 22 Apr 2026; file: code/data/france_tax/eurostat_national_tax_lists_2025_2026-04-22.xlsx; FR sheet; STO D29A; DETAILS C06; 2024","Eurostat NTL covers general government plus EU institutions (S.13 + S.212), so local taxes are in scope.",Business property tax,Land,Recurrent land and property taxes,Land/buildings/business premises,Cotisation foncière des entreprises,UK-equivalent treatment: land/property taxes align with council tax/business rates/property taxes.,The business property element of France's local business-tax system.,yes,7708000000,0.263982,0,
Cotisation patronale pour le FNAL (Fonds national d'aide au logement),Taxes benefitting to the national fund for housing (FNAL),Eurostat national-tax-list line classified as ESA code D29C. Economic function: employer labour.,2935000000,0.100517,"Eurostat, National Tax Lists - individual taxes, updated 22 Apr 2026; file: code/data/france_tax/eurostat_national_tax_lists_2025_2026-04-22.xlsx; FR sheet; STO D29C; DETAILS C06; 2024","Eurostat NTL covers general government plus EU institutions (S.13 + S.212), so local taxes are in scope.",Housing payroll levy,Employment,Employer payroll and labour levies,Payroll levies,Cotisation patronale pour le FNAL (Fonds national d'aide au logement),"UK-equivalent treatment: employer payroll levies sit with employment taxes, like apprenticeship levy/NICs.",Employer payroll levy used to fund housing support.,yes,2935000000,0.100517,0,
Cotisation sur la valeur ajoutée des entreprises - Part sur le capital,Contributions on the value added of the corporations - Tax on capital,Eurostat national-tax-list line classified as ESA code D29A. Economic function: corporate capital income. Environmental/property tag: recurrent immovable property.,1237000000,0.042364,"Eurostat, National Tax Lists - individual taxes, updated 22 Apr 2026; file: code/data/france_tax/eurostat_national_tax_lists_2025_2026-04-22.xlsx; FR sheet; STO D29A; DETAILS C09; 2024","Eurostat NTL covers general government plus EU institutions (S.13 + S.212), so local taxes are in scope.",CVAE capital part,Business,Business production and sector levies,Production/sector levies,Cotisation sur la valeur ajoutée des entreprises - Part sur le capital,French-specific production/sector business levy.,The capital-share element of the former value-added business tax.,yes,1237000000,0.042364,0,
Cotisation sur la valeur ajoutée des entreprises - Part sur les salaires,Contributions on the value added of the corporations - Tax on wages,Eurostat national-tax-list line classified as ESA code D29A. Economic function: employer labour. Environmental/property tag: recurrent immovable property.,2630000000,0.090072,"Eurostat, National Tax Lists - individual taxes, updated 22 Apr 2026; file: code/data/france_tax/eurostat_national_tax_lists_2025_2026-04-22.xlsx; FR sheet; STO D29A; DETAILS C08; 2024","Eurostat NTL covers general government plus EU institutions (S.13 + S.212), so local taxes are in scope.",CVAE wage part,Business,Business production and sector levies,Production/sector levies,Cotisation sur la valeur ajoutée des entreprises - Part sur les salaires,French-specific production/sector business levy.,The wage-share element of the former value-added business tax.,yes,1141840843,0.039105,-1488159157,Netted D995 uncollectible adjustment from Less: Autres impôts sur la production dus non recouvrables. Netted Cour known-yield overlap for Business / Business production and sector levies.
Cotisation versée par les organismes HLM,Low-yield market-failure correction levy on production paid by businesses,Low-yield market-failure correction levy on production paid by businesses. Collector: Caisse de garantie du logement locatif social (CGLLS). Beneficiary: Agence nationale de contrôle du logement social (ANCOLS).,11334000,0.000388,"Cour des comptes, Les taxes a faible rendement, annex listing, Apr 2025; file: code/data/france_tax/20250417-annexe-listing-des-taxes-concernees.xlsx; Cour Inventaire sheet id 52; Enjeu 2024","Cour low-yield-tax inventory id 52. Status: En vigueur entre 2019 et 2024. Objective: Correction défaillance marché; payer: Entreprises; base: Production. The Cour annex is an individual-tax inventory and may overlap with Eurostat grouped/aggregate NTL rows; do not sum both sources without reconciliation. English name is a descriptive label generated from the Cour structured fields; the Cour annex does not provide an official English legal title. Cour Enjeu 2019: EUR 11.334m. Revenue is the Cour 'enjeu 2024' figure, in EUR after conversion from EUR millions.",Social housing levy 2,Business,Business production and sector levies,Low-yield sector/professional levies,Cotisation versée par les organismes HLM,Cour low-yield row classified from business/professional label.,"Business levy based on production, premises, turnover or sector activity.",yes,11334000,0.000388,0,
Cotisations perçues au titre de la participation des employeurs à l'effort de construction,Low-yield behavioural incentive levy on payroll paid by businesses,Low-yield behavioural incentive levy on payroll paid by businesses. Collector: Action Logement. Beneficiary: Budget général.,26423163,0.000905,"Cour des comptes, Les taxes a faible rendement, annex listing, Apr 2025; file: code/data/france_tax/20250417-annexe-listing-des-taxes-concernees.xlsx; Cour Inventaire sheet id 54; Enjeu 2024","Cour low-yield-tax inventory id 54. Status: En vigueur entre 2019 et 2024. Objective: Incitation; payer: Entreprises; base: Masse salariale. The Cour annex is an individual-tax inventory and may overlap with Eurostat grouped/aggregate NTL rows; do not sum both sources without reconciliation. English name is a descriptive label generated from the Cour structured fields; the Cour annex does not provide an official English legal title. Cour Enjeu 2019: EUR 31.796m. Revenue is the Cour 'enjeu 2024' figure, in EUR after conversion from EUR millions.",PEEC contributions,Employment,Employer payroll and labour levies,Low-yield payroll/workforce levies,Cotisations perçues au titre de la participation des employeurs à l'effort de construction,Cour low-yield row classified from base/payer/legal label.,"Employer levy connected with payroll, employees or workforce costs.",yes,26423163,0.000905,0,
Cotisations sociales effectives obligatoires à la charge des employeurs,Compulsory employers' actual social contributions,Eurostat national-tax-list line classified as ESA code D611C.,293148000000,10.039659,"Eurostat, National Tax Lists - individual taxes, updated 22 Apr 2026; file: code/data/france_tax/eurostat_national_tax_lists_2025_2026-04-22.xlsx; FR sheet; STO D611C; DETAILS _T; 2024","Social-contribution component retained because Eurostat does not provide a lower French national-tax-list split. Eurostat NTL covers general government plus EU institutions (S.13 + S.212), so local taxes are in scope.",Employer social contribs,Employment,Social contributions,Compulsory/voluntary social contributions,Cotisations sociales effectives obligatoires à la charge des employeurs,UK-equivalent treatment: social contributions sit with NICs/employment taxes.,Compulsory employer social security contributions on employees' pay.,yes,291130000000,9.970547,-2018000000,Netted D995 uncollectible adjustment from Less: Cotisations sociales effectives à la charge des employeurs dues non recouvrables.
Cotisations sociales effectives obligatoires à la charge des personnes n'occupant pas d'emploi,Compulsory actual social contributions by the non-employed (1),Eurostat national-tax-list line classified as ESA code D613CN.,3872000000,0.132607,"Eurostat, National Tax Lists - individual taxes, updated 22 Apr 2026; file: code/data/france_tax/eurostat_national_tax_lists_2025_2026-04-22.xlsx; FR sheet; STO D613CN; DETAILS _T; 2024","Social-contribution component retained because Eurostat does not provide a lower French national-tax-list split. Eurostat NTL covers general government plus EU institutions (S.13 + S.212), so local taxes are in scope.",Non-employed contribs,Employment,Social contributions,Compulsory/voluntary social contributions,Cotisations sociales effectives obligatoires à la charge des personnes n'occupant pas d'emploi,UK-equivalent treatment: social contributions sit with NICs/employment taxes.,Compulsory social security contributions paid by people who are not in employment.,yes,3845000000,0.131683,-27000000,Netted D995 uncollectible adjustment from Less: Cotisations sociales effectives à la charge des personnes n'occupant pas d'emploi dues non recouvrables.
Cotisations sociales effectives obligatoires à la charge des salariés,Compulsory employees' actual social contributions,Eurostat national-tax-list line classified as ESA code D613CE.,104256000000,3.570533,"Eurostat, National Tax Lists - individual taxes, updated 22 Apr 2026; file: code/data/france_tax/eurostat_national_tax_lists_2025_2026-04-22.xlsx; FR sheet; STO D613CE; DETAILS _T; 2024","Social-contribution component retained because Eurostat does not provide a lower French national-tax-list split. Eurostat NTL covers general government plus EU institutions (S.13 + S.212), so local taxes are in scope.",Employee social contribs,Employment,Social contributions,Compulsory/voluntary social contributions,Cotisations sociales effectives obligatoires à la charge des salariés,UK-equivalent treatment: social contributions sit with NICs/employment taxes.,Compulsory employee social security contributions deducted from wages.,yes,103589000000,3.547690,-667000000,Netted D995 uncollectible adjustment from Less: Cotisations sociales effectives à la charge des salariés dues non recouvrables.
Cotisations sociales effectives obligatoires à la charge des travailleurs indépendants,Compulsory actual social contributions by the self-employed (1),Eurostat national-tax-list line classified as ESA code D613CS.,28779000000,0.985616,"Eurostat, National Tax Lists - individual taxes, updated 22 Apr 2026; file: code/data/france_tax/eurostat_national_tax_lists_2025_2026-04-22.xlsx; FR sheet; STO D613CS; DETAILS _T; 2024","Social-contribution component retained because Eurostat does not provide a lower French national-tax-list split. Eurostat NTL covers general government plus EU institutions (S.13 + S.212), so local taxes are in scope.",Self-employed contribs,Employment,Social contributions,Compulsory/voluntary social contributions,Cotisations sociales effectives obligatoires à la charge des travailleurs indépendants,UK-equivalent treatment: social contributions sit with NICs/employment taxes.,Compulsory social security contributions paid by self-employed workers.,yes,28581000000,0.978835,-198000000,Netted D995 uncollectible adjustment from Less: Cotisations sociales effectives à la charge des travailleurs indépendants dues non recouvrables.
Cotisations sociales effectives volontaires des ménages,Voluntary households' actual social contributions,Eurostat national-tax-list line classified as ESA code D613V.,1010000000,0.034590,"Eurostat, National Tax Lists - individual taxes, updated 22 Apr 2026; file: code/data/france_tax/eurostat_national_tax_lists_2025_2026-04-22.xlsx; FR sheet; STO D613V; DETAILS _T; 2024","Social-contribution component retained because Eurostat does not provide a lower French national-tax-list split. Eurostat NTL covers general government plus EU institutions (S.13 + S.212), so local taxes are in scope.",Voluntary social contribs,Employment,Social contributions,Compulsory/voluntary social contributions,Cotisations sociales effectives volontaires des ménages,UK-equivalent treatment: social contributions sit with NICs/employment taxes.,Voluntary social security contributions paid by households.,yes,1010000000,0.034590,0,
Cotisations sociales imputées à la charge des employeurs,Employers' imputed social contributions,Eurostat national-tax-list line classified as ESA code D612.,51216000000,1.754033,"Eurostat, National Tax Lists - individual taxes, updated 22 Apr 2026; file: code/data/france_tax/eurostat_national_tax_lists_2025_2026-04-22.xlsx; FR sheet; STO D612; DETAILS _T; 2024","Social-contribution component retained because Eurostat does not provide a lower French national-tax-list split. Eurostat NTL covers general government plus EU institutions (S.13 + S.212), so local taxes are in scope.",Imputed employer contribs,Employment,Social contributions,Compulsory/voluntary social contributions,Cotisations sociales imputées à la charge des employeurs,UK-equivalent treatment: social contributions sit with NICs/employment taxes.,Social benefits paid directly by employers and recorded as employer social contributions in the national accounts.,yes,51216000000,1.754033,0,
Cotisations sur primes d'assurance,Specific tax on insurance policies,Eurostat national-tax-list line classified as ESA code D214G. Economic function: consumption.,1728000000,0.059180,"Eurostat, National Tax Lists - individual taxes, updated 22 Apr 2026; file: code/data/france_tax/eurostat_national_tax_lists_2025_2026-04-22.xlsx; FR sheet; STO D214G; DETAILS C02; 2024","Eurostat NTL covers general government plus EU institutions (S.13 + S.212), so local taxes are in scope.",Insurance premium tax,Goods/services,Insurance taxes,Insurance-premium taxes,Cotisations sur primes d'assurance,Direct UK equivalent: insurance premium tax.,Tax on insurance premiums.,yes,1728000000,0.059180,0,
CRDS sur le produit des jeux dans les casinos flottants,Low-yield behavioural incentive levy on consumption paid by individuals,Low-yield behavioural incentive levy on consumption paid by individuals. Collector: DGFiP. Beneficiary: Caisse d'amortissement de la dette sociale (CADES).,,,"Cour des comptes, Les taxes a faible rendement, annex listing, Apr 2025; file: code/data/france_tax/20250417-annexe-listing-des-taxes-concernees.xlsx; Cour Inventaire sheet id 55; Enjeu 2024",Cour low-yield-tax inventory id 55. Status: En vigueur entre 2019 et 2024. Objective: Incitation; payer: Particuliers; base: Consommation. The Cour annex is an individual-tax inventory and may overlap with Eurostat grouped/aggregate NTL rows; do not sum both sources without reconciliation. English name is a descriptive label generated from the Cour structured fields; the Cour annex does not provide an official English legal title. No known or estimated 2024 yield in the Cour annex; cannot be area-sized without an estimate.,Low-yield behavioural incentive…,Goods/services,"Betting, gaming and lottery",Low-yield consumption/service levies,CRDS sur le produit des jeux dans les casinos flottants,Cour low-yield row classified from legal label and base.,"Tax on betting, gaming, casinos or lotteries.",no,,,0,
CRDS sur ventes de métaux ou objets précieux,Low-yield budget-raising levy on production paid by individuals,Low-yield budget-raising levy on production paid by individuals. Collector: DGFiP / DGDDI (exportation). Beneficiary: Caisse d'amortissement de la dette sociale (CADES).,,,"Cour des comptes, Les taxes a faible rendement, annex listing, Apr 2025; file: code/data/france_tax/20250417-annexe-listing-des-taxes-concernees.xlsx; Cour Inventaire sheet id 56; Enjeu 2024",Cour low-yield-tax inventory id 56. Status: En vigueur entre 2019 et 2024. Objective: Rendement; payer: Particuliers; base: Production. The Cour annex is an individual-tax inventory and may overlap with Eurostat grouped/aggregate NTL rows; do not sum both sources without reconciliation. English name is a descriptive label generated from the Cour structured fields; the Cour annex does not provide an official English legal title. No known or estimated 2024 yield in the Cour annex; cannot be area-sized without an estimate.,Sector levy,Business,Business production and sector levies,Low-yield production levies,CRDS sur ventes de métaux ou objets précieux,Cour low-yield row classified from Cour base.,"Business levy based on production, premises, turnover or sector activity.",no,,,0,
Droit affecté au fonds d’indemnisation de la profession d’avoués près les cours d’appel,Low-yield market-failure correction levy on production paid by businesses,Low-yield market-failure correction levy on production paid by businesses. Collector: Ministère de la justice. Beneficiary: Fonds d'indemnisation de la profession d'avoués près des cours d'appel.,28900000,0.000990,"Cour des comptes, Les taxes a faible rendement, annex listing, Apr 2025; file: code/data/france_tax/20250417-annexe-listing-des-taxes-concernees.xlsx; Cour Inventaire sheet id 57; Enjeu 2024","Cour low-yield-tax inventory id 57. Status: En vigueur entre 2019 et 2024. Objective: Correction défaillance marché; payer: Entreprises; base: Production. The Cour annex is an individual-tax inventory and may overlap with Eurostat grouped/aggregate NTL rows; do not sum both sources without reconciliation. English name is a descriptive label generated from the Cour structured fields; the Cour annex does not provide an official English legal title. Cour Enjeu 2019: EUR 29.3m. Revenue is the Cour 'enjeu 2024' figure, in EUR after conversion from EUR millions.",Avoues levy,Business,Business production and sector levies,Low-yield sector/professional levies,Droit affecté au fonds d’indemnisation de la profession d’avoués près les cours d’appel,Cour low-yield row classified from business/professional label.,"Business levy based on production, premises, turnover or sector activity.",yes,28900000,0.000990,0,
Droit annuel de francisation et de navigation,Gallicisation and navigation annual right (DAFN),Eurostat national-tax-list line classified as ESA code D59D. Economic function: consumption. Environmental/property tag: transport.,44000000,0.001507,"Eurostat, National Tax Lists - individual taxes, updated 22 Apr 2026; file: code/data/france_tax/eurostat_national_tax_lists_2025_2026-04-22.xlsx; FR sheet; STO D59D; DETAILS C02; 2024","Eurostat NTL covers general government plus EU institutions (S.13 + S.212), so local taxes are in scope.",Navigation duty,Goods/services,Transport and vehicle taxes,Vehicle/transport-use taxes,Droit annuel de francisation et de navigation,Direct UK equivalent: vehicle/transport taxes.,Duty on the registration or use of certain boats.,yes,44000000,0.001507,0,
Droit annuel de francisation et de navigation en Corse ; Droit de passeport en Corse,Low-yield service-related levy on capital paid by individuals,Low-yield service-related levy on capital paid by individuals. Collector: DGFiP. Beneficiary: Collectivité territoriale de Corse.,3968559,0.000136,"Cour des comptes, Les taxes a faible rendement, annex listing, Apr 2025; file: code/data/france_tax/20250417-annexe-listing-des-taxes-concernees.xlsx; Cour Inventaire sheet id 58; Enjeu 2024","Cour low-yield-tax inventory id 58. Status: En vigueur entre 2019 et 2024. Objective: Service rendu; payer: Particuliers; base: Capital. The Cour annex is an individual-tax inventory and may overlap with Eurostat grouped/aggregate NTL rows; do not sum both sources without reconciliation. English name is a descriptive label generated from the Cour structured fields; the Cour annex does not provide an official English legal title. Cour Enjeu 2019: EUR 4.567m. Revenue is the Cour 'enjeu 2024' figure, in EUR after conversion from EUR millions.",Corsica navigation duty,Goods/services,Transport and vehicle taxes,Low-yield consumption/service levies,Droit annuel de francisation et de navigation en Corse ; Droit de passeport en Corse,Cour low-yield row classified from legal label and base.,"Tax on vehicles, transport services or transport use.",yes,3968559,0.000136,0,
Droit d'examen du permis de chasse,Low-yield service-related levy on consumption paid by individuals,"Low-yield service-related levy on consumption paid by individuals. Collector: DGDDI. Beneficiary: Office français de la biodiversité (OFB), anciennement ONCFS.",600000,0.000021,"Cour des comptes, Les taxes a faible rendement, annex listing, Apr 2025; file: code/data/france_tax/20250417-annexe-listing-des-taxes-concernees.xlsx; Cour Inventaire sheet id 72; Enjeu 2024","Cour low-yield-tax inventory id 72. Status: En vigueur entre 2019 et 2024. Objective: Service rendu; payer: Particuliers; base: Consommation. The Cour annex is an individual-tax inventory and may overlap with Eurostat grouped/aggregate NTL rows; do not sum both sources without reconciliation. English name is a descriptive label generated from the Cour structured fields; the Cour annex does not provide an official English legal title. Cour Enjeu 2019: EUR 0.543m. Revenue is the Cour 'enjeu 2024' figure, in EUR after conversion from EUR millions.",Hunting licence 1,Other,Service-related tax-like charges,Low-yield administrative/service charges,Droit d'examen du permis de chasse,Cour service-related row classified from legal label.,Hunting licence charge counted as tax-like revenue.,yes,600000,0.000021,0,
Droit de licence sur la rémunération des débitants de tabac,Low-yield behavioural incentive levy on production paid by businesses,Low-yield behavioural incentive levy on production paid by businesses. Collector: DGDDI. Beneficiary: Caisse nationale d'assurance-maladie (CNAM).,360118595,0.012333,"Projet de loi de finances 2025, Voies et moyens tome 1, liste des taxes affectees; file: code/data/france_tax/plf2025_voies_moyens_taxes_affectees.xls; Cour Inventaire sheet id 64; execution 2024, tax label: Droit de licence sur la rémunération des débitants de tabacs","Cour low-yield-tax inventory id 64. Status: En vigueur entre 2019 et 2024. Objective: Incitation; payer: Entreprises; base: Production. The Cour annex is an individual-tax inventory and may overlap with Eurostat grouped/aggregate NTL rows; do not sum both sources without reconciliation. English name is a descriptive label generated from the Cour structured fields; the Cour annex does not provide an official English legal title. No Cour Enjeu 2024 figure; revenue uses an exact 2024 execution amount from execution 2024, tax label: Droit de licence sur la rémunération des débitants de tabacs.",Tobacco licence duty,Goods/services,"Alcohol, tobacco and drinks duties",Low-yield tobacco levies,Droit de licence sur la rémunération des débitants de tabac,Cour low-yield row classified from tobacco label.,Duty or levy on tobacco products.,yes,360118595,0.012333,0,
"Droit de timbre sur les demandes de naturalisation, les demandes de réintégration dans la nationalité française et les déclarations d'acquisition de la nationalité en raison du mariage",Low-yield service-related levy on consumption paid by individuals,Low-yield service-related levy on consumption paid by individuals. Collector: Ministère de l'intérieur. Beneficiary: Office français de l'immigration et de l'intégration (OFII).,,,"Cour des comptes, Les taxes a faible rendement, annex listing, Apr 2025; file: code/data/france_tax/20250417-annexe-listing-des-taxes-concernees.xlsx; Cour Inventaire sheet id 68; Enjeu 2024",Cour low-yield-tax inventory id 68. Status: En vigueur entre 2019 et 2024. Objective: Service rendu; payer: Particuliers; base: Consommation. The Cour annex is an individual-tax inventory and may overlap with Eurostat grouped/aggregate NTL rows; do not sum both sources without reconciliation. English name is a descriptive label generated from the Cour structured fields; the Cour annex does not provide an official English legal title. No known or estimated 2024 yield in the Cour annex; cannot be area-sized without an estimate.,Immigration document tax,Goods/services,Immigration/nationality charges classified as taxes,Low-yield consumption/service levies,"Droit de timbre sur les demandes de naturalisation, les demandes de réintégration dans la nationalité française et les déclarations d'acquisition de la nationalité en raison du mariage",Cour low-yield row classified from legal label and base.,Tax or compulsory charge grouped under goods/services.,no,,,0,
Droit de validation du permis de chasse,Low-yield service-related levy on consumption paid by individuals,"Low-yield service-related levy on consumption paid by individuals. Collector: Office français de la biodiversité (OFB), anciennement ONCFS. Beneficiary: Office français de la biodiversité (OFB), anciennement ONCFS.",5900748,0.000202,"Cour des comptes, Les taxes a faible rendement, annex listing, Apr 2025; file: code/data/france_tax/20250417-annexe-listing-des-taxes-concernees.xlsx; Cour Inventaire sheet id 69; Enjeu 2019 uprated to 2024 using INSEE CPI",Cour low-yield-tax inventory id 69. Status: En vigueur entre 2019 et 2024. Objective: Service rendu; payer: Particuliers; base: Consommation. The Cour annex is an individual-tax inventory and may overlap with Eurostat grouped/aggregate NTL rows; do not sum both sources without reconciliation. English name is a descriptive label generated from the Cour structured fields; the Cour annex does not provide an official English legal title. Cour Enjeu 2019: EUR 5.134m. No Cour Enjeu 2024 figure; revenue is an estimate from Cour Enjeu 2019 uprated to 2024 using INSEE annual-average CPI inflation for 2020-2024. CPI uprating factor used: 1.149347008.,Hunting licence 2,Other,Service-related tax-like charges,Low-yield administrative/service charges,Droit de validation du permis de chasse,Cour service-related row classified from legal label.,Hunting licence charge counted as tax-like revenue.,yes,5900748,0.000202,0,
"Droit de visa de régularisation, taxe de renouvellement du titre de séjour, taxe applicable aux documents de circulation pour étrangers mineurs et taxe perçue à l'occasion de la délivrance du premier titre de séjour (et titre de 10 ans)",Low-yield service-related levy on consumption paid by individuals,Low-yield service-related levy on consumption paid by individuals. Collector: DGFiP. Beneficiary: Office français de l'immigration et de l'intégration (OFII).,,,"Cour des comptes, Les taxes a faible rendement, annex listing, Apr 2025; file: code/data/france_tax/20250417-annexe-listing-des-taxes-concernees.xlsx; Cour Inventaire sheet id 70; Enjeu 2024",Cour low-yield-tax inventory id 70. Status: En vigueur entre 2019 et 2024. Objective: Service rendu; payer: Particuliers; base: Consommation. The Cour annex is an individual-tax inventory and may overlap with Eurostat grouped/aggregate NTL rows; do not sum both sources without reconciliation. English name is a descriptive label generated from the Cour structured fields; the Cour annex does not provide an official English legal title. No known or estimated 2024 yield in the Cour annex; cannot be area-sized without an estimate.,Immigration document tax,Goods/services,Immigration/nationality charges classified as taxes,Low-yield consumption/service levies,"Droit de visa de régularisation, taxe de renouvellement du titre de séjour, taxe applicable aux documents de circulation pour étrangers mineurs et taxe perçue à l'occasion de la délivrance du premier titre de séjour (et titre de 10 ans)",Cour low-yield row classified from legal label and base.,Tax or compulsory charge grouped under goods/services.,no,,,0,
Droit départemental de passage sur les ouvrages d'art reliant le continent aux îles maritimes,Low-yield service-related levy on consumption paid by individuals,Low-yield service-related levy on consumption paid by individuals. Collector: Exploitants d'ouvrages d'art reliant le continent aux îles maritimes. Beneficiary: Départements.,47739358,0.001635,"Cour des comptes, Les taxes a faible rendement, annex listing, Apr 2025; file: code/data/france_tax/20250417-annexe-listing-des-taxes-concernees.xlsx; Cour Inventaire sheet id 71; Enjeu 2024","Cour low-yield-tax inventory id 71. Status: En vigueur entre 2019 et 2024. Objective: Service rendu; payer: Particuliers; base: Consommation. The Cour annex is an individual-tax inventory and may overlap with Eurostat grouped/aggregate NTL rows; do not sum both sources without reconciliation. English name is a descriptive label generated from the Cour structured fields; the Cour annex does not provide an official English legal title. Cour Enjeu 2019: EUR 45.378m. Revenue is the Cour 'enjeu 2024' figure, in EUR after conversion from EUR millions.",Island bridge toll,Land,"Land, buildings and development levies",Low-yield property/development taxes,Droit départemental de passage sur les ouvrages d'art reliant le continent aux îles maritimes,Cour low-yield row classified from land/property label.,Departmental charge on bridges linking the mainland to maritime islands.,yes,47739358,0.001635,0,
Droit et contribution pour frais de contrôle,Low-yield service-related levy on production paid by businesses,Low-yield service-related levy on production paid by businesses. Collector: Autorité des marchés financiers (AMF). Beneficiary: Autorité des marchés financiers (AMF).,132389000,0.004534,"Cour des comptes, Les taxes a faible rendement, annex listing, Apr 2025; file: code/data/france_tax/20250417-annexe-listing-des-taxes-concernees.xlsx; Cour Inventaire sheet id 75; Enjeu 2024","Cour low-yield-tax inventory id 75. Status: En vigueur entre 2019 et 2024. Objective: Service rendu; payer: Entreprises; base: Production. The Cour annex is an individual-tax inventory and may overlap with Eurostat grouped/aggregate NTL rows; do not sum both sources without reconciliation. English name is a descriptive label generated from the Cour structured fields; the Cour annex does not provide an official English legal title. Cour Enjeu 2019: EUR 107.791m. Revenue is the Cour 'enjeu 2024' figure, in EUR after conversion from EUR millions.",AMF control fees,Business,Business production and sector levies,Low-yield sector/professional levies,Droit et contribution pour frais de contrôle,Cour low-yield row classified from business/professional label.,Financial-market supervision fees counted as tax-like revenue.,yes,132389000,0.004534,0,
Droit progressif sur l'enregistrement des produits homéopathiques,Low-yield service-related levy on production paid by businesses,Low-yield service-related levy on production paid by businesses. Collector: Agence nationale de sécurité du médicament et des produits de santé (ANSM). Beneficiary: Caisse nationale d'assurance-maladie (CNAM).,,,"Cour des comptes, Les taxes a faible rendement, annex listing, Apr 2025; file: code/data/france_tax/20250417-annexe-listing-des-taxes-concernees.xlsx; Cour Inventaire sheet id 77; Enjeu 2024",Cour low-yield-tax inventory id 77. Status: En vigueur entre 2019 et 2024. Objective: Service rendu; payer: Entreprises; base: Production. The Cour annex is an individual-tax inventory and may overlap with Eurostat grouped/aggregate NTL rows; do not sum both sources without reconciliation. English name is a descriptive label generated from the Cour structured fields; the Cour annex does not provide an official English legal title. No known or estimated 2024 yield in the Cour annex; cannot be area-sized without an estimate.,Sector levy,Business,Business production and sector levies,Low-yield pharmaceutical/health-product levies,Droit progressif sur l'enregistrement des produits homéopathiques,Cour low-yield row classified from pharmaceutical/health-product label.,"Business levy based on production, premises, turnover or sector activity.",no,,,0,
Droit progressif sur les demandes d'autorisation de mise sur le marché de médicaments,Low-yield service-related levy on production paid by businesses,Low-yield service-related levy on production paid by businesses. Collector: Agence nationale de sécurité du médicament et des produits de santé (ANSM). Beneficiary: Caisse nationale d'assurance-maladie (CNAM).,,,"Cour des comptes, Les taxes a faible rendement, annex listing, Apr 2025; file: code/data/france_tax/20250417-annexe-listing-des-taxes-concernees.xlsx; Cour Inventaire sheet id 78; Enjeu 2024",Cour low-yield-tax inventory id 78. Status: En vigueur entre 2019 et 2024. Objective: Service rendu; payer: Entreprises; base: Production. The Cour annex is an individual-tax inventory and may overlap with Eurostat grouped/aggregate NTL rows; do not sum both sources without reconciliation. English name is a descriptive label generated from the Cour structured fields; the Cour annex does not provide an official English legal title. No known or estimated 2024 yield in the Cour annex; cannot be area-sized without an estimate.,Sector levy,Business,Business production and sector levies,Low-yield pharmaceutical/health-product levies,Droit progressif sur les demandes d'autorisation de mise sur le marché de médicaments,Cour low-yield row classified from pharmaceutical/health-product label.,"Business levy based on production, premises, turnover or sector activity.",no,,,0,
Droit sur les inspections menées en vue de la délivrance d'un certificat de conformité,Low-yield service-related levy on consumption paid by businesses,Low-yield service-related levy on consumption paid by businesses. Collector: DGDDI. Beneficiary: Caisse nationale d'assurance-maladie (CNAM).,,,"Cour des comptes, Les taxes a faible rendement, annex listing, Apr 2025; file: code/data/france_tax/20250417-annexe-listing-des-taxes-concernees.xlsx; Cour Inventaire sheet id 79; Enjeu 2024",Cour low-yield-tax inventory id 79. Status: En vigueur entre 2019 et 2024. Objective: Service rendu; payer: Entreprises; base: Consommation. The Cour annex is an individual-tax inventory and may overlap with Eurostat grouped/aggregate NTL rows; do not sum both sources without reconciliation. English name is a descriptive label generated from the Cour structured fields; the Cour annex does not provide an official English legal title. No known or estimated 2024 yield in the Cour annex; cannot be area-sized without an estimate.,Low-yield service-related levy…,Goods/services,Insurance taxes,Low-yield insurance levies,Droit sur les inspections menées en vue de la délivrance d'un certificat de conformité,Cour low-yield row classified from insurance label.,Tax or levy on insurance contracts or premiums.,no,,,0,
Droit sur les produits bénéficiant d'une appellation d'origine ou d'une indication géographique protégée (INAO),Low-yield service-related levy on production paid by businesses,Low-yield service-related levy on production paid by businesses. Collector: Institut national de l'origine et de la qualité (INAO). Beneficiary: Institut national de l'origine et de la qualité (INAO).,6800000,0.000233,"Cour des comptes, Les taxes a faible rendement, annex listing, Apr 2025; file: code/data/france_tax/20250417-annexe-listing-des-taxes-concernees.xlsx; Cour Inventaire sheet id 80; Enjeu 2024","Cour low-yield-tax inventory id 80. Status: En vigueur entre 2019 et 2024. Objective: Service rendu; payer: Entreprises; base: Production. The Cour annex is an individual-tax inventory and may overlap with Eurostat grouped/aggregate NTL rows; do not sum both sources without reconciliation. English name is a descriptive label generated from the Cour structured fields; the Cour annex does not provide an official English legal title. Cour Enjeu 2019: EUR 6.95m. Revenue is the Cour 'enjeu 2024' figure, in EUR after conversion from EUR millions.",Origin-label duty,Business,Business production and sector levies,Low-yield sector/professional levies,Droit sur les produits bénéficiant d'une appellation d'origine ou d'une indication géographique protégée (INAO),Cour low-yield row classified from business/professional label.,"Business levy based on production, premises, turnover or sector activity.",yes,6800000,0.000233,0,
Droits assimilés au droit d'octroi de mer sur les rhums et spiritueux à base d'alcool de cru,Low-yield behavioural incentive levy on production paid by businesses,Low-yield behavioural incentive levy on production paid by businesses. Collector: DGDDI. Beneficiary: Collectivités territoriales de l'outre-mer.,4060304,0.000139,"Cour des comptes, Les taxes a faible rendement, annex listing, Apr 2025; file: code/data/france_tax/20250417-annexe-listing-des-taxes-concernees.xlsx; Cour Inventaire sheet id 81; Enjeu 2024","Cour low-yield-tax inventory id 81. Status: En vigueur entre 2019 et 2024. Objective: Incitation; payer: Entreprises; base: Production. The Cour annex is an individual-tax inventory and may overlap with Eurostat grouped/aggregate NTL rows; do not sum both sources without reconciliation. English name is a descriptive label generated from the Cour structured fields; the Cour annex does not provide an official English legal title. Cour Enjeu 2019: EUR 4.093m. Revenue is the Cour 'enjeu 2024' figure, in EUR after conversion from EUR millions.",Rum duty,Goods/services,"Alcohol, tobacco and drinks duties",Low-yield consumption/service levies,Droits assimilés au droit d'octroi de mer sur les rhums et spiritueux à base d'alcool de cru,Cour low-yield row classified from legal label and base.,Duty on rum and similar spirits.,yes,4060304,0.000139,0,
Droits d'enregistrement (y compris taxe additionnelle),Registration taxes (additional tax),Eurostat national-tax-list line classified as ESA code D214C. Economic function: capital/stock of wealth. Environmental/property tag: other property.,14663000000,0.502175,"Eurostat, National Tax Lists - individual taxes, updated 22 Apr 2026; file: code/data/france_tax/eurostat_national_tax_lists_2025_2026-04-22.xlsx; FR sheet; STO D214C; DETAILS C01; 2024","Eurostat NTL covers general government plus EU institutions (S.13 + S.212), so local taxes are in scope.",Registration duties,Land,Property transaction and registration taxes,Transfer/registration taxes,Droits d'enregistrement (y compris taxe additionnelle),UK-equivalent treatment: property-transfer duties sit with land/property taxes.,Registration duties on legal acts and transactions.,yes,14663000000,0.502175,0,
Droits d'enregistrement sur les mutations de jouissance (baux d'immeubles et commerciaux à durée limitée),Low-yield service-related levy on capital paid by individuals,Low-yield service-related levy on capital paid by individuals. Collector: DGFiP. Beneficiary: Budget général.,,,"Cour des comptes, Les taxes a faible rendement, annex listing, Apr 2025; file: code/data/france_tax/20250417-annexe-listing-des-taxes-concernees.xlsx; Cour Inventaire sheet id 84; Enjeu 2024",Cour low-yield-tax inventory id 84. Status: En vigueur entre 2019 et 2024. Objective: Service rendu; payer: Particuliers; base: Capital. The Cour annex is an individual-tax inventory and may overlap with Eurostat grouped/aggregate NTL rows; do not sum both sources without reconciliation. English name is a descriptive label generated from the Cour structured fields; the Cour annex does not provide an official English legal title. No known or estimated 2024 yield in the Cour annex; cannot be area-sized without an estimate.,Lease duty,Land,"Land, buildings and development levies",Low-yield property/development taxes,Droits d'enregistrement sur les mutations de jouissance (baux d'immeubles et commerciaux à durée limitée),Cour low-yield row classified from land/property label.,Tax or compulsory charge grouped under land.,no,,,0,
"Droits d'enregistrement sur les mutations de jouissance (baux à durée limitée, concessions de licences d'exploitation de brevets)",Low-yield service-related levy on capital paid by individuals,Low-yield service-related levy on capital paid by individuals. Collector: DGFiP. Beneficiary: Budget général.,,,"Cour des comptes, Les taxes a faible rendement, annex listing, Apr 2025; file: code/data/france_tax/20250417-annexe-listing-des-taxes-concernees.xlsx; Cour Inventaire sheet id 83; Enjeu 2024",Cour low-yield-tax inventory id 83. Status: En vigueur entre 2019 et 2024. Objective: Service rendu; payer: Particuliers; base: Capital. The Cour annex is an individual-tax inventory and may overlap with Eurostat grouped/aggregate NTL rows; do not sum both sources without reconciliation. English name is a descriptive label generated from the Cour structured fields; the Cour annex does not provide an official English legal title. No known or estimated 2024 yield in the Cour annex; cannot be area-sized without an estimate.,Lease duty,Wealth,Other capital taxes,Low-yield capital/wealth levies,"Droits d'enregistrement sur les mutations de jouissance (baux à durée limitée, concessions de licences d'exploitation de brevets)",Cour low-yield row classified from Cour capital base.,Tax or compulsory charge grouped under wealth.,no,,,0,
Droits d'importation,Imports duties,Eurostat national-tax-list line classified as ESA code D2121. Economic function: consumption.,2600000000,0.089044,"Eurostat, National Tax Lists - individual taxes, updated 22 Apr 2026; file: code/data/france_tax/eurostat_national_tax_lists_2025_2026-04-22.xlsx; FR sheet; STO D2121; DETAILS C02; 2024","Eurostat NTL covers general government plus EU institutions (S.13 + S.212), so local taxes are in scope.",Import duties,Goods/services,Import and border taxes,Customs/dock/import lines,Droits d'importation,Direct UK equivalent: customs/import duties; octroi de mer treated as a goods/import consumption tax.,Customs duties on imports.,yes,2600000000,0.089044,0,
Droits de plaidoirie,Low-yield market-failure correction levy on consumption paid by individuals,Low-yield market-failure correction levy on consumption paid by individuals. Collector: Caisses des règlements pécuniaires des avocats (CARPA). Beneficiary: Caisse nationale des barreaux français (CNBF).,5000000,0.000171,"Cour des comptes, Les taxes a faible rendement, annex listing, Apr 2025; file: code/data/france_tax/20250417-annexe-listing-des-taxes-concernees.xlsx; Cour Inventaire sheet id 82; Enjeu 2024","Cour low-yield-tax inventory id 82. Status: En vigueur entre 2019 et 2024. Objective: Correction défaillance marché; payer: Particuliers; base: Consommation. The Cour annex is an individual-tax inventory and may overlap with Eurostat grouped/aggregate NTL rows; do not sum both sources without reconciliation. English name is a descriptive label generated from the Cour structured fields; the Cour annex does not provide an official English legal title. Cour Enjeu 2019: EUR 11m. Revenue is the Cour 'enjeu 2024' figure, in EUR after conversion from EUR millions.",Advocacy rights,Other,Service-related tax-like charges,Low-yield administrative/service charges,Droits de plaidoirie,Cour service-related row classified from legal label.,Small court-related charge on legal pleadings.,yes,5000000,0.000171,0,
Enregistrement des médicaments traditionnels à base de plantes,Low-yield service-related levy on production paid by businesses,Low-yield service-related levy on production paid by businesses. Collector: Agence nationale de sécurité du médicament et des produits de santé (ANSM). Beneficiary: Caisse nationale d'assurance-maladie (CNAM).,,,"Cour des comptes, Les taxes a faible rendement, annex listing, Apr 2025; file: code/data/france_tax/20250417-annexe-listing-des-taxes-concernees.xlsx; Cour Inventaire sheet id 86; Enjeu 2024",Cour low-yield-tax inventory id 86. Status: En vigueur entre 2019 et 2024. Objective: Service rendu; payer: Entreprises; base: Production. The Cour annex is an individual-tax inventory and may overlap with Eurostat grouped/aggregate NTL rows; do not sum both sources without reconciliation. English name is a descriptive label generated from the Cour structured fields; the Cour annex does not provide an official English legal title. No known or estimated 2024 yield in the Cour annex; cannot be area-sized without an estimate.,Sector levy,Business,Business production and sector levies,Low-yield pharmaceutical/health-product levies,Enregistrement des médicaments traditionnels à base de plantes,Cour low-yield row classified from pharmaceutical/health-product label.,"Business levy based on production, premises, turnover or sector activity.",no,,,0,
Foncier bâti,Tax on real-estate properties,Eurostat national-tax-list line classified as ESA code D29A. Economic function: capital/stock of wealth. Environmental/property tag: recurrent immovable property.,42059000000,1.440426,"Eurostat, National Tax Lists - individual taxes, updated 22 Apr 2026; file: code/data/france_tax/eurostat_national_tax_lists_2025_2026-04-22.xlsx; FR sheet; STO D29A; DETAILS C03; 2024","Eurostat NTL covers general government plus EU institutions (S.13 + S.212), so local taxes are in scope.",Built property tax,Land,Recurrent land and property taxes,Land/buildings/business premises,Foncier bâti,UK-equivalent treatment: land/property taxes align with council tax/business rates/property taxes.,Local tax on developed land and buildings.,yes,41373780520,1.416959,-685219480,"Netted Cour known-yield overlap for Land / Land, buildings and development levies."
Foncier non-bâti (partie),Tax on non-developed land properties,Eurostat national-tax-list line classified as ESA code D29A. Economic function: capital/stock of wealth. Environmental/property tag: recurrent immovable property.,883000000,0.030241,"Eurostat, National Tax Lists - individual taxes, updated 22 Apr 2026; file: code/data/france_tax/eurostat_national_tax_lists_2025_2026-04-22.xlsx; FR sheet; STO D29A; DETAILS C04; 2024","Eurostat NTL covers general government plus EU institutions (S.13 + S.212), so local taxes are in scope.",Land tax,Land,Recurrent land and property taxes,Land/buildings/business premises,Foncier non-bâti (partie),UK-equivalent treatment: land/property taxes align with council tax/business rates/property taxes.,Local tax on undeveloped land.,yes,883000000,0.030241,0,
Forfait social,"Corporate social contributions (""forfeit social"")",Eurostat national-tax-list line classified as ESA code D29C. Economic function: employer labour.,6300000000,0.215761,"Eurostat, National Tax Lists - individual taxes, updated 22 Apr 2026; file: code/data/france_tax/eurostat_national_tax_lists_2025_2026-04-22.xlsx; FR sheet; STO D29C; DETAILS C09; 2024","Eurostat NTL covers general government plus EU institutions (S.13 + S.212), so local taxes are in scope.",Forfait social,Employment,Employer payroll and labour levies,Payroll levies,Forfait social,"UK-equivalent treatment: employer payroll levies sit with employment taxes, like apprenticeship levy/NICs.",Employer charge on some employee benefits and remuneration not subject to normal social contributions.,yes,6300000000,0.215761,0,
Fraction des droits de timbre sur les cartes nationales d'identité,Low-yield service-related levy on consumption paid by individuals,"Low-yield service-related levy on consumption paid by individuals. Collector: DGFiP. Beneficiary: France Titres, anciennement ANTS.",23920000,0.000819,"Cour des comptes, Les taxes a faible rendement, annex listing, Apr 2025; file: code/data/france_tax/20250417-annexe-listing-des-taxes-concernees.xlsx; Cour Inventaire sheet id 87; Enjeu 2024","Cour low-yield-tax inventory id 87. Status: En vigueur entre 2019 et 2024. Objective: Service rendu; payer: Particuliers; base: Consommation. The Cour annex is an individual-tax inventory and may overlap with Eurostat grouped/aggregate NTL rows; do not sum both sources without reconciliation. English name is a descriptive label generated from the Cour structured fields; the Cour annex does not provide an official English legal title. Cour Enjeu 2019: EUR 22.355m. Revenue is the Cour 'enjeu 2024' figure, in EUR after conversion from EUR millions.",ID card stamp duty,Other,Service-related tax-like charges,Low-yield administrative/service charges,Fraction des droits de timbre sur les cartes nationales d'identité,Cour service-related row without clearer UK-equivalent category.,Stamp duty on national identity cards.,yes,23920000,0.000819,0,
Fraction des produits annuels de la vente de biens confisqués,Low-yield budget-raising levy on capital paid by individuals,Low-yield budget-raising levy on capital paid by individuals. Collector: DGDDI. Beneficiary: Agence de gestion et de recouvrement des avoirs saisis et confisqués (AGRASC).,145900000,0.004997,"Cour des comptes, Les taxes a faible rendement, annex listing, Apr 2025; file: code/data/france_tax/20250417-annexe-listing-des-taxes-concernees.xlsx; Cour Inventaire sheet id 89; Enjeu 2024","Cour low-yield-tax inventory id 89. Status: En vigueur entre 2019 et 2024. Objective: Rendement; payer: Particuliers; base: Capital. The Cour annex is an individual-tax inventory and may overlap with Eurostat grouped/aggregate NTL rows; do not sum both sources without reconciliation. English name is a descriptive label generated from the Cour structured fields; the Cour annex does not provide an official English legal title. Cour Enjeu 2019: EUR 148.09m. Revenue is the Cour 'enjeu 2024' figure, in EUR after conversion from EUR millions.",Confiscated assets levy,Wealth,Inheritance and gifts,Low-yield inheritance/gift/capital-transfer levies,Fraction des produits annuels de la vente de biens confisqués,Cour low-yield row classified from capital-transfer label.,Tax on inheritances or lifetime gifts.,yes,145900000,0.004997,0,
Fraction du produit des successions en déshérence,Low-yield budget-raising levy on capital paid by businesses,Low-yield budget-raising levy on capital paid by businesses. Collector: DGFiP. Beneficiary: Fondation du patrimoine.,,,"Cour des comptes, Les taxes a faible rendement, annex listing, Apr 2025; file: code/data/france_tax/20250417-annexe-listing-des-taxes-concernees.xlsx; Cour Inventaire sheet id 91; Enjeu 2024",Cour low-yield-tax inventory id 91. Status: En vigueur entre 2019 et 2024. Objective: Rendement; payer: Entreprises; base: Capital. The Cour annex is an individual-tax inventory and may overlap with Eurostat grouped/aggregate NTL rows; do not sum both sources without reconciliation. English name is a descriptive label generated from the Cour structured fields; the Cour annex does not provide an official English legal title. No known or estimated 2024 yield in the Cour annex; cannot be area-sized without an estimate.,Estates levy,Wealth,Inheritance and gifts,Low-yield inheritance/gift/capital-transfer levies,Fraction du produit des successions en déshérence,Cour low-yield row classified from capital-transfer label.,Tax on inheritances or lifetime gifts.,no,,,0,
Frais d'inscription au registre des exploitants de voitures de transport avec chauffeur,Low-yield service-related levy on production paid by individuals,Low-yield service-related levy on production paid by individuals. Collector: Ministère des transports et de la mobilité durable. Beneficiary: Budget général.,,,"Cour des comptes, Les taxes a faible rendement, annex listing, Apr 2025; file: code/data/france_tax/20250417-annexe-listing-des-taxes-concernees.xlsx; Cour Inventaire sheet id 92; Enjeu 2024",Cour low-yield-tax inventory id 92. Status: En vigueur entre 2019 et 2024. Objective: Service rendu; payer: Particuliers; base: Production. The Cour annex is an individual-tax inventory and may overlap with Eurostat grouped/aggregate NTL rows; do not sum both sources without reconciliation. English name is a descriptive label generated from the Cour structured fields; the Cour annex does not provide an official English legal title. No known or estimated 2024 yield in the Cour annex; cannot be area-sized without an estimate.,Transport levy,Goods/services,Transport and vehicle taxes,Low-yield consumption/service levies,Frais d'inscription au registre des exploitants de voitures de transport avec chauffeur,Cour low-yield row classified from legal label and base.,"Tax on vehicles, transport services or transport use.",no,,,0,
Garantie des matières d'or et d'argent,Low-yield service-related levy on consumption paid by individuals,Low-yield service-related levy on consumption paid by individuals. Collector: DGDDI. Beneficiary: Budget général.,61045,0.000002,"Cour des comptes, Les taxes a faible rendement, annex listing, Apr 2025; file: code/data/france_tax/20250417-annexe-listing-des-taxes-concernees.xlsx; Cour Inventaire sheet id 93; Enjeu 2019 uprated to 2024 using INSEE CPI",Cour low-yield-tax inventory id 93. Status: En vigueur entre 2019 et 2024. Objective: Service rendu; payer: Particuliers; base: Consommation. The Cour annex is an individual-tax inventory and may overlap with Eurostat grouped/aggregate NTL rows; do not sum both sources without reconciliation. English name is a descriptive label generated from the Cour structured fields; the Cour annex does not provide an official English legal title. Cour Enjeu 2019: EUR 0.053113m. No Cour Enjeu 2024 figure; revenue is an estimate from Cour Enjeu 2019 uprated to 2024 using INSEE annual-average CPI inflation for 2020-2024. CPI uprating factor used: 1.149347008.,Gold/silver assay duty,Other,Service-related tax-like charges,Low-yield administrative/service charges,Garantie des matières d'or et d'argent,Cour service-related row classified from legal label.,Assay duty on gold and silver articles.,yes,61045,0.000002,0,
Imposition forfaitaire sur le matériel roulant circulant sur le réseau de transport ferroviaire et guidé géré par la RATP - IFER-STIF RATP,Low-yield budget-raising levy on production paid by businesses,Low-yield budget-raising levy on production paid by businesses. Collector: DGFiP. Beneficiary: Société des grands projets (SGP).,84014443,0.002877,"Cour des comptes, Les taxes a faible rendement, annex listing, Apr 2025; file: code/data/france_tax/20250417-annexe-listing-des-taxes-concernees.xlsx; Cour Inventaire sheet id 94; Enjeu 2024","Cour low-yield-tax inventory id 94. Status: En vigueur entre 2019 et 2024. Objective: Rendement; payer: Entreprises; base: Production. The Cour annex is an individual-tax inventory and may overlap with Eurostat grouped/aggregate NTL rows; do not sum both sources without reconciliation. English name is a descriptive label generated from the Cour structured fields; the Cour annex does not provide an official English legal title. Cour Enjeu 2019: EUR 73.8m. Revenue is the Cour 'enjeu 2024' figure, in EUR after conversion from EUR millions.",Transport levy 1,Goods/services,Transport and vehicle taxes,Low-yield consumption/service levies,Imposition forfaitaire sur le matériel roulant circulant sur le réseau de transport ferroviaire et guidé géré par la RATP - IFER-STIF RATP,Cour low-yield row classified from legal label and base.,"Tax on vehicles, transport services or transport use.",yes,84014443,0.002877,0,
Imposition forfaitaire sur les centrales de production d’énergie électrique d’origine photovoltaïque ou hydraulique,Low-yield budget-raising levy on production paid by businesses,Low-yield budget-raising levy on production paid by businesses. Collector: DGFiP. Beneficiary: Communes / EPCI / Départements.,,,"Cour des comptes, Les taxes a faible rendement, annex listing, Apr 2025; file: code/data/france_tax/20250417-annexe-listing-des-taxes-concernees.xlsx; Cour Inventaire sheet id 95; Enjeu 2024",Cour low-yield-tax inventory id 95. Status: En vigueur entre 2019 et 2024. Objective: Rendement; payer: Entreprises; base: Production. The Cour annex is an individual-tax inventory and may overlap with Eurostat grouped/aggregate NTL rows; do not sum both sources without reconciliation. English name is a descriptive label generated from the Cour structured fields; the Cour annex does not provide an official English legal title. No known or estimated 2024 yield in the Cour annex; cannot be area-sized without an estimate.,Sector levy,Business,Business production and sector levies,Low-yield sector/professional levies,Imposition forfaitaire sur les centrales de production d’énergie électrique d’origine photovoltaïque ou hydraulique,Cour low-yield row classified from business/professional label.,"Business levy based on production, premises, turnover or sector activity.",no,,,0,
Imposition forfaitaire sur les réseaux de gaz naturel et canalisations d’hydrocarbures,Low-yield budget-raising levy on production paid by businesses,Low-yield budget-raising levy on production paid by businesses. Collector: DGFiP. Beneficiary: Communes / EPCI / Départements.,,,"Cour des comptes, Les taxes a faible rendement, annex listing, Apr 2025; file: code/data/france_tax/20250417-annexe-listing-des-taxes-concernees.xlsx; Cour Inventaire sheet id 97; Enjeu 2024",Cour low-yield-tax inventory id 97. Status: En vigueur entre 2019 et 2024. Objective: Rendement; payer: Entreprises; base: Production. The Cour annex is an individual-tax inventory and may overlap with Eurostat grouped/aggregate NTL rows; do not sum both sources without reconciliation. English name is a descriptive label generated from the Cour structured fields; the Cour annex does not provide an official English legal title. No known or estimated 2024 yield in the Cour annex; cannot be area-sized without an estimate.,Hydrocarbon tax,Goods/services,Energy and fuel duties,Low-yield consumption/service levies,Imposition forfaitaire sur les réseaux de gaz naturel et canalisations d’hydrocarbures,Cour low-yield row classified from legal label and base.,Levy on the production of liquid or gaseous hydrocarbons.,no,,,0,
Imposition forfaitaire sur les éoliennes et les hydroliennes,Low-yield budget-raising levy on production paid by businesses,Low-yield budget-raising levy on production paid by businesses. Collector: DGFiP. Beneficiary: Communes / EPCI / Départements.,123792718,0.004240,"Cour des comptes, Les taxes a faible rendement, annex listing, Apr 2025; file: code/data/france_tax/20250417-annexe-listing-des-taxes-concernees.xlsx; Cour Inventaire sheet id 96; Enjeu 2019 uprated to 2024 using INSEE CPI",Cour low-yield-tax inventory id 96. Status: En vigueur entre 2019 et 2024. Objective: Rendement; payer: Entreprises; base: Production. The Cour annex is an individual-tax inventory and may overlap with Eurostat grouped/aggregate NTL rows; do not sum both sources without reconciliation. English name is a descriptive label generated from the Cour structured fields; the Cour annex does not provide an official English legal title. Cour Enjeu 2019: EUR 107.707m. No Cour Enjeu 2024 figure; revenue is an estimate from Cour Enjeu 2019 uprated to 2024 using INSEE annual-average CPI inflation for 2020-2024. CPI uprating factor used: 1.149347008.,Wind farm tax 1,Environmental,"Carbon, energy-transition and extraction levies",Low-yield emissions/resource levies,Imposition forfaitaire sur les éoliennes et les hydroliennes,Cour low-yield row classified from carbon/resource/energy-transition label.,Tax on wind farms or marine turbines.,yes,123792718,0.004240,0,
Imposition sur les pylônes,Tax on electric pylons,Eurostat national-tax-list line classified as ESA code D29A. Economic function: capital/stock of wealth. Environmental/property tag: energy.,348000000,0.011918,"Eurostat, National Tax Lists - individual taxes, updated 22 Apr 2026; file: code/data/france_tax/eurostat_national_tax_lists_2025_2026-04-22.xlsx; FR sheet; STO D29A; DETAILS C15; 2024","Eurostat NTL covers general government plus EU institutions (S.13 + S.212), so local taxes are in scope.",Pylon tax,Environmental,Energy-network environmental levies,Energy infrastructure/environmental levies,Imposition sur les pylônes,Classified with environmental taxes because Eurostat marks it with an energy/environmental tag.,Tax on electricity pylons.,yes,348000000,0.011918,0,
Impositions forfaitaires sur les entreprises de réseaux,Flat-rate tax on network corporations,Eurostat national-tax-list line classified as ESA code D29A. Economic function: capital/stock of wealth. Environmental/property tag: energy.,1864000000,0.063838,"Eurostat, National Tax Lists - individual taxes, updated 22 Apr 2026; file: code/data/france_tax/eurostat_national_tax_lists_2025_2026-04-22.xlsx; FR sheet; STO D29A; DETAILS C10; 2024","Eurostat NTL covers general government plus EU institutions (S.13 + S.212), so local taxes are in scope.",Network business tax,Business,Business production and sector levies,Production/sector levies,Impositions forfaitaires sur les entreprises de réseaux,French-specific production/sector business levy.,"Flat-rate taxes on network businesses such as energy, telecoms and transport infrastructure.",yes,1864000000,0.063838,0,
Impôt de solidarité sur la fortune (jusque 2017) / Impôt sur la fortune immobilière (à partir de 2018),"Wealth tax (ISF until 2017, IFI from 2018 onwards)",Eurostat national-tax-list line classified as ESA code D59A. Economic function: capital/stock of wealth. Environmental/property tag: other property.,2678000000,0.091715,"Eurostat, National Tax Lists - individual taxes, updated 22 Apr 2026; file: code/data/france_tax/eurostat_national_tax_lists_2025_2026-04-22.xlsx; FR sheet; STO D59A; DETAILS C02; 2024","Eurostat NTL covers general government plus EU institutions (S.13 + S.212), so local taxes are in scope.",Real estate wealth tax,Wealth,Wealth taxes,Annual wealth/real-estate wealth taxes,Impôt de solidarité sur la fortune (jusque 2017) / Impôt sur la fortune immobilière (à partir de 2018),UK-equivalent treatment: annual wealth taxes sit with wealth.,Annual wealth tax on high-value real estate.,yes,2678000000,0.091715,0,
Impôt sur le revenu,Personal income tax,Eurostat national-tax-list line classified as ESA code D51M. Economic function: SPLIT1.,96163000000,3.293366,"Eurostat, National Tax Lists - individual taxes, updated 22 Apr 2026; file: code/data/france_tax/eurostat_national_tax_lists_2025_2026-04-22.xlsx; FR sheet; STO D51M; DETAILS C07; 2024","Eurostat NTL covers general government plus EU institutions (S.13 + S.212), so local taxes are in scope.",Income tax,Employment,Personal income and social taxes,Income/social contribution hybrids,Impôt sur le revenu,CSG/CRDS/PIT are not split by source in this table; kept with employment/personal income taxes.,France's personal income tax.,yes,94969000000,3.252474,-1194000000,Netted D995 uncollectible adjustment from Less: Impôts sur le revenu dus non recouvrables.
Impôts sur les sociétés y compris majoration et frais de poursuite,Corporation income tax including surcharges,Eurostat national-tax-list line classified as ESA code D51O. Economic function: corporate capital income.,67998000000,2.328778,"Eurostat, National Tax Lists - individual taxes, updated 22 Apr 2026; file: code/data/france_tax/eurostat_national_tax_lists_2025_2026-04-22.xlsx; FR sheet; STO D51O; DETAILS C04; 2024","Eurostat NTL covers general government plus EU institutions (S.13 + S.212), so local taxes are in scope.",Corporation tax,Business,Profit and sector taxes,Corporate and sector profits,Impôts sur les sociétés y compris majoration et frais de poursuite,UK-equivalent treatment: corporation/profit/sector levies sit with business taxes.,France's corporation tax on company profits.,yes,67998000000,2.328778,0,
Indemnité de défrichement,Low-yield behavioural incentive levy on production paid by businesses,Low-yield behavioural incentive levy on production paid by businesses. Collector: DGDDI. Beneficiary: Fonds forestier national (FFN).,3000000,0.000103,"Cour des comptes, Les taxes a faible rendement, annex listing, Apr 2025; file: code/data/france_tax/20250417-annexe-listing-des-taxes-concernees.xlsx; Cour Inventaire sheet id 98; Enjeu 2024","Cour low-yield-tax inventory id 98. Status: En vigueur entre 2019 et 2024. Objective: Incitation; payer: Entreprises; base: Production. The Cour annex is an individual-tax inventory and may overlap with Eurostat grouped/aggregate NTL rows; do not sum both sources without reconciliation. English name is a descriptive label generated from the Cour structured fields; the Cour annex does not provide an official English legal title. Cour Enjeu 2019: EUR 4.148m. Revenue is the Cour 'enjeu 2024' figure, in EUR after conversion from EUR millions.",Deforestation levy,Business,Business production and sector levies,Low-yield sector/professional levies,Indemnité de défrichement,Cour low-yield row classified from business/professional label.,"Business levy based on production, premises, turnover or sector activity.",yes,3000000,0.000103,0,
Less: Autres impôts courants dus non recouvrables,Less: Other current taxes assessed but unlikely to be collected (2),Eurostat national-tax-list line classified as ESA code D995D.,-36000000,-0.001233,"Eurostat, National Tax Lists - individual taxes, updated 22 Apr 2026; file: code/data/france_tax/eurostat_national_tax_lists_2025_2026-04-22.xlsx; FR sheet; STO D995D; DETAILS _T; 2024","Negative adjustment: Eurostat D995 taxes/social contributions assessed but unlikely to be collected, included to convert gross assessed tax/social contribution rows to an amount-collected basis. Eurostat NTL covers general government plus EU institutions (S.13 + S.212), so local taxes are in scope.",Less: Other current taxes asses…,Other,Uncollectible adjustments,Other current taxes,,Eurostat D995 negative adjustment.,Technical adjustment used to avoid double-counting in the chart.,no,,,0,Negative source/reconciliation row excluded from chart and used only to reduce positive comparable rows.
Less: Autres impôts sur la production dus non recouvrables,Less: Other taxes on production assessed but unlikely to be collected (2),Eurostat national-tax-list line classified as ESA code D995B.,-481000000,-0.016473,"Eurostat, National Tax Lists - individual taxes, updated 22 Apr 2026; file: code/data/france_tax/eurostat_national_tax_lists_2025_2026-04-22.xlsx; FR sheet; STO D995B; DETAILS _T; 2024","Negative adjustment: Eurostat D995 taxes/social contributions assessed but unlikely to be collected, included to convert gross assessed tax/social contribution rows to an amount-collected basis. Eurostat NTL covers general government plus EU institutions (S.13 + S.212), so local taxes are in scope.",Less: Other taxes on production…,Business,Uncollectible adjustments,Production taxes,,Eurostat D995 negative adjustment.,Technical adjustment used to avoid double-counting in the chart.,no,,,0,Negative source/reconciliation row excluded from chart and used only to reduce positive comparable rows.
Less: Cotisations sociales effectives à la charge des employeurs dues non recouvrables,Less: Employers' actual social contributions assessed but unlikely to be collected (2),Eurostat national-tax-list line classified as ESA code D995E.,-2018000000,-0.069112,"Eurostat, National Tax Lists - individual taxes, updated 22 Apr 2026; file: code/data/france_tax/eurostat_national_tax_lists_2025_2026-04-22.xlsx; FR sheet; STO D995E; DETAILS _T; 2024","Negative adjustment: Eurostat D995 taxes/social contributions assessed but unlikely to be collected, included to convert gross assessed tax/social contribution rows to an amount-collected basis. Eurostat NTL covers general government plus EU institutions (S.13 + S.212), so local taxes are in scope.",Less: Employers' actual social…,Employment,Uncollectible adjustments,Social contributions,,Eurostat D995 negative adjustment.,Technical adjustment used to avoid double-counting in the chart.,no,,,0,Negative source/reconciliation row excluded from chart and used only to reduce positive comparable rows.
Less: Cotisations sociales effectives à la charge des personnes n'occupant pas d'emploi dues non recouvrables,Less: Actual social contributions by non-employed persons assessed but unlikely to be collected (1),Eurostat national-tax-list line classified as ESA code D995FN.,-27000000,-0.000925,"Eurostat, National Tax Lists - individual taxes, updated 22 Apr 2026; file: code/data/france_tax/eurostat_national_tax_lists_2025_2026-04-22.xlsx; FR sheet; STO D995FN; DETAILS _T; 2024","Negative adjustment: Eurostat D995 taxes/social contributions assessed but unlikely to be collected, included to convert gross assessed tax/social contribution rows to an amount-collected basis. Eurostat NTL covers general government plus EU institutions (S.13 + S.212), so local taxes are in scope.",Less: Actual social levys by no…,Employment,Uncollectible adjustments,Social contributions,,Eurostat D995 negative adjustment.,Technical adjustment used to avoid double-counting in the chart.,no,,,0,Negative source/reconciliation row excluded from chart and used only to reduce positive comparable rows.
Less: Cotisations sociales effectives à la charge des salariés dues non recouvrables,Less: Employees' actual social contributions assessed but unlikely to be collected (2),Eurostat national-tax-list line classified as ESA code D995FE.,-667000000,-0.022843,"Eurostat, National Tax Lists - individual taxes, updated 22 Apr 2026; file: code/data/france_tax/eurostat_national_tax_lists_2025_2026-04-22.xlsx; FR sheet; STO D995FE; DETAILS _T; 2024","Negative adjustment: Eurostat D995 taxes/social contributions assessed but unlikely to be collected, included to convert gross assessed tax/social contribution rows to an amount-collected basis. Eurostat NTL covers general government plus EU institutions (S.13 + S.212), so local taxes are in scope.",Less: Employees' actual social…,Employment,Uncollectible adjustments,Social contributions,,Eurostat D995 negative adjustment.,Technical adjustment used to avoid double-counting in the chart.,no,,,0,Negative source/reconciliation row excluded from chart and used only to reduce positive comparable rows.
Less: Cotisations sociales effectives à la charge des travailleurs indépendants dues non recouvrables,Less: Actual social contributions by self-employed persons assessed but unlikely to be collected (1),Eurostat national-tax-list line classified as ESA code D995FS.,-198000000,-0.006781,"Eurostat, National Tax Lists - individual taxes, updated 22 Apr 2026; file: code/data/france_tax/eurostat_national_tax_lists_2025_2026-04-22.xlsx; FR sheet; STO D995FS; DETAILS _T; 2024","Negative adjustment: Eurostat D995 taxes/social contributions assessed but unlikely to be collected, included to convert gross assessed tax/social contribution rows to an amount-collected basis. Eurostat NTL covers general government plus EU institutions (S.13 + S.212), so local taxes are in scope.",Less: Actual social levys by se…,Employment,Uncollectible adjustments,Social contributions,,Eurostat D995 negative adjustment.,Technical adjustment used to avoid double-counting in the chart.,no,,,0,Negative source/reconciliation row excluded from chart and used only to reduce positive comparable rows.
Less: Impôts sur le revenu dus non recouvrables,Less: Taxes on income assessed but unlikely to be collected (2),Eurostat national-tax-list line classified as ESA code D995C.,-1194000000,-0.040892,"Eurostat, National Tax Lists - individual taxes, updated 22 Apr 2026; file: code/data/france_tax/eurostat_national_tax_lists_2025_2026-04-22.xlsx; FR sheet; STO D995C; DETAILS _T; 2024","Negative adjustment: Eurostat D995 taxes/social contributions assessed but unlikely to be collected, included to convert gross assessed tax/social contribution rows to an amount-collected basis. Eurostat NTL covers general government plus EU institutions (S.13 + S.212), so local taxes are in scope.",Less: Taxes on income assessed…,Employment,Uncollectible adjustments,Income taxes,,Eurostat D995 negative adjustment.,Technical adjustment used to avoid double-counting in the chart.,no,,,0,Negative source/reconciliation row excluded from chart and used only to reduce positive comparable rows.
Majoration de la taxe sur les assurances de protection juridique au profit du Conseil national des barreaux,Low-yield market-failure correction levy on production paid by businesses,Low-yield market-failure correction levy on production paid by businesses. Collector: DGFiP. Beneficiary: Caisse nationale des barreaux français (CNBF).,,,"Cour des comptes, Les taxes a faible rendement, annex listing, Apr 2025; file: code/data/france_tax/20250417-annexe-listing-des-taxes-concernees.xlsx; Cour Inventaire sheet id 100; Enjeu 2024",Cour low-yield-tax inventory id 100. Status: En vigueur entre 2019 et 2024. Objective: Correction défaillance marché; payer: Entreprises; base: Production. The Cour annex is an individual-tax inventory and may overlap with Eurostat grouped/aggregate NTL rows; do not sum both sources without reconciliation. English name is a descriptive label generated from the Cour structured fields; the Cour annex does not provide an official English legal title. No known or estimated 2024 yield in the Cour annex; cannot be area-sized without an estimate.,Low-yield market-failure correc…,Goods/services,Insurance taxes,Low-yield insurance levies,Majoration de la taxe sur les assurances de protection juridique au profit du Conseil national des barreaux,Cour low-yield row classified from insurance label.,Tax or levy on insurance contracts or premiums.,no,,,0,
Majoration du prix du billet d'avion des passagers embarqués dans les DOM (ex-Taxe due par les entreprises de transport public aérien et maritime sur les passagers embarqués dans les DOM),Low-yield budget-raising levy on consumption paid by businesses,Low-yield budget-raising levy on consumption paid by businesses. Collector: DGDDI. Beneficiary: Collectivités territoriales de l'outre-mer.,48830601,0.001672,"Cour des comptes, Les taxes a faible rendement, annex listing, Apr 2025; file: code/data/france_tax/20250417-annexe-listing-des-taxes-concernees.xlsx; Cour Inventaire sheet id 214; Enjeu 2024","Cour low-yield-tax inventory id 214. Status: En vigueur entre 2019 et 2024. Objective: Rendement; payer: Entreprises; base: Consommation. The Cour annex is an individual-tax inventory and may overlap with Eurostat grouped/aggregate NTL rows; do not sum both sources without reconciliation. English name is a descriptive label generated from the Cour structured fields; the Cour annex does not provide an official English legal title. Cour Enjeu 2019: EUR 6.6m. Revenue is the Cour 'enjeu 2024' figure, in EUR after conversion from EUR millions.",Transport levy overseas,Goods/services,Transport and vehicle taxes,Low-yield consumption/service levies,Majoration du prix du billet d'avion des passagers embarqués dans les DOM (ex-Taxe due par les entreprises de transport public aérien et maritime sur les passagers embarqués dans les DOM),Cour low-yield row classified from legal label and base.,"Tax on vehicles, transport services or transport use.",yes,48830601,0.001672,0,
Majoration du prix du billet d'avion des passagers embarqués en Corse et taxe sur le transport maritime de passagers (ex-Taxe due par les entreprises de transport public aérien et maritime sur les passagers embarqués et débarqués en Corse),Low-yield budget-raising levy on consumption paid by businesses,Low-yield budget-raising levy on consumption paid by businesses. Collector: DGFiP. Beneficiary: Collectivité territoriale de Corse.,51825727,0.001775,"Cour des comptes, Les taxes a faible rendement, annex listing, Apr 2025; file: code/data/france_tax/20250417-annexe-listing-des-taxes-concernees.xlsx; Cour Inventaire sheet id 215; Enjeu 2024","Cour low-yield-tax inventory id 215. Status: En vigueur entre 2019 et 2024. Objective: Rendement; payer: Entreprises; base: Consommation. The Cour annex is an individual-tax inventory and may overlap with Eurostat grouped/aggregate NTL rows; do not sum both sources without reconciliation. English name is a descriptive label generated from the Cour structured fields; the Cour annex does not provide an official English legal title. Cour Enjeu 2019: EUR 39.429m. Revenue is the Cour 'enjeu 2024' figure, in EUR after conversion from EUR millions.",Transport levy Corsica,Goods/services,Transport and vehicle taxes,Low-yield consumption/service levies,Majoration du prix du billet d'avion des passagers embarqués en Corse et taxe sur le transport maritime de passagers (ex-Taxe due par les entreprises de transport public aérien et maritime sur les passagers embarqués et débarqués en Corse),Cour low-yield row classified from legal label and base.,"Tax on vehicles, transport services or transport use.",yes,51825727,0.001775,0,
Mutations à titre gratuit,Inheritance taxes,Eurostat national-tax-list line classified as ESA code D91A. Economic function: capital/stock of wealth. Environmental/property tag: other property.,20819000000,0.713004,"Eurostat, National Tax Lists - individual taxes, updated 22 Apr 2026; file: code/data/france_tax/eurostat_national_tax_lists_2025_2026-04-22.xlsx; FR sheet; STO D91A; DETAILS C01; 2024","Eurostat NTL covers general government plus EU institutions (S.13 + S.212), so local taxes are in scope.",Inheritance tax,Wealth,Inheritance and gifts,Inheritance/gift taxes,Mutations à titre gratuit,UK-equivalent treatment: inheritance/gift taxes sit with wealth.,Tax on inheritances and lifetime gifts.,yes,20215326390,0.692329,-603673610,Netted D995 uncollectible adjustment from Less: Autres impôts courants dus non recouvrables. Netted Cour known-yield overlap for Wealth / Inheritance and gifts. Netted Cour known-yield overlap for Wealth / Other capital taxes.
Mutations à titre onéreux d'immeubles et droits immobiliers,Low-yield budget-raising levy on capital paid by individuals,Low-yield budget-raising levy on capital paid by individuals. Collector: DGFiP. Beneficiary: Budget général.,94669994,0.003242,"Cour des comptes, Les taxes a faible rendement, annex listing, Apr 2025; file: code/data/france_tax/20250417-annexe-listing-des-taxes-concernees.xlsx; Cour Inventaire sheet id 102; Enjeu 2024","Cour low-yield-tax inventory id 102. Status: En vigueur entre 2019 et 2024. Objective: Rendement; payer: Particuliers; base: Capital. The Cour annex is an individual-tax inventory and may overlap with Eurostat grouped/aggregate NTL rows; do not sum both sources without reconciliation. English name is a descriptive label generated from the Cour structured fields; the Cour annex does not provide an official English legal title. Cour Enjeu 2019: EUR 16.913m. Revenue is the Cour 'enjeu 2024' figure, in EUR after conversion from EUR millions.",Property transfer duty,Land,"Land, buildings and development levies",Low-yield property/development taxes,Mutations à titre onéreux d'immeubles et droits immobiliers,Cour low-yield row classified from land/property label.,Transfer duty on sales of land and buildings.,yes,94669994,0.003242,0,
Octroi de mer,Dock dues,Eurostat national-tax-list line classified as ESA code D2121. Economic function: consumption.,648000000,0.022193,"Eurostat, National Tax Lists - individual taxes, updated 22 Apr 2026; file: code/data/france_tax/eurostat_national_tax_lists_2025_2026-04-22.xlsx; FR sheet; STO D2121; DETAILS C03; 2024","Eurostat NTL covers general government plus EU institutions (S.13 + S.212), so local taxes are in scope.",Dock dues 1,Goods/services,Import and border taxes,Customs/dock/import lines,Octroi de mer,Direct UK equivalent: customs/import duties; octroi de mer treated as a goods/import consumption tax.,Local import and consumption tax in French overseas territories.,yes,648000000,0.022193,0,
Octroi de mer,Dock dues,Eurostat national-tax-list line classified as ESA code D214A. Economic function: consumption.,942000000,0.032261,"Eurostat, National Tax Lists - individual taxes, updated 22 Apr 2026; file: code/data/france_tax/eurostat_national_tax_lists_2025_2026-04-22.xlsx; FR sheet; STO D214A; DETAILS C05; 2024","Eurostat NTL covers general government plus EU institutions (S.13 + S.212), so local taxes are in scope.",Dock dues 2,Goods/services,Import and border taxes,Customs/dock/import lines,Octroi de mer,Direct UK equivalent: customs/import duties; octroi de mer treated as a goods/import consumption tax.,Local import and consumption tax in French overseas territories.,yes,942000000,0.032261,0,
Participation au financement de la formation des intermittents correspondant au minimum à 2% des rémunérations versées,Low-yield market-failure correction levy on payroll paid by businesses,"Low-yield market-failure correction levy on payroll paid by businesses. Collector: Association de gestion des Fonds de formation des Secteurs de la Culture, de la Communication et des Loisirs (AFDAS). Beneficiary: France compétences.",65831759,0.002255,"Cour des comptes, Les taxes a faible rendement, annex listing, Apr 2025; file: code/data/france_tax/20250417-annexe-listing-des-taxes-concernees.xlsx; Cour Inventaire sheet id 103; Enjeu 2024","Cour low-yield-tax inventory id 103. Status: En vigueur entre 2019 et 2024. Objective: Correction défaillance marché; payer: Entreprises; base: Masse salariale. The Cour annex is an individual-tax inventory and may overlap with Eurostat grouped/aggregate NTL rows; do not sum both sources without reconciliation. English name is a descriptive label generated from the Cour structured fields; the Cour annex does not provide an official English legal title. Cour Enjeu 2019: EUR 30.246m. Revenue is the Cour 'enjeu 2024' figure, in EUR after conversion from EUR millions.",Performers training levy,Employment,Employer payroll and labour levies,Low-yield payroll/workforce levies,Participation au financement de la formation des intermittents correspondant au minimum à 2% des rémunérations versées,Cour low-yield row classified from base/payer/legal label.,"Employer levy connected with payroll, employees or workforce costs.",yes,65831759,0.002255,0,
"Participation au financement de la formation des professions non salariées (Artistes auteurs) correspondant au minimum à 0,1% au du montant annuel du plafond de la SS",Low-yield market-failure correction levy on production paid by businesses,Low-yield market-failure correction levy on production paid by businesses. Collector: URSSAF. Beneficiary: France compétences.,12863055,0.000441,"Cour des comptes, Les taxes a faible rendement, annex listing, Apr 2025; file: code/data/france_tax/20250417-annexe-listing-des-taxes-concernees.xlsx; Cour Inventaire sheet id 104; Enjeu 2024","Cour low-yield-tax inventory id 104. Status: En vigueur entre 2019 et 2024. Objective: Correction défaillance marché; payer: Entreprises; base: Production. The Cour annex is an individual-tax inventory and may overlap with Eurostat grouped/aggregate NTL rows; do not sum both sources without reconciliation. English name is a descriptive label generated from the Cour structured fields; the Cour annex does not provide an official English legal title. Cour Enjeu 2019: EUR 10.376m. Revenue is the Cour 'enjeu 2024' figure, in EUR after conversion from EUR millions.",Artists training levy,Business,Business production and sector levies,Low-yield sector/professional levies,"Participation au financement de la formation des professions non salariées (Artistes auteurs) correspondant au minimum à 0,1% au du montant annuel du plafond de la SS",Cour low-yield row classified from business/professional label.,"Business levy based on production, premises, turnover or sector activity.",yes,12863055,0.000441,0,
"Participation au financement de la formation des professions non salariées (hors artisanat, agriculture et pêche)",Low-yield market-failure correction levy on production paid by businesses,Low-yield market-failure correction levy on production paid by businesses. Collector: URSSAF. Beneficiary: Fonds d'assurance formation (FAF) des professions concernées.,199782045,0.006842,"Cour des comptes, Les taxes a faible rendement, annex listing, Apr 2025; file: code/data/france_tax/20250417-annexe-listing-des-taxes-concernees.xlsx; Cour Inventaire sheet id 105; Enjeu 2024","Cour low-yield-tax inventory id 105. Status: En vigueur entre 2019 et 2024. Objective: Correction défaillance marché; payer: Entreprises; base: Production. The Cour annex is an individual-tax inventory and may overlap with Eurostat grouped/aggregate NTL rows; do not sum both sources without reconciliation. English name is a descriptive label generated from the Cour structured fields; the Cour annex does not provide an official English legal title. Cour Enjeu 2019: EUR 176.893m. Revenue is the Cour 'enjeu 2024' figure, in EUR after conversion from EUR millions.",Self-employed training levy,Goods/services,Insurance taxes,Low-yield insurance levies,"Participation au financement de la formation des professions non salariées (hors artisanat, agriculture et pêche)",Cour low-yield row classified from insurance label.,Tax or levy on insurance contracts or premiums.,yes,199782045,0.006842,0,
"Participation au financement de la formation des professions non salariées (Particuliers employeurs) correspondant au minimum à 0,15% au du montant annuel du plafond de la SS",Low-yield market-failure correction levy on production paid by individuals,Low-yield market-failure correction levy on production paid by individuals. Collector: URSSAF. Beneficiary: France compétences.,18236117,0.000625,"Cour des comptes, Les taxes a faible rendement, annex listing, Apr 2025; file: code/data/france_tax/20250417-annexe-listing-des-taxes-concernees.xlsx; Cour Inventaire sheet id 106; Enjeu 2024","Cour low-yield-tax inventory id 106. Status: En vigueur entre 2019 et 2024. Objective: Correction défaillance marché; payer: Particuliers; base: Production. The Cour annex is an individual-tax inventory and may overlap with Eurostat grouped/aggregate NTL rows; do not sum both sources without reconciliation. English name is a descriptive label generated from the Cour structured fields; the Cour annex does not provide an official English legal title. Cour Enjeu 2019: EUR 15.274m. Revenue is the Cour 'enjeu 2024' figure, in EUR after conversion from EUR millions.",Household employer levy,Employment,Employer payroll and labour levies,Low-yield payroll/workforce levies,"Participation au financement de la formation des professions non salariées (Particuliers employeurs) correspondant au minimum à 0,15% au du montant annuel du plafond de la SS",Cour low-yield row classified from base/payer/legal label.,"Employer levy connected with payroll, employees or workforce costs.",yes,18236117,0.000625,0,
Participation au financement de la formation des professions non salariées dans le domaine agricole,Low-yield market-failure correction levy on production paid by businesses,Low-yield market-failure correction levy on production paid by businesses. Collector: Caisse centrale de mutualité sociale agricole (CMSA). Beneficiary: Fonds pour la formation des entrepreneurs du vivant (VIVEA).,59413492,0.002035,"Cour des comptes, Les taxes a faible rendement, annex listing, Apr 2025; file: code/data/france_tax/20250417-annexe-listing-des-taxes-concernees.xlsx; Cour Inventaire sheet id 107; Enjeu 2024","Cour low-yield-tax inventory id 107. Status: En vigueur entre 2019 et 2024. Objective: Correction défaillance marché; payer: Entreprises; base: Production. The Cour annex is an individual-tax inventory and may overlap with Eurostat grouped/aggregate NTL rows; do not sum both sources without reconciliation. English name is a descriptive label generated from the Cour structured fields; the Cour annex does not provide an official English legal title. Cour Enjeu 2019: EUR 62.442m. Revenue is the Cour 'enjeu 2024' figure, in EUR after conversion from EUR millions.",Farm training levy,Business,Business production and sector levies,Low-yield sector/professional levies,Participation au financement de la formation des professions non salariées dans le domaine agricole,Cour low-yield row classified from business/professional label.,"Business levy based on production, premises, turnover or sector activity.",yes,59413492,0.002035,0,
Participation au financement de la formation des travailleurs indépendants et des employeurs de la pêche maritime ou des cultures marines,Low-yield market-failure correction levy on production paid by businesses,Low-yield market-failure correction levy on production paid by businesses. Collector: DGDDI. Beneficiary: Fonds d’assurance formation interprofessionnel et national dédié aux PME-PMI (Agefos-PME).,478182,0.000016,"Cour des comptes, Les taxes a faible rendement, annex listing, Apr 2025; file: code/data/france_tax/20250417-annexe-listing-des-taxes-concernees.xlsx; Cour Inventaire sheet id 108; Enjeu 2024","Cour low-yield-tax inventory id 108. Status: En vigueur entre 2019 et 2024. Objective: Correction défaillance marché; payer: Entreprises; base: Production. The Cour annex is an individual-tax inventory and may overlap with Eurostat grouped/aggregate NTL rows; do not sum both sources without reconciliation. English name is a descriptive label generated from the Cour structured fields; the Cour annex does not provide an official English legal title. Cour Enjeu 2019: EUR 0.43m. Revenue is the Cour 'enjeu 2024' figure, in EUR after conversion from EUR millions.",Fishery training levy,Employment,Employer payroll and labour levies,Low-yield payroll/workforce levies,Participation au financement de la formation des travailleurs indépendants et des employeurs de la pêche maritime ou des cultures marines,Cour low-yield row classified from base/payer/legal label.,Compulsory social security contributions paid by self-employed workers.,yes,478182,0.000016,0,
Participation des concessionnaires de la liaison fixe Trans-Manche au fonctionnement de la commission intergouvernementale et du comité de sécurité chargés de superviser la construction et l'exploitation de l'ouvrage,Low-yield service-related levy on production paid by businesses,Low-yield service-related levy on production paid by businesses. Collector: Commission intergouvernementale de la liaison Trans-Manche (CIG). Beneficiary: Commission intergouvernementale de la liaison Trans-Manche (CIG).,,,"Cour des comptes, Les taxes a faible rendement, annex listing, Apr 2025; file: code/data/france_tax/20250417-annexe-listing-des-taxes-concernees.xlsx; Cour Inventaire sheet id 109; Enjeu 2024",Cour low-yield-tax inventory id 109. Status: En vigueur entre 2019 et 2024. Objective: Service rendu; payer: Entreprises; base: Production. The Cour annex is an individual-tax inventory and may overlap with Eurostat grouped/aggregate NTL rows; do not sum both sources without reconciliation. English name is a descriptive label generated from the Cour structured fields; the Cour annex does not provide an official English legal title. No known or estimated 2024 yield in the Cour annex; cannot be area-sized without an estimate.,Low-yield service-related levy…,Land,"Land, buildings and development levies",Low-yield property/development taxes,Participation des concessionnaires de la liaison fixe Trans-Manche au fonctionnement de la commission intergouvernementale et du comité de sécurité chargés de superviser la construction et l'exploitation de l'ouvrage,Cour low-yield row classified from land/property label.,Tax or compulsory charge grouped under land.,no,,,0,
Participation des employeurs à l'effort de construction,Employers' contribution to building effort,Eurostat national-tax-list line classified as ESA code D29C. Economic function: employer labour.,1497000000,0.051269,"Eurostat, National Tax Lists - individual taxes, updated 22 Apr 2026; file: code/data/france_tax/eurostat_national_tax_lists_2025_2026-04-22.xlsx; FR sheet; STO D29C; DETAILS C13; 2024","Eurostat NTL covers general government plus EU institutions (S.13 + S.212), so local taxes are in scope.",Construction payroll levy,Employment,Employer payroll and labour levies,Payroll levies,Participation des employeurs à l'effort de construction,"UK-equivalent treatment: employer payroll levies sit with employment taxes, like apprenticeship levy/NICs.",Employer levy for housing construction and support.,yes,1497000000,0.051269,0,
Permis de chasser,Low-yield service-related levy on consumption paid by individuals,"Low-yield service-related levy on consumption paid by individuals. Collector: Office français de la biodiversité (OFB), anciennement ONCFS. Beneficiary: Budget général.",,,"Cour des comptes, Les taxes a faible rendement, annex listing, Apr 2025; file: code/data/france_tax/20250417-annexe-listing-des-taxes-concernees.xlsx; Cour Inventaire sheet id 114; Enjeu 2024",Cour low-yield-tax inventory id 114. Status: En vigueur entre 2019 et 2024. Objective: Service rendu; payer: Particuliers; base: Consommation. The Cour annex is an individual-tax inventory and may overlap with Eurostat grouped/aggregate NTL rows; do not sum both sources without reconciliation. English name is a descriptive label generated from the Cour structured fields; the Cour annex does not provide an official English legal title. No known or estimated 2024 yield in the Cour annex; cannot be area-sized without an estimate.,Hunting licence,Other,Service-related tax-like charges,Low-yield administrative/service charges,Permis de chasser,Cour service-related row classified from legal label.,Hunting licence charge counted as tax-like revenue.,no,,,0,
Produit de l'imposition chambre de commerce,Fees of the chambers of commerce and industry,Eurostat national-tax-list line classified as ESA code D29A. Economic function: capital/stock of wealth.,525000000,0.017980,"Eurostat, National Tax Lists - individual taxes, updated 22 Apr 2026; file: code/data/france_tax/eurostat_national_tax_lists_2025_2026-04-22.xlsx; FR sheet; STO D29A; DETAILS C13; 2024","Eurostat NTL covers general government plus EU institutions (S.13 + S.212), so local taxes are in scope.",Commerce chamber tax 1,Business,Business production and sector levies,Production/sector levies,Produit de l'imposition chambre de commerce,French-specific production/sector business levy.,A business levy used to fund chambers of commerce.,yes,525000000,0.017980,0,
Produits de la loterie nationale et du loto,Levies on the French national lottery,Eurostat national-tax-list line classified as ESA code D214F. Economic function: consumption.,3988000000,0.136580,"Eurostat, National Tax Lists - individual taxes, updated 22 Apr 2026; file: code/data/france_tax/eurostat_national_tax_lists_2025_2026-04-22.xlsx; FR sheet; STO D214F; DETAILS C01; 2024","Eurostat NTL covers general government plus EU institutions (S.13 + S.212), so local taxes are in scope.",Lottery duties,Goods/services,"Betting, gaming and lottery",Gaming/gambling duties,Produits de la loterie nationale et du loto,Direct UK equivalent: betting/gaming/lottery duties.,Taxes on lottery products.,yes,3634113144,0.124460,-353886856,"Netted Cour known-yield overlap for Goods/services / Betting, gaming and lottery."
"Prélèvement complémentaire 2011-2015 sur les sommes misées sur les jeux exploités par la Française des jeux en vue du financement des enceintes sportives destinées à accueillir ""l'UEFA Euro 2016""",Low-yield budget-raising levy on consumption paid by individuals,Low-yield budget-raising levy on consumption paid by individuals. Collector: DGFiP. Beneficiary: Agence nationale du sport (ANS).,,,"Cour des comptes, Les taxes a faible rendement, annex listing, Apr 2025; file: code/data/france_tax/20250417-annexe-listing-des-taxes-concernees.xlsx; Cour Inventaire sheet id 116; Enjeu 2024",Cour low-yield-tax inventory id 116. Status: En vigueur entre 2019 et 2024. Objective: Rendement; payer: Particuliers; base: Consommation. The Cour annex is an individual-tax inventory and may overlap with Eurostat grouped/aggregate NTL rows; do not sum both sources without reconciliation. English name is a descriptive label generated from the Cour structured fields; the Cour annex does not provide an official English legal title. No known or estimated 2024 yield in the Cour annex; cannot be area-sized without an estimate.,Low-yield budget-raising levy o…,Goods/services,"Betting, gaming and lottery",Low-yield consumption/service levies,"Prélèvement complémentaire 2011-2015 sur les sommes misées sur les jeux exploités par la Française des jeux en vue du financement des enceintes sportives destinées à accueillir ""l'UEFA Euro 2016""",Cour low-yield row classified from legal label and base.,"Tax on betting, gaming, casinos or lotteries.",no,,,0,
Prélèvement sur la participation des employeurs à l'effort de construction (PEEC),Low-yield budget-raising levy on payroll paid by businesses,Low-yield budget-raising levy on payroll paid by businesses. Collector: Action Logement. Beneficiary: Agence nationale de contrôle du logement social (ANCOLS).,6450000,0.000221,"Cour des comptes, Les taxes a faible rendement, annex listing, Apr 2025; file: code/data/france_tax/20250417-annexe-listing-des-taxes-concernees.xlsx; Cour Inventaire sheet id 119; Enjeu 2024","Cour low-yield-tax inventory id 119. Status: En vigueur entre 2019 et 2024. Objective: Rendement; payer: Entreprises; base: Masse salariale. The Cour annex is an individual-tax inventory and may overlap with Eurostat grouped/aggregate NTL rows; do not sum both sources without reconciliation. English name is a descriptive label generated from the Cour structured fields; the Cour annex does not provide an official English legal title. Cour Enjeu 2019: EUR 6.45m. Revenue is the Cour 'enjeu 2024' figure, in EUR after conversion from EUR millions.",PEEC levy,Employment,Employer payroll and labour levies,Low-yield payroll/workforce levies,Prélèvement sur la participation des employeurs à l'effort de construction (PEEC),Cour low-yield row classified from base/payer/legal label.,"Employer levy connected with payroll, employees or workforce costs.",yes,6450000,0.000221,0,
"Prélèvement sur les biens, droits et produits placés dans un trust",Low-yield budget-raising levy on capital paid by individuals,Low-yield budget-raising levy on capital paid by individuals. Collector: DGFiP. Beneficiary: Budget général.,,,"Cour des comptes, Les taxes a faible rendement, annex listing, Apr 2025; file: code/data/france_tax/20250417-annexe-listing-des-taxes-concernees.xlsx; Cour Inventaire sheet id 120; Enjeu 2024",Cour low-yield-tax inventory id 120. Status: En vigueur entre 2019 et 2024. Objective: Rendement; payer: Particuliers; base: Capital. The Cour annex is an individual-tax inventory and may overlap with Eurostat grouped/aggregate NTL rows; do not sum both sources without reconciliation. English name is a descriptive label generated from the Cour structured fields; the Cour annex does not provide an official English legal title. No known or estimated 2024 yield in the Cour annex; cannot be area-sized without an estimate.,Trust levy,Wealth,Financial capital taxes,Low-yield financial-capital levies,"Prélèvement sur les biens, droits et produits placés dans un trust",Cour low-yield row classified from financial-capital label.,"Tax on financial assets, investment income or securities transactions.",no,,,0,
Prélèvement sur les contrats d'assurance-vie en déshérence ; Prélèvement sur les contrats participation et intéressement en déshérence,Low-yield budget-raising levy on capital paid by businesses,Low-yield budget-raising levy on capital paid by businesses. Collector: DGFiP. Beneficiary: Caisse nationale d'assurance-vieillesse (CNAV).,19879754,0.000681,"Cour des comptes, Les taxes a faible rendement, annex listing, Apr 2025; file: code/data/france_tax/20250417-annexe-listing-des-taxes-concernees.xlsx; Cour Inventaire sheet id 121; Enjeu 2024","Cour low-yield-tax inventory id 121. Status: En vigueur entre 2019 et 2024. Objective: Rendement; payer: Entreprises; base: Capital. The Cour annex is an individual-tax inventory and may overlap with Eurostat grouped/aggregate NTL rows; do not sum both sources without reconciliation. English name is a descriptive label generated from the Cour structured fields; the Cour annex does not provide an official English legal title. Cour Enjeu 2019: EUR 14.695m. Revenue is the Cour 'enjeu 2024' figure, in EUR after conversion from EUR millions.",Dormant insurance levy,Wealth,Other capital taxes,Low-yield capital/wealth levies,Prélèvement sur les contrats d'assurance-vie en déshérence ; Prélèvement sur les contrats participation et intéressement en déshérence,Cour low-yield row classified from Cour capital base.,Tax or levy on insurance contracts or premiums.,yes,19879754,0.000681,0,
Prélèvement sur les jeux de cercle en ligne,Low-yield budget-raising levy on consumption paid by individuals,Low-yield budget-raising levy on consumption paid by individuals. Collector: DGFiP. Beneficiary: Budget général / Centre des monuments nationaux (CMN) / Communes.,20505826,0.000702,"Cour des comptes, Les taxes a faible rendement, annex listing, Apr 2025; file: code/data/france_tax/20250417-annexe-listing-des-taxes-concernees.xlsx; Cour Inventaire sheet id 90; Enjeu 2024","Cour low-yield-tax inventory id 90. Status: En vigueur entre 2019 et 2024. Objective: Rendement; payer: Particuliers; base: Consommation. The Cour annex is an individual-tax inventory and may overlap with Eurostat grouped/aggregate NTL rows; do not sum both sources without reconciliation. English name is a descriptive label generated from the Cour structured fields; the Cour annex does not provide an official English legal title. Cour Enjeu 2019: EUR 11.506m. Revenue is the Cour 'enjeu 2024' figure, in EUR after conversion from EUR millions.",Online poker levy,Goods/services,"Betting, gaming and lottery",Low-yield consumption/service levies,Prélèvement sur les jeux de cercle en ligne,Cour low-yield row classified from legal label and base.,Tax on online poker games.,yes,20505826,0.000702,0,
Prélèvements progressifs dus par les clubs de jeu,Low-yield behavioural incentive levy on consumption paid by businesses,Low-yield behavioural incentive levy on consumption paid by businesses. Collector: DGFiP. Beneficiary: Budget général.,,,"Cour des comptes, Les taxes a faible rendement, annex listing, Apr 2025; file: code/data/france_tax/20250417-annexe-listing-des-taxes-concernees.xlsx; Cour Inventaire sheet id 125; Enjeu 2024",Cour low-yield-tax inventory id 125. Status: En vigueur entre 2019 et 2024. Objective: Incitation; payer: Entreprises; base: Consommation. The Cour annex is an individual-tax inventory and may overlap with Eurostat grouped/aggregate NTL rows; do not sum both sources without reconciliation. English name is a descriptive label generated from the Cour structured fields; the Cour annex does not provide an official English legal title. No known or estimated 2024 yield in the Cour annex; cannot be area-sized without an estimate.,Sector levy,Business,Business production and sector levies,Low-yield sector/professional levies,Prélèvements progressifs dus par les clubs de jeu,Cour low-yield row classified from business/professional label.,"Business levy based on production, premises, turnover or sector activity.",no,,,0,
Prélèvements sur les entreprises d'assurance,Low-yield budget-raising levy on production paid by businesses,Low-yield budget-raising levy on production paid by businesses. Collector: DGFiP. Beneficiary: Budget général.,154637111,0.005296,"Cour des comptes, Les taxes a faible rendement, annex listing, Apr 2025; file: code/data/france_tax/20250417-annexe-listing-des-taxes-concernees.xlsx; Cour Inventaire sheet id 127; Enjeu 2024","Cour low-yield-tax inventory id 127. Status: En vigueur entre 2019 et 2024. Objective: Rendement; payer: Entreprises; base: Production. The Cour annex is an individual-tax inventory and may overlap with Eurostat grouped/aggregate NTL rows; do not sum both sources without reconciliation. English name is a descriptive label generated from the Cour structured fields; the Cour annex does not provide an official English legal title. Cour Enjeu 2019: EUR 161.421m. Revenue is the Cour 'enjeu 2024' figure, in EUR after conversion from EUR millions.",Insurance company levy,Goods/services,Insurance taxes,Low-yield insurance levies,Prélèvements sur les entreprises d'assurance,Cour low-yield row classified from insurance label.,Tax or levy on insurance contracts or premiums.,yes,154637111,0.005296,0,
Prélèvements sur les revenus des capitaux mobiliers,Levies on the income from financial assets (PRCM),Eurostat national-tax-list line classified as ESA code D51M. Economic function: household capital income.,971000000,0.033255,"Eurostat, National Tax Lists - individual taxes, updated 22 Apr 2026; file: code/data/france_tax/eurostat_national_tax_lists_2025_2026-04-22.xlsx; FR sheet; STO D51M; DETAILS C08; 2024","Eurostat NTL covers general government plus EU institutions (S.13 + S.212), so local taxes are in scope.",Investment income levy,Employment,Personal income and social taxes,Income tax,Prélèvements sur les revenus des capitaux mobiliers,UK-equivalent treatment: personal income tax kept with employment taxes unless a capital-income line is separately identified.,Tax or social charge on investment income.,yes,971000000,0.033255,0,
Quote-part des intérêts servis par la Caisse des dépôts et consignations sur les fonds déposés,Low-yield budget-raising levy on capital paid by individuals,Low-yield budget-raising levy on capital paid by individuals. Collector: DGFiP. Beneficiary: Fonds de financement des dossiers impécunieux (FFDI).,51000000,0.001747,"Cour des comptes, Les taxes a faible rendement, annex listing, Apr 2025; file: code/data/france_tax/20250417-annexe-listing-des-taxes-concernees.xlsx; Cour Inventaire sheet id 129; Enjeu 2024","Cour low-yield-tax inventory id 129. Status: En vigueur entre 2019 et 2024. Objective: Rendement; payer: Particuliers; base: Capital. The Cour annex is an individual-tax inventory and may overlap with Eurostat grouped/aggregate NTL rows; do not sum both sources without reconciliation. English name is a descriptive label generated from the Cour structured fields; the Cour annex does not provide an official English legal title. Revenue is the Cour 'enjeu 2024' figure, in EUR after conversion from EUR millions.",CDC interest levy,Wealth,Other capital taxes,Low-yield capital/wealth levies,Quote-part des intérêts servis par la Caisse des dépôts et consignations sur les fonds déposés,Cour low-yield row classified from Cour capital base.,Levy on interest paid by Caisse des dépôts et consignations on deposited funds.,yes,51000000,0.001747,0,
Recettes diverses et pénalités,Various receipts and tax fines,Eurostat national-tax-list line classified as ESA code D91C. Economic function: capital/stock of wealth.,197000000,0.006747,"Eurostat, National Tax Lists - individual taxes, updated 22 Apr 2026; file: code/data/france_tax/eurostat_national_tax_lists_2025_2026-04-22.xlsx; FR sheet; STO D91C; DETAILS C01; 2024","Eurostat NTL covers general government plus EU institutions (S.13 + S.212), so local taxes are in scope.",Misc penalties,Other,"Fines, penalties and miscellaneous tax-like charges",Fines/licences/miscellaneous,Recettes diverses et pénalités,UK-equivalent treatment: miscellaneous tax-like receipts sit with Other.,Miscellaneous penalties counted as tax-like revenue.,yes,197000000,0.006747,0,
Redevance cynégétique (permis de chasse),Hunting licence,Eurostat national-tax-list line classified as ESA code D59D. Economic function: consumption.,57000000,0.001952,"Eurostat, National Tax Lists - individual taxes, updated 22 Apr 2026; file: code/data/france_tax/eurostat_national_tax_lists_2025_2026-04-22.xlsx; FR sheet; STO D59D; DETAILS C04; 2024","Eurostat NTL covers general government plus EU institutions (S.13 + S.212), so local taxes are in scope.",Hunting licence,Other,"Fines, penalties and miscellaneous tax-like charges",Fines/licences/miscellaneous,Redevance cynégétique (permis de chasse),UK-equivalent treatment: miscellaneous tax-like receipts sit with Other.,Hunting licence charge counted as tax-like revenue.,yes,57000000,0.001952,0,
Redevance d'archéologie préventive,Low-yield service-related levy on capital paid by individuals,Low-yield service-related levy on capital paid by individuals. Collector: DGFiP. Beneficiary: Institut national de recherches archéologiques préventives (INRAP) / Fonds nationale pour l'archéologie préventive (FNAP) / Communes.,,,"Cour des comptes, Les taxes a faible rendement, annex listing, Apr 2025; file: code/data/france_tax/20250417-annexe-listing-des-taxes-concernees.xlsx; Cour Inventaire sheet id 130; Enjeu 2024",Cour low-yield-tax inventory id 130. Status: En vigueur entre 2019 et 2024. Objective: Service rendu; payer: Particuliers; base: Capital. The Cour annex is an individual-tax inventory and may overlap with Eurostat grouped/aggregate NTL rows; do not sum both sources without reconciliation. English name is a descriptive label generated from the Cour structured fields; the Cour annex does not provide an official English legal title. No known or estimated 2024 yield in the Cour annex; cannot be area-sized without an estimate.,Archaeology levy,Land,"Land, buildings and development levies",Low-yield property/development taxes,Redevance d'archéologie préventive,Cour low-yield row classified from land/property label.,Tax or compulsory charge grouped under land.,no,,,0,
Redevance due par les opérateurs agréés de paris hippiques en ligne,Low-yield behavioural incentive levy on consumption paid by individuals,Low-yield behavioural incentive levy on consumption paid by individuals. Collector: DGFiP. Beneficiary: France galop / Société d’encouragement à l’élevage du cheval français (SECF).,62419969,0.002138,"Cour des comptes, Les taxes a faible rendement, annex listing, Apr 2025; file: code/data/france_tax/20250417-annexe-listing-des-taxes-concernees.xlsx; Cour Inventaire sheet id 131; Enjeu 2024","Cour low-yield-tax inventory id 131. Status: En vigueur entre 2019 et 2024. Objective: Incitation; payer: Particuliers; base: Consommation. The Cour annex is an individual-tax inventory and may overlap with Eurostat grouped/aggregate NTL rows; do not sum both sources without reconciliation. English name is a descriptive label generated from the Cour structured fields; the Cour annex does not provide an official English legal title. Cour Enjeu 2019: EUR 63.896m. Revenue is the Cour 'enjeu 2024' figure, in EUR after conversion from EUR millions.",Online racing betting fee 1,Goods/services,"Betting, gaming and lottery",Low-yield consumption/service levies,Redevance due par les opérateurs agréés de paris hippiques en ligne,Cour low-yield row classified from legal label and base.,"Tax on betting, gaming, casinos or lotteries.",yes,62419969,0.002138,0,
Redevance perçue à l’occasion de l’introduction des familles étrangères en France,Low-yield service-related levy on production paid by individuals,Low-yield service-related levy on production paid by individuals. Collector: Office Français de l'immigration et de l'intégration (OFII). Beneficiary: Office français de l'immigration et de l'intégration (OFII).,800000,0.000027,"Cour des comptes, Les taxes a faible rendement, annex listing, Apr 2025; file: code/data/france_tax/20250417-annexe-listing-des-taxes-concernees.xlsx; Cour Inventaire sheet id 136; Enjeu 2024","Cour low-yield-tax inventory id 136. Status: En vigueur entre 2019 et 2024. Objective: Service rendu; payer: Particuliers; base: Production. The Cour annex is an individual-tax inventory and may overlap with Eurostat grouped/aggregate NTL rows; do not sum both sources without reconciliation. English name is a descriptive label generated from the Cour structured fields; the Cour annex does not provide an official English legal title. Cour Enjeu 2019: EUR 0.862m. Revenue is the Cour 'enjeu 2024' figure, in EUR after conversion from EUR millions.",Service charge 1,Other,Service-related tax-like charges,Low-yield administrative/service charges,Redevance perçue à l’occasion de l’introduction des familles étrangères en France,Cour service-related row without clearer UK-equivalent category.,Service-related charge treated as tax revenue.,yes,800000,0.000027,0,
"Redevance pour contrôle vétérinaire à l'expédition (taxe dite ""Certivéto"")",Low-yield service-related levy on production paid by businesses,Low-yield service-related levy on production paid by businesses. Collector: DGDDI. Beneficiary: Etablissement national des produits de l’agriculture et de la mer (FranceAgriMer).,,,"Cour des comptes, Les taxes a faible rendement, annex listing, Apr 2025; file: code/data/france_tax/20250417-annexe-listing-des-taxes-concernees.xlsx; Cour Inventaire sheet id 138; Enjeu 2024",Cour low-yield-tax inventory id 138. Status: En vigueur entre 2019 et 2024. Objective: Service rendu; payer: Entreprises; base: Production. The Cour annex is an individual-tax inventory and may overlap with Eurostat grouped/aggregate NTL rows; do not sum both sources without reconciliation. English name is a descriptive label generated from the Cour structured fields; the Cour annex does not provide an official English legal title. No known or estimated 2024 yield in the Cour annex; cannot be area-sized without an estimate.,Agri-food inspection fee,Environmental,"Water, plant and animal inspection levies",Low-yield water/agri-food inspection levies,"Redevance pour contrôle vétérinaire à l'expédition (taxe dite ""Certivéto"")",Cour low-yield row classified from water/agri-food inspection label.,Tax or compulsory charge grouped under environmental.,no,,,0,
Redevance pour délivrance initiale du permis de chasse,Low-yield service-related levy on consumption paid by individuals,"Low-yield service-related levy on consumption paid by individuals. Collector: Office français de la biodiversité (OFB), anciennement ONCFS. Beneficiary: Office français de la biodiversité (OFB), anciennement ONCFS.",900000,0.000031,"Cour des comptes, Les taxes a faible rendement, annex listing, Apr 2025; file: code/data/france_tax/20250417-annexe-listing-des-taxes-concernees.xlsx; Cour Inventaire sheet id 139; Enjeu 2024","Cour low-yield-tax inventory id 139. Status: En vigueur entre 2019 et 2024. Objective: Service rendu; payer: Particuliers; base: Consommation. The Cour annex is an individual-tax inventory and may overlap with Eurostat grouped/aggregate NTL rows; do not sum both sources without reconciliation. English name is a descriptive label generated from the Cour structured fields; the Cour annex does not provide an official English legal title. Cour Enjeu 2019: EUR 0.865m. Revenue is the Cour 'enjeu 2024' figure, in EUR after conversion from EUR millions.",Hunting licence 3,Other,Service-related tax-like charges,Low-yield administrative/service charges,Redevance pour délivrance initiale du permis de chasse,Cour service-related row classified from legal label.,Hunting licence charge counted as tax-like revenue.,yes,900000,0.000031,0,
Redevance pour examen du code de la route,Low-yield service-related levy on consumption paid by individuals,"Low-yield service-related levy on consumption paid by individuals. Collector: Opérateurs privés agréés par l'État (La Poste, SGS, etc.). Beneficiary: Budget général.",,,"Cour des comptes, Les taxes a faible rendement, annex listing, Apr 2025; file: code/data/france_tax/20250417-annexe-listing-des-taxes-concernees.xlsx; Cour Inventaire sheet id 140; Enjeu 2024",Cour low-yield-tax inventory id 140. Status: En vigueur entre 2019 et 2024. Objective: Service rendu; payer: Particuliers; base: Consommation. The Cour annex is an individual-tax inventory and may overlap with Eurostat grouped/aggregate NTL rows; do not sum both sources without reconciliation. English name is a descriptive label generated from the Cour structured fields; the Cour annex does not provide an official English legal title. No known or estimated 2024 yield in the Cour annex; cannot be area-sized without an estimate.,Sector levy,Business,Business production and sector levies,Low-yield sector/professional levies,Redevance pour examen du code de la route,Cour low-yield row classified from business/professional label.,"Business levy based on production, premises, turnover or sector activity.",no,,,0,
Redevance pour l'accès aux installations et aux services collectifs d'un site nordique dédié à la pratique du ski de fond et aux loisirs de neige non motorisés autres que le ski alpin (part communale + part intercommunale),Low-yield service-related levy on production paid by individuals,Low-yield service-related levy on production paid by individuals. Collector: Collectivités territoriales. Beneficiary: Communes / EPCI.,3672836,0.000126,"Cour des comptes, Les taxes a faible rendement, annex listing, Apr 2025; file: code/data/france_tax/20250417-annexe-listing-des-taxes-concernees.xlsx; Cour Inventaire sheet id 142; Enjeu 2024","Cour low-yield-tax inventory id 142. Status: En vigueur entre 2019 et 2024. Objective: Service rendu; payer: Particuliers; base: Production. The Cour annex is an individual-tax inventory and may overlap with Eurostat grouped/aggregate NTL rows; do not sum both sources without reconciliation. English name is a descriptive label generated from the Cour structured fields; the Cour annex does not provide an official English legal title. Cour Enjeu 2019: EUR 4.351m. Revenue is the Cour 'enjeu 2024' figure, in EUR after conversion from EUR millions.",Service charge interlocal,Other,Service-related tax-like charges,Low-yield administrative/service charges,Redevance pour l'accès aux installations et aux services collectifs d'un site nordique dédié à la pratique du ski de fond et aux loisirs de neige non motorisés autres que le ski alpin (part communale + part intercommunale),Cour service-related row without clearer UK-equivalent category.,Charge for access to Nordic skiing facilities and related local services.,yes,3672836,0.000126,0,
"Redevance pour le contrôle vétérinaire à l'importation de produits animaux ou d'origine animale, d'animaux vivants",Low-yield service-related levy on production paid by businesses,Low-yield service-related levy on production paid by businesses. Collector: DGDDI. Beneficiary: Budget général.,,,"Cour des comptes, Les taxes a faible rendement, annex listing, Apr 2025; file: code/data/france_tax/20250417-annexe-listing-des-taxes-concernees.xlsx; Cour Inventaire sheet id 143; Enjeu 2024",Cour low-yield-tax inventory id 143. Status: En vigueur entre 2019 et 2024. Objective: Service rendu; payer: Entreprises; base: Production. The Cour annex is an individual-tax inventory and may overlap with Eurostat grouped/aggregate NTL rows; do not sum both sources without reconciliation. English name is a descriptive label generated from the Cour structured fields; the Cour annex does not provide an official English legal title. No known or estimated 2024 yield in the Cour annex; cannot be area-sized without an estimate.,Agri-food inspection fee,Environmental,"Water, plant and animal inspection levies",Low-yield water/agri-food inspection levies,"Redevance pour le contrôle vétérinaire à l'importation de produits animaux ou d'origine animale, d'animaux vivants",Cour low-yield row classified from water/agri-food inspection label.,Tax or compulsory charge grouped under environmental.,no,,,0,
Redevance pour les contrôles vétérinaires et phytosanitaires des végétaux à l'importation,Low-yield service-related levy on production paid by businesses,Low-yield service-related levy on production paid by businesses. Collector: DGDDI. Beneficiary: Budget général.,,,"Cour des comptes, Les taxes a faible rendement, annex listing, Apr 2025; file: code/data/france_tax/20250417-annexe-listing-des-taxes-concernees.xlsx; Cour Inventaire sheet id 144; Enjeu 2024",Cour low-yield-tax inventory id 144. Status: En vigueur entre 2019 et 2024. Objective: Service rendu; payer: Entreprises; base: Production. The Cour annex is an individual-tax inventory and may overlap with Eurostat grouped/aggregate NTL rows; do not sum both sources without reconciliation. English name is a descriptive label generated from the Cour structured fields; the Cour annex does not provide an official English legal title. No known or estimated 2024 yield in the Cour annex; cannot be area-sized without an estimate.,Agri-food inspection fee,Environmental,Pollution taxes,Low-yield pollution levies,Redevance pour les contrôles vétérinaires et phytosanitaires des végétaux à l'importation,Cour low-yield row classified from pollution label.,Tax on pollution or environmentally harmful activities.,no,,,0,
Redevance pour l’agrément des établissements du secteur de l’alimentation animale,Low-yield service-related levy on production paid by businesses,Low-yield service-related levy on production paid by businesses. Collector: DGFiP. Beneficiary: Budget général.,,,"Cour des comptes, Les taxes a faible rendement, annex listing, Apr 2025; file: code/data/france_tax/20250417-annexe-listing-des-taxes-concernees.xlsx; Cour Inventaire sheet id 141; Enjeu 2024",Cour low-yield-tax inventory id 141. Status: En vigueur entre 2019 et 2024. Objective: Service rendu; payer: Entreprises; base: Production. The Cour annex is an individual-tax inventory and may overlap with Eurostat grouped/aggregate NTL rows; do not sum both sources without reconciliation. English name is a descriptive label generated from the Cour structured fields; the Cour annex does not provide an official English legal title. No known or estimated 2024 yield in the Cour annex; cannot be area-sized without an estimate.,Sector levy,Business,Business production and sector levies,Low-yield sector/professional levies,Redevance pour l’agrément des établissements du secteur de l’alimentation animale,Cour low-yield row classified from business/professional label.,"Business levy based on production, premises, turnover or sector activity.",no,,,0,
Redevance pour pollution de l'eau d'origine non domestique,Low-yield behavioural incentive levy on production paid by businesses,Low-yield behavioural incentive levy on production paid by businesses. Collector: Agences de l'eau. Beneficiary: Agences de l'eau.,,,"Cour des comptes, Les taxes a faible rendement, annex listing, Apr 2025; file: code/data/france_tax/20250417-annexe-listing-des-taxes-concernees.xlsx; Cour Inventaire sheet id 146; Enjeu 2024",Cour low-yield-tax inventory id 146. Status: En vigueur entre 2019 et 2024. Objective: Incitation; payer: Entreprises; base: Production. The Cour annex is an individual-tax inventory and may overlap with Eurostat grouped/aggregate NTL rows; do not sum both sources without reconciliation. English name is a descriptive label generated from the Cour structured fields; the Cour annex does not provide an official English legal title. No known or estimated 2024 yield in the Cour annex; cannot be area-sized without an estimate.,Water levy,Environmental,Pollution taxes,Low-yield pollution levies,Redevance pour pollution de l'eau d'origine non domestique,Cour low-yield row classified from pollution label.,"Water, sewerage or sanitation-related levy.",no,,,0,
Redevance pour protection du milieu aquatique,Low-yield budget-raising levy on production paid by businesses,Low-yield budget-raising levy on production paid by businesses. Collector: Fédérations de protection du milieu aquatique. Beneficiary: Agences de l'eau.,,,"Cour des comptes, Les taxes a faible rendement, annex listing, Apr 2025; file: code/data/france_tax/20250417-annexe-listing-des-taxes-concernees.xlsx; Cour Inventaire sheet id 147; Enjeu 2024",Cour low-yield-tax inventory id 147. Status: En vigueur entre 2019 et 2024. Objective: Rendement; payer: Entreprises; base: Production. The Cour annex is an individual-tax inventory and may overlap with Eurostat grouped/aggregate NTL rows; do not sum both sources without reconciliation. English name is a descriptive label generated from the Cour structured fields; the Cour annex does not provide an official English legal title. No known or estimated 2024 yield in the Cour annex; cannot be area-sized without an estimate.,Water levy,Environmental,"Water, plant and animal inspection levies",Low-yield water/agri-food inspection levies,Redevance pour protection du milieu aquatique,Cour low-yield row classified from water/agri-food inspection label.,"Water, sewerage or sanitation-related levy.",no,,,0,
Redevance pour stockage d'eau en période d'étiage,Low-yield behavioural incentive levy on production paid by businesses,Low-yield behavioural incentive levy on production paid by businesses. Collector: Agences de l'eau. Beneficiary: Agences de l'eau.,,,"Cour des comptes, Les taxes a faible rendement, annex listing, Apr 2025; file: code/data/france_tax/20250417-annexe-listing-des-taxes-concernees.xlsx; Cour Inventaire sheet id 148; Enjeu 2024",Cour low-yield-tax inventory id 148. Status: En vigueur entre 2019 et 2024. Objective: Incitation; payer: Entreprises; base: Production. The Cour annex is an individual-tax inventory and may overlap with Eurostat grouped/aggregate NTL rows; do not sum both sources without reconciliation. English name is a descriptive label generated from the Cour structured fields; the Cour annex does not provide an official English legal title. No known or estimated 2024 yield in the Cour annex; cannot be area-sized without an estimate.,Low-yield behavioural incentive…,Environmental,"Water, plant and animal inspection levies",Low-yield water/agri-food inspection levies,Redevance pour stockage d'eau en période d'étiage,Cour low-yield row classified from water/agri-food inspection label.,Tax or compulsory charge grouped under environmental.,no,,,0,
Redevance relative aux contrôles renforcés à l’importation des denrées alimentaires d’origine non animale,Low-yield service-related levy on production paid by businesses,Low-yield service-related levy on production paid by businesses. Collector: DGDDI. Beneficiary: Budget général.,,,"Cour des comptes, Les taxes a faible rendement, annex listing, Apr 2025; file: code/data/france_tax/20250417-annexe-listing-des-taxes-concernees.xlsx; Cour Inventaire sheet id 149; Enjeu 2024",Cour low-yield-tax inventory id 149. Status: En vigueur entre 2019 et 2024. Objective: Service rendu; payer: Entreprises; base: Production. The Cour annex is an individual-tax inventory and may overlap with Eurostat grouped/aggregate NTL rows; do not sum both sources without reconciliation. English name is a descriptive label generated from the Cour structured fields; the Cour annex does not provide an official English legal title. No known or estimated 2024 yield in the Cour annex; cannot be area-sized without an estimate.,Sector levy,Business,Business production and sector levies,Low-yield sector/professional levies,Redevance relative aux contrôles renforcés à l’importation des denrées alimentaires d’origine non animale,Cour low-yield row classified from business/professional label.,"Business levy based on production, premises, turnover or sector activity.",no,,,0,
Redevance sanitaire d'abattage,Low-yield service-related levy on production paid by businesses,Low-yield service-related levy on production paid by businesses. Collector: DGFiP. Beneficiary: Budget général.,49281468,0.001688,"Cour des comptes, Les taxes a faible rendement, annex listing, Apr 2025; file: code/data/france_tax/20250417-annexe-listing-des-taxes-concernees.xlsx; Cour Inventaire sheet id 150; Enjeu 2024","Cour low-yield-tax inventory id 150. Status: En vigueur entre 2019 et 2024. Objective: Service rendu; payer: Entreprises; base: Production. The Cour annex is an individual-tax inventory and may overlap with Eurostat grouped/aggregate NTL rows; do not sum both sources without reconciliation. English name is a descriptive label generated from the Cour structured fields; the Cour annex does not provide an official English legal title. Revenue is the Cour 'enjeu 2024' figure, in EUR after conversion from EUR millions.",Slaughter fee,Business,Business production and sector levies,Low-yield sector/professional levies,Redevance sanitaire d'abattage,Cour low-yield row classified from business/professional label.,"Business levy based on production, premises, turnover or sector activity.",yes,49281468,0.001688,0,
Redevance sanitaire de découpage,Low-yield service-related levy on production paid by businesses,Low-yield service-related levy on production paid by businesses. Collector: DGFiP. Beneficiary: Budget général.,,,"Cour des comptes, Les taxes a faible rendement, annex listing, Apr 2025; file: code/data/france_tax/20250417-annexe-listing-des-taxes-concernees.xlsx; Cour Inventaire sheet id 151; Enjeu 2024",Cour low-yield-tax inventory id 151. Status: En vigueur entre 2019 et 2024. Objective: Service rendu; payer: Entreprises; base: Production. The Cour annex is an individual-tax inventory and may overlap with Eurostat grouped/aggregate NTL rows; do not sum both sources without reconciliation. English name is a descriptive label generated from the Cour structured fields; the Cour annex does not provide an official English legal title. No known or estimated 2024 yield in the Cour annex; cannot be area-sized without an estimate.,Sector levy,Business,Business production and sector levies,Low-yield sector/professional levies,Redevance sanitaire de découpage,Cour low-yield row classified from business/professional label.,"Business levy based on production, premises, turnover or sector activity.",no,,,0,
Redevance sanitaire de première mise sur le marché des produits de la pêche ou de l’aquaculture,Low-yield service-related levy on production paid by businesses,Low-yield service-related levy on production paid by businesses. Collector: DGFiP. Beneficiary: Budget général.,,,"Cour des comptes, Les taxes a faible rendement, annex listing, Apr 2025; file: code/data/france_tax/20250417-annexe-listing-des-taxes-concernees.xlsx; Cour Inventaire sheet id 152; Enjeu 2024",Cour low-yield-tax inventory id 152. Status: En vigueur entre 2019 et 2024. Objective: Service rendu; payer: Entreprises; base: Production. The Cour annex is an individual-tax inventory and may overlap with Eurostat grouped/aggregate NTL rows; do not sum both sources without reconciliation. English name is a descriptive label generated from the Cour structured fields; the Cour annex does not provide an official English legal title. No known or estimated 2024 yield in the Cour annex; cannot be area-sized without an estimate.,Sector levy,Business,Business production and sector levies,Low-yield sector/professional levies,Redevance sanitaire de première mise sur le marché des produits de la pêche ou de l’aquaculture,Cour low-yield row classified from business/professional label.,"Business levy based on production, premises, turnover or sector activity.",no,,,0,
Redevance sanitaire de transformation des produits de la pêche et de l’aquaculture,Low-yield service-related levy on production paid by businesses,Low-yield service-related levy on production paid by businesses. Collector: DGFiP. Beneficiary: Budget général.,,,"Cour des comptes, Les taxes a faible rendement, annex listing, Apr 2025; file: code/data/france_tax/20250417-annexe-listing-des-taxes-concernees.xlsx; Cour Inventaire sheet id 153; Enjeu 2024",Cour low-yield-tax inventory id 153. Status: En vigueur entre 2019 et 2024. Objective: Service rendu; payer: Entreprises; base: Production. The Cour annex is an individual-tax inventory and may overlap with Eurostat grouped/aggregate NTL rows; do not sum both sources without reconciliation. English name is a descriptive label generated from the Cour structured fields; the Cour annex does not provide an official English legal title. No known or estimated 2024 yield in the Cour annex; cannot be area-sized without an estimate.,Sector levy,Business,Business production and sector levies,Low-yield sector/professional levies,Redevance sanitaire de transformation des produits de la pêche et de l’aquaculture,Cour low-yield row classified from business/professional label.,"Business levy based on production, premises, turnover or sector activity.",no,,,0,
Redevance sanitaire liée à la certification des végétaux à l’exportation,Low-yield service-related levy on production paid by businesses,Low-yield service-related levy on production paid by businesses. Collector: Directions régionales de l'agriculture et de la forêt (DRAAF). Beneficiary: Budget général.,,,"Cour des comptes, Les taxes a faible rendement, annex listing, Apr 2025; file: code/data/france_tax/20250417-annexe-listing-des-taxes-concernees.xlsx; Cour Inventaire sheet id 154; Enjeu 2024",Cour low-yield-tax inventory id 154. Status: En vigueur entre 2019 et 2024. Objective: Service rendu; payer: Entreprises; base: Production. The Cour annex is an individual-tax inventory and may overlap with Eurostat grouped/aggregate NTL rows; do not sum both sources without reconciliation. English name is a descriptive label generated from the Cour structured fields; the Cour annex does not provide an official English legal title. No known or estimated 2024 yield in the Cour annex; cannot be area-sized without an estimate.,Agri-food inspection fee,Environmental,"Water, plant and animal inspection levies",Low-yield water/agri-food inspection levies,Redevance sanitaire liée à la certification des végétaux à l’exportation,Cour low-yield row classified from water/agri-food inspection label.,Tax or compulsory charge grouped under environmental.,no,,,0,
Redevance sanitaire pour le contrôle de certaines substances et de leurs résidus,Low-yield service-related levy on production paid by businesses,Low-yield service-related levy on production paid by businesses. Collector: DGFiP. Beneficiary: Budget général.,,,"Cour des comptes, Les taxes a faible rendement, annex listing, Apr 2025; file: code/data/france_tax/20250417-annexe-listing-des-taxes-concernees.xlsx; Cour Inventaire sheet id 155; Enjeu 2024",Cour low-yield-tax inventory id 155. Status: En vigueur entre 2019 et 2024. Objective: Service rendu; payer: Entreprises; base: Production. The Cour annex is an individual-tax inventory and may overlap with Eurostat grouped/aggregate NTL rows; do not sum both sources without reconciliation. English name is a descriptive label generated from the Cour structured fields; the Cour annex does not provide an official English legal title. No known or estimated 2024 yield in the Cour annex; cannot be area-sized without an estimate.,Sector levy,Business,Business production and sector levies,Low-yield sector/professional levies,Redevance sanitaire pour le contrôle de certaines substances et de leurs résidus,Cour low-yield row classified from business/professional label.,"Business levy based on production, premises, turnover or sector activity.",no,,,0,
Redevance sur la production des mines d'hydrocarbures liquides ou gazeux,Low-yield behavioural incentive levy on production paid by businesses,Low-yield behavioural incentive levy on production paid by businesses. Collector: DGDDI. Beneficiary: Budget général / Caisse autonome nationale de sécurité sociale dans les mines (CANSSM).,4000000,0.000137,"Cour des comptes, Les taxes a faible rendement, annex listing, Apr 2025; file: code/data/france_tax/20250417-annexe-listing-des-taxes-concernees.xlsx; Cour Inventaire sheet id 156; Enjeu 2024","Cour low-yield-tax inventory id 156. Status: En vigueur entre 2019 et 2024. Objective: Incitation; payer: Entreprises; base: Production. The Cour annex is an individual-tax inventory and may overlap with Eurostat grouped/aggregate NTL rows; do not sum both sources without reconciliation. English name is a descriptive label generated from the Cour structured fields; the Cour annex does not provide an official English legal title. Cour Enjeu 2019: EUR 5m. Revenue is the Cour 'enjeu 2024' figure, in EUR after conversion from EUR millions.",Hydrocarbon tax,Environmental,"Carbon, energy-transition and extraction levies",Low-yield emissions/resource levies,Redevance sur la production des mines d'hydrocarbures liquides ou gazeux,Cour low-yield row classified from carbon/resource/energy-transition label.,Levy on the production of liquid or gaseous hydrocarbons.,yes,4000000,0.000137,0,
Redevance sur les paris hippiques en ligne,Low-yield behavioural incentive levy on consumption paid by individuals,Low-yield behavioural incentive levy on consumption paid by individuals. Collector: DGFiP. Beneficiary: Budget général.,1149347,0.000039,"Cour des comptes, Les taxes a faible rendement, annex listing, Apr 2025; file: code/data/france_tax/20250417-annexe-listing-des-taxes-concernees.xlsx; Cour Inventaire sheet id 158; Enjeu 2019 uprated to 2024 using INSEE CPI",Cour low-yield-tax inventory id 158. Status: En vigueur entre 2019 et 2024. Objective: Incitation; payer: Particuliers; base: Consommation. The Cour annex is an individual-tax inventory and may overlap with Eurostat grouped/aggregate NTL rows; do not sum both sources without reconciliation. English name is a descriptive label generated from the Cour structured fields; the Cour annex does not provide an official English legal title. Cour Enjeu 2019: EUR 1m. No Cour Enjeu 2024 figure; revenue is an estimate from Cour Enjeu 2019 uprated to 2024 using INSEE annual-average CPI inflation for 2020-2024. CPI uprating factor used: 1.149347008.,Online racing betting fee 2,Goods/services,"Betting, gaming and lottery",Low-yield consumption/service levies,Redevance sur les paris hippiques en ligne,Cour low-yield row classified from legal label and base.,"Tax on betting, gaming, casinos or lotteries.",yes,1149347,0.000039,0,
Redevance sur les produits biocides,Low-yield service-related levy on production paid by businesses,Low-yield service-related levy on production paid by businesses. Collector: Agence nationale de sécurité sanitaire (ANSES). Beneficiary: Agence nationale de sécurité sanitaire (Anses).,3583000,0.000123,"Cour des comptes, Les taxes a faible rendement, annex listing, Apr 2025; file: code/data/france_tax/20250417-annexe-listing-des-taxes-concernees.xlsx; Cour Inventaire sheet id 160; Enjeu 2024","Cour low-yield-tax inventory id 160. Status: En vigueur entre 2019 et 2024. Objective: Service rendu; payer: Entreprises; base: Production. The Cour annex is an individual-tax inventory and may overlap with Eurostat grouped/aggregate NTL rows; do not sum both sources without reconciliation. English name is a descriptive label generated from the Cour structured fields; the Cour annex does not provide an official English legal title. Revenue is the Cour 'enjeu 2024' figure, in EUR after conversion from EUR millions.",Biocides fee,Business,Business production and sector levies,Low-yield sector/professional levies,Redevance sur les produits biocides,Cour low-yield row classified from business/professional label.,"Business levy based on production, premises, turnover or sector activity.",yes,3583000,0.000123,0,
Redevance versée par Réseau ferré de France au titre des frais de surveillance et de contrôle,Low-yield service-related levy on production paid by businesses,Low-yield service-related levy on production paid by businesses. Collector: Ministère de la transition écologique et de la cohésion des territoires. Beneficiary: Budget général.,,,"Cour des comptes, Les taxes a faible rendement, annex listing, Apr 2025; file: code/data/france_tax/20250417-annexe-listing-des-taxes-concernees.xlsx; Cour Inventaire sheet id 159; Enjeu 2024",Cour low-yield-tax inventory id 159. Status: En vigueur entre 2019 et 2024. Objective: Service rendu; payer: Entreprises; base: Production. The Cour annex is an individual-tax inventory and may overlap with Eurostat grouped/aggregate NTL rows; do not sum both sources without reconciliation. English name is a descriptive label generated from the Cour structured fields; the Cour annex does not provide an official English legal title. No known or estimated 2024 yield in the Cour annex; cannot be area-sized without an estimate.,Sector levy,Business,Business production and sector levies,Low-yield sector/professional levies,Redevance versée par Réseau ferré de France au titre des frais de surveillance et de contrôle,Cour low-yield row classified from business/professional label.,"Business levy based on production, premises, turnover or sector activity.",no,,,0,
Redevances communale et départementale des mines (part communale + part intercommunale + part départementale),Low-yield budget-raising levy on production paid by businesses,Low-yield budget-raising levy on production paid by businesses. Collector: DGFiP. Beneficiary: Communes / Départements.,19014735,0.000651,"Cour des comptes, Les taxes a faible rendement, annex listing, Apr 2025; file: code/data/france_tax/20250417-annexe-listing-des-taxes-concernees.xlsx; Cour Inventaire sheet id 161; Enjeu 2024","Cour low-yield-tax inventory id 161. Status: En vigueur entre 2019 et 2024. Objective: Rendement; payer: Entreprises; base: Production. The Cour annex is an individual-tax inventory and may overlap with Eurostat grouped/aggregate NTL rows; do not sum both sources without reconciliation. English name is a descriptive label generated from the Cour structured fields; the Cour annex does not provide an official English legal title. Cour Enjeu 2019: EUR 19.395m. Revenue is the Cour 'enjeu 2024' figure, in EUR after conversion from EUR millions.",Mining royalties,Business,Business production and sector levies,Low-yield sector/professional levies,Redevances communale et départementale des mines (part communale + part intercommunale + part départementale),Cour low-yield row classified from business/professional label.,"Business levy based on production, premises, turnover or sector activity.",yes,19014735,0.000651,0,
Redevances cynégétiques,Low-yield service-related levy on consumption paid by individuals,"Low-yield service-related levy on consumption paid by individuals. Collector: Office français de la biodiversité (OFB), anciennement ONCFS. Beneficiary: Office français de la biodiversité (OFB), anciennement ONCFS.",52140127,0.001786,"Cour des comptes, Les taxes a faible rendement, annex listing, Apr 2025; file: code/data/france_tax/20250417-annexe-listing-des-taxes-concernees.xlsx; Cour Inventaire sheet id 162; Enjeu 2019 uprated to 2024 using INSEE CPI",Cour low-yield-tax inventory id 162. Status: En vigueur entre 2019 et 2024. Objective: Service rendu; payer: Particuliers; base: Consommation. The Cour annex is an individual-tax inventory and may overlap with Eurostat grouped/aggregate NTL rows; do not sum both sources without reconciliation. English name is a descriptive label generated from the Cour structured fields; the Cour annex does not provide an official English legal title. Cour Enjeu 2019: EUR 45.365m. No Cour Enjeu 2024 figure; revenue is an estimate from Cour Enjeu 2019 uprated to 2024 using INSEE annual-average CPI inflation for 2020-2024. CPI uprating factor used: 1.149347008.,Hunting fees,Other,Service-related tax-like charges,Low-yield administrative/service charges,Redevances cynégétiques,Cour service-related row classified from legal label.,Hunting-related fees treated as tax revenue.,yes,52140127,0.001786,0,
Redevances d'usage des fréquences radioélectriques (part ANFR),Low-yield service-related levy on production paid by businesses,Low-yield service-related levy on production paid by businesses. Collector: DGFiP. Beneficiary: Budget général.,,,"Cour des comptes, Les taxes a faible rendement, annex listing, Apr 2025; file: code/data/france_tax/20250417-annexe-listing-des-taxes-concernees.xlsx; Cour Inventaire sheet id 164; Enjeu 2024",Cour low-yield-tax inventory id 164. Status: En vigueur entre 2019 et 2024. Objective: Service rendu; payer: Entreprises; base: Production. The Cour annex is an individual-tax inventory and may overlap with Eurostat grouped/aggregate NTL rows; do not sum both sources without reconciliation. English name is a descriptive label generated from the Cour structured fields; the Cour annex does not provide an official English legal title. No known or estimated 2024 yield in the Cour annex; cannot be area-sized without an estimate.,Sector levy,Business,Business production and sector levies,Low-yield sector/professional levies,Redevances d'usage des fréquences radioélectriques (part ANFR),Cour low-yield row classified from business/professional label.,"Business levy based on production, premises, turnover or sector activity.",no,,,0,
Redevances de l’eau dans les départements d’outre-mer,Low-yield budget-raising levy on consumption paid by businesses,Low-yield budget-raising levy on consumption paid by businesses. Collector: Agences de l'eau. Beneficiary: Offices de l'eau d'outre-mer.,28000000,0.000959,"Cour des comptes, Les taxes a faible rendement, annex listing, Apr 2025; file: code/data/france_tax/20250417-annexe-listing-des-taxes-concernees.xlsx; Cour Inventaire sheet id 163; Enjeu 2024","Cour low-yield-tax inventory id 163. Status: En vigueur entre 2019 et 2024. Objective: Rendement; payer: Entreprises; base: Consommation. The Cour annex is an individual-tax inventory and may overlap with Eurostat grouped/aggregate NTL rows; do not sum both sources without reconciliation. English name is a descriptive label generated from the Cour structured fields; the Cour annex does not provide an official English legal title. Cour Enjeu 2019: EUR 28m. Revenue is the Cour 'enjeu 2024' figure, in EUR after conversion from EUR millions.",Water levy,Environmental,"Water, plant and animal inspection levies",Low-yield water/agri-food inspection levies,Redevances de l’eau dans les départements d’outre-mer,Cour low-yield row classified from water/agri-food inspection label.,"Water, sewerage or sanitation-related levy.",yes,28000000,0.000959,0,
Redevances perçues par l'INPI,Low-yield service-related levy on production paid by businesses,Low-yield service-related levy on production paid by businesses. Collector: Institut National de la Propriété Industrielle (INPI). Beneficiary: Institut national de la propriété industrielle (INPI).,170000000,0.005822,"Cour des comptes, Les taxes a faible rendement, annex listing, Apr 2025; file: code/data/france_tax/20250417-annexe-listing-des-taxes-concernees.xlsx; Cour Inventaire sheet id 165; Enjeu 2024","Cour low-yield-tax inventory id 165. Status: En vigueur entre 2019 et 2024. Objective: Service rendu; payer: Entreprises; base: Production. The Cour annex is an individual-tax inventory and may overlap with Eurostat grouped/aggregate NTL rows; do not sum both sources without reconciliation. English name is a descriptive label generated from the Cour structured fields; the Cour annex does not provide an official English legal title. Cour Enjeu 2019: EUR 234.837m. Revenue is the Cour 'enjeu 2024' figure, in EUR after conversion from EUR millions.",Patent office fees,Business,Business production and sector levies,Low-yield sector/professional levies,Redevances perçues par l'INPI,Cour low-yield row classified from business/professional label.,"Business levy based on production, premises, turnover or sector activity.",yes,170000000,0.005822,0,
"Redevances perçues pour la surveillance des établissements de jeux, hippodromes et cynodromes",Low-yield service-related levy on consumption paid by businesses,Low-yield service-related levy on consumption paid by businesses. Collector: DGFiP. Beneficiary: Budget général.,,,"Cour des comptes, Les taxes a faible rendement, annex listing, Apr 2025; file: code/data/france_tax/20250417-annexe-listing-des-taxes-concernees.xlsx; Cour Inventaire sheet id 166; Enjeu 2024",Cour low-yield-tax inventory id 166. Status: En vigueur entre 2019 et 2024. Objective: Service rendu; payer: Entreprises; base: Consommation. The Cour annex is an individual-tax inventory and may overlap with Eurostat grouped/aggregate NTL rows; do not sum both sources without reconciliation. English name is a descriptive label generated from the Cour structured fields; the Cour annex does not provide an official English legal title. No known or estimated 2024 yield in the Cour annex; cannot be area-sized without an estimate.,Low-yield service-related levy…,Goods/services,"Betting, gaming and lottery",Low-yield consumption/service levies,"Redevances perçues pour la surveillance des établissements de jeux, hippodromes et cynodromes",Cour low-yield row classified from legal label and base.,"Tax on betting, gaming, casinos or lotteries.",no,,,0,
Redevances pour pollutions diffuses,Low-yield behavioural incentive levy on consumption paid by businesses,Low-yield behavioural incentive levy on consumption paid by businesses. Collector: Agences de l'eau. Beneficiary: Agences de l'eau / Office national de l'eau et des milieux aquatiques (ONEMA).,,,"Cour des comptes, Les taxes a faible rendement, annex listing, Apr 2025; file: code/data/france_tax/20250417-annexe-listing-des-taxes-concernees.xlsx; Cour Inventaire sheet id 167; Enjeu 2024",Cour low-yield-tax inventory id 167. Status: En vigueur entre 2019 et 2024. Objective: Incitation; payer: Entreprises; base: Consommation. The Cour annex is an individual-tax inventory and may overlap with Eurostat grouped/aggregate NTL rows; do not sum both sources without reconciliation. English name is a descriptive label generated from the Cour structured fields; the Cour annex does not provide an official English legal title. No known or estimated 2024 yield in the Cour annex; cannot be area-sized without an estimate.,Pollution tax,Environmental,Pollution taxes,Low-yield pollution levies,Redevances pour pollutions diffuses,Cour low-yield row classified from pollution label.,Tax on pollution or environmentally harmful activities.,no,,,0,
Redevances proportionnelles sur l'énergie hydraulique,Low-yield service-related levy on production paid by businesses,Low-yield service-related levy on production paid by businesses. Collector: Ministère de la transition écologique et de la cohésion des territoires. Beneficiary: Budget général / Communes / Départements.,19915700,0.000682,"Cour des comptes, Les taxes a faible rendement, annex listing, Apr 2025; file: code/data/france_tax/20250417-annexe-listing-des-taxes-concernees.xlsx; Cour Inventaire sheet id 168; Enjeu 2024","Cour low-yield-tax inventory id 168. Status: En vigueur entre 2019 et 2024. Objective: Service rendu; payer: Entreprises; base: Production. The Cour annex is an individual-tax inventory and may overlap with Eurostat grouped/aggregate NTL rows; do not sum both sources without reconciliation. English name is a descriptive label generated from the Cour structured fields; the Cour annex does not provide an official English legal title. Cour Enjeu 2019: EUR 2.258m. Revenue is the Cour 'enjeu 2024' figure, in EUR after conversion from EUR millions.",Hydropower royalties,Business,Business production and sector levies,Low-yield sector/professional levies,Redevances proportionnelles sur l'énergie hydraulique,Cour low-yield row classified from business/professional label.,"Business levy based on production, premises, turnover or sector activity.",yes,19915700,0.000682,0,
Redevances sur les prélèvements de l'eau,Usage fee on water extraction,Eurostat national-tax-list line classified as ESA code D214H. Economic function: consumption. Environmental/property tag: pollution.,826000000,0.028289,"Eurostat, National Tax Lists - individual taxes, updated 22 Apr 2026; file: code/data/france_tax/eurostat_national_tax_lists_2025_2026-04-22.xlsx; FR sheet; STO D214H; DETAILS C07; 2024","Eurostat NTL covers general government plus EU institutions (S.13 + S.212), so local taxes are in scope.",Water abstraction fees,Environmental,Water and flood levies,Water/flood/resource levies,Redevances sur les prélèvements de l'eau,UK-equivalent treatment: water/resource charges sit with environmental taxes.,Charges on water abstraction treated as taxes in the national accounts.,yes,826000000,0.028289,0,
Redevances UMTS 2G et 3G,Low-yield service-related levy on production paid by businesses,Low-yield service-related levy on production paid by businesses. Collector: Autorité de régulation des communications électroniques et des postes (ARCEP). Beneficiary: Caisse nationale d'assurance-vieillesse (CNAV).,33731966,0.001155,"Cour des comptes, Les taxes a faible rendement, annex listing, Apr 2025; file: code/data/france_tax/20250417-annexe-listing-des-taxes-concernees.xlsx; Cour Inventaire sheet id 170; Enjeu 2024","Cour low-yield-tax inventory id 170. Status: En vigueur entre 2019 et 2024. Objective: Service rendu; payer: Entreprises; base: Production. The Cour annex is an individual-tax inventory and may overlap with Eurostat grouped/aggregate NTL rows; do not sum both sources without reconciliation. English name is a descriptive label generated from the Cour structured fields; the Cour annex does not provide an official English legal title. Cour Enjeu 2019: EUR 23m. Revenue is the Cour 'enjeu 2024' figure, in EUR after conversion from EUR millions.",Mobile spectrum fees,Goods/services,Specific services and media taxes,Low-yield consumption/service levies,Redevances UMTS 2G et 3G,Cour low-yield row classified from legal label and base.,Mobile spectrum charges counted as tax-like revenue.,yes,33731966,0.001155,0,
Retenue sur les bénéfices non commerciaux,Tax on non business profits,Eurostat national-tax-list line classified as ESA code D51O. Economic function: corporate capital income.,660000000,0.022604,"Eurostat, National Tax Lists - individual taxes, updated 22 Apr 2026; file: code/data/france_tax/eurostat_national_tax_lists_2025_2026-04-22.xlsx; FR sheet; STO D51O; DETAILS C07; 2024","Eurostat NTL covers general government plus EU institutions (S.13 + S.212), so local taxes are in scope.",Non-business profits tax,Business,Profit and sector taxes,Corporate and sector profits,Retenue sur les bénéfices non commerciaux,UK-equivalent treatment: corporation/profit/sector levies sit with business taxes.,Withholding tax on some non-commercial profits.,yes,660000000,0.022604,0,
"Sommes constatées par les clubs de jeux au titre des ""orphelins""",Low-yield budget-raising levy on production paid by businesses,Low-yield budget-raising levy on production paid by businesses. Collector: DGFiP. Beneficiary: Centre communal d'action sociale de la ville de Paris.,,,"Cour des comptes, Les taxes a faible rendement, annex listing, Apr 2025; file: code/data/france_tax/20250417-annexe-listing-des-taxes-concernees.xlsx; Cour Inventaire sheet id 341; Enjeu 2024",Cour low-yield-tax inventory id 341. Status: Créée entre 2019 et 2024. Objective: Rendement; payer: Entreprises; base: Production. The Cour annex is an individual-tax inventory and may overlap with Eurostat grouped/aggregate NTL rows; do not sum both sources without reconciliation. English name is a descriptive label generated from the Cour structured fields; the Cour annex does not provide an official English legal title. No known or estimated 2024 yield in the Cour annex; cannot be area-sized without an estimate.,Low-yield budget-raising levy o…,Goods/services,"Betting, gaming and lottery",Low-yield consumption/service levies,"Sommes constatées par les clubs de jeux au titre des ""orphelins""",Cour low-yield row classified from legal label and base.,"Tax on betting, gaming, casinos or lotteries.",no,,,0,
Soulte rhum et tafias,Low-yield behavioural incentive levy on production paid by businesses,Low-yield behavioural incentive levy on production paid by businesses. Collector: DGDDI. Beneficiary: Budget général.,,,"Cour des comptes, Les taxes a faible rendement, annex listing, Apr 2025; file: code/data/france_tax/20250417-annexe-listing-des-taxes-concernees.xlsx; Cour Inventaire sheet id 347; Enjeu 2024",Cour low-yield-tax inventory id 347. Status: En vigueur entre 2019 et 2024. Objective: Incitation; payer: Entreprises; base: Production. The Cour annex is an individual-tax inventory and may overlap with Eurostat grouped/aggregate NTL rows; do not sum both sources without reconciliation. English name is a descriptive label generated from the Cour structured fields; the Cour annex does not provide an official English legal title. No known or estimated 2024 yield in the Cour annex; cannot be area-sized without an estimate.,Sector levy,Business,Business production and sector levies,Low-yield sector/professional levies,Soulte rhum et tafias,Cour low-yield row classified from business/professional label.,"Business levy based on production, premises, turnover or sector activity.",no,,,0,
Surtaxe sur les eaux minérales,Low-yield budget-raising levy on production paid by businesses,Low-yield budget-raising levy on production paid by businesses. Collector: DGFiP. Beneficiary: Communes / Départements.,19989326,0.000685,"Cour des comptes, Les taxes a faible rendement, annex listing, Apr 2025; file: code/data/france_tax/20250417-annexe-listing-des-taxes-concernees.xlsx; Cour Inventaire sheet id 171; Enjeu 2024","Cour low-yield-tax inventory id 171. Status: En vigueur entre 2019 et 2024. Objective: Rendement; payer: Entreprises; base: Production. The Cour annex is an individual-tax inventory and may overlap with Eurostat grouped/aggregate NTL rows; do not sum both sources without reconciliation. English name is a descriptive label generated from the Cour structured fields; the Cour annex does not provide an official English legal title. Cour Enjeu 2019: EUR 22.587m. Revenue is the Cour 'enjeu 2024' figure, in EUR after conversion from EUR millions.",Mineral water surtax,Environmental,"Water, plant and animal inspection levies",Low-yield water/agri-food inspection levies,Surtaxe sur les eaux minérales,Cour low-yield row classified from water/agri-food inspection label.,Surtax on mineral waters.,yes,19989326,0.000685,0,
"TA-TINB - Taxe additionnelle à la taxe sur les installations nucléaires de base dite ""Accompagnement""",Low-yield budget-raising levy on production paid by businesses,"Low-yield budget-raising levy on production paid by businesses. Collector: DGFiP. Beneficiary: Groupements d'intérêt public ""Objectif Meuse"" / Groupements d'intérêt public ""Haute-Marne"".",65779428,0.002253,"Cour des comptes, Les taxes a faible rendement, annex listing, Apr 2025; file: code/data/france_tax/20250417-annexe-listing-des-taxes-concernees.xlsx; Cour Inventaire sheet id 173; Enjeu 2019 uprated to 2024 using INSEE CPI",Cour low-yield-tax inventory id 173. Status: En vigueur entre 2019 et 2024. Objective: Rendement; payer: Entreprises; base: Production. The Cour annex is an individual-tax inventory and may overlap with Eurostat grouped/aggregate NTL rows; do not sum both sources without reconciliation. English name is a descriptive label generated from the Cour structured fields; the Cour annex does not provide an official English legal title. Cour Enjeu 2019: EUR 57.232m. No Cour Enjeu 2024 figure; revenue is an estimate from Cour Enjeu 2019 uprated to 2024 using INSEE annual-average CPI inflation for 2020-2024. CPI uprating factor used: 1.149347008.,Nuclear support tax,Environmental,Nuclear safety and radioprotection levies,Low-yield nuclear safety levies,"TA-TINB - Taxe additionnelle à la taxe sur les installations nucléaires de base dite ""Accompagnement""",Cour low-yield row classified from nuclear safety/radioprotection label.,Additional tax on nuclear installations used for local support around nuclear sites.,yes,65779428,0.002253,0,
"TA-TINB - Taxe additionnelle à la taxe sur les installations nucléaires de base dite ""de stockage""",Low-yield budget-raising levy on production paid by businesses,"Low-yield budget-raising levy on production paid by businesses. Collector: DGFiP. Beneficiary: Communes, départements et EPCI proches de centres de stockage de déchets radioactifs.",3300000,0.000113,"Cour des comptes, Les taxes a faible rendement, annex listing, Apr 2025; file: code/data/france_tax/20250417-annexe-listing-des-taxes-concernees.xlsx; Cour Inventaire sheet id 174; Enjeu 2024","Cour low-yield-tax inventory id 174. Status: En vigueur entre 2019 et 2024. Objective: Rendement; payer: Entreprises; base: Production. The Cour annex is an individual-tax inventory and may overlap with Eurostat grouped/aggregate NTL rows; do not sum both sources without reconciliation. English name is a descriptive label generated from the Cour structured fields; the Cour annex does not provide an official English legal title. Cour Enjeu 2019: EUR 3.3m. Revenue is the Cour 'enjeu 2024' figure, in EUR after conversion from EUR millions.",Nuclear storage tax,Environmental,Pollution taxes,Low-yield pollution levies,"TA-TINB - Taxe additionnelle à la taxe sur les installations nucléaires de base dite ""de stockage""",Cour low-yield row classified from pollution label.,Additional tax on nuclear installations for radioactive-waste storage.,yes,3300000,0.000113,0,
"TA-TINB - Taxe additionnelle à la taxe sur les installations nucléaires de base dite ""Recherche""",Low-yield budget-raising levy on production paid by businesses,Low-yield budget-raising levy on production paid by businesses. Collector: DGFiP. Beneficiary: Agence nationale pour la gestion des déchets radioactifs (Andra).,63237400,0.002166,"Cour des comptes, Les taxes a faible rendement, annex listing, Apr 2025; file: code/data/france_tax/20250417-annexe-listing-des-taxes-concernees.xlsx; Cour Inventaire sheet id 176; Enjeu 2024","Cour low-yield-tax inventory id 176. Status: En vigueur entre 2019 et 2024. Objective: Rendement; payer: Entreprises; base: Production. The Cour annex is an individual-tax inventory and may overlap with Eurostat grouped/aggregate NTL rows; do not sum both sources without reconciliation. English name is a descriptive label generated from the Cour structured fields; the Cour annex does not provide an official English legal title. Cour Enjeu 2019: EUR 64.35m. Revenue is the Cour 'enjeu 2024' figure, in EUR after conversion from EUR millions.",Nuclear research tax,Environmental,Pollution taxes,Low-yield pollution levies,"TA-TINB - Taxe additionnelle à la taxe sur les installations nucléaires de base dite ""Recherche""",Cour low-yield row classified from pollution label.,Additional tax on nuclear installations for research funding.,yes,63237400,0.002166,0,
Taxe additionnelle au droit de bail,Low-yield budget-raising levy on capital paid by individuals,Low-yield budget-raising levy on capital paid by individuals. Collector: DGFiP. Beneficiary: Budget général.,,,"Cour des comptes, Les taxes a faible rendement, annex listing, Apr 2025; file: code/data/france_tax/20250417-annexe-listing-des-taxes-concernees.xlsx; Cour Inventaire sheet id 184; Enjeu 2024",Cour low-yield-tax inventory id 184. Status: En vigueur entre 2019 et 2024. Objective: Rendement; payer: Particuliers; base: Capital. The Cour annex is an individual-tax inventory and may overlap with Eurostat grouped/aggregate NTL rows; do not sum both sources without reconciliation. English name is a descriptive label generated from the Cour structured fields; the Cour annex does not provide an official English legal title. No known or estimated 2024 yield in the Cour annex; cannot be area-sized without an estimate.,Lease duty,Land,"Land, buildings and development levies",Low-yield property/development taxes,Taxe additionnelle au droit de bail,Cour low-yield row classified from land/property label.,Tax or compulsory charge grouped under land.,no,,,0,
Taxe additionnelle départementale à la taxe de séjour,Low-yield budget-raising levy on consumption paid by individuals,Low-yield budget-raising levy on consumption paid by individuals. Collector: Communes / Groupements de communes. Beneficiary: Départements.,71402694,0.002445,"Cour des comptes, Les taxes a faible rendement, annex listing, Apr 2025; file: code/data/france_tax/20250417-annexe-listing-des-taxes-concernees.xlsx; Cour Inventaire sheet id 185; Enjeu 2024","Cour low-yield-tax inventory id 185. Status: En vigueur entre 2019 et 2024. Objective: Rendement; payer: Particuliers; base: Consommation. The Cour annex is an individual-tax inventory and may overlap with Eurostat grouped/aggregate NTL rows; do not sum both sources without reconciliation. English name is a descriptive label generated from the Cour structured fields; the Cour annex does not provide an official English legal title. Cour Enjeu 2019: EUR 49.943m. Revenue is the Cour 'enjeu 2024' figure, in EUR after conversion from EUR millions.",Tourist tax surtax,Goods/services,Immigration/nationality charges classified as taxes,Low-yield consumption/service levies,Taxe additionnelle départementale à la taxe de séjour,Cour low-yield row classified from legal label and base.,Additional departmental tax on tourist accommodation.,yes,71402694,0.002445,0,
Taxe additionnelle régionale de 15% à la taxe de séjour IDF,Low-yield budget-raising levy on consumption paid by individuals,Low-yield budget-raising levy on consumption paid by individuals. Collector: Région Ile-de-France. Beneficiary: Société des grands projets (SGP).,15000000,0.000514,"Cour des comptes, Les taxes a faible rendement, annex listing, Apr 2025; file: code/data/france_tax/20250417-annexe-listing-des-taxes-concernees.xlsx; Cour Inventaire sheet id 186; Enjeu 2024","Cour low-yield-tax inventory id 186. Status: Créée entre 2019 et 2024. Objective: Rendement; payer: Particuliers; base: Consommation. The Cour annex is an individual-tax inventory and may overlap with Eurostat grouped/aggregate NTL rows; do not sum both sources without reconciliation. English name is a descriptive label generated from the Cour structured fields; the Cour annex does not provide an official English legal title. Cour Enjeu 2019: EUR 1.5m. Revenue is the Cour 'enjeu 2024' figure, in EUR after conversion from EUR millions.",Tourism tax,Goods/services,Immigration/nationality charges classified as taxes,Low-yield consumption/service levies,Taxe additionnelle régionale de 15% à la taxe de séjour IDF,Cour low-yield row classified from legal label and base.,Additional Paris-region tax on tourist accommodation.,yes,15000000,0.000514,0,
Taxe additionnelle sur le foncier non-bâti,Low-yield budget-raising levy on capital paid by individuals,Low-yield budget-raising levy on capital paid by individuals. Collector: DGFiP. Beneficiary: Collectivités territoriales.,94200000,0.003226,"Cour des comptes, Les taxes a faible rendement, annex listing, Apr 2025; file: code/data/france_tax/20250417-annexe-listing-des-taxes-concernees.xlsx; Cour Inventaire sheet id 354; Enjeu 2024","Cour low-yield-tax inventory id 354. Status: Créée entre 2019 et 2024. Objective: Rendement; payer: Particuliers; base: Capital. The Cour annex is an individual-tax inventory and may overlap with Eurostat grouped/aggregate NTL rows; do not sum both sources without reconciliation. English name is a descriptive label generated from the Cour structured fields; the Cour annex does not provide an official English legal title. Revenue is the Cour 'enjeu 2024' figure, in EUR after conversion from EUR millions.",Unbuilt land surtax,Land,"Land, buildings and development levies",Low-yield property/development taxes,Taxe additionnelle sur le foncier non-bâti,Cour low-yield row classified from land/property label.,Additional tax on undeveloped land.,yes,94200000,0.003226,0,
Taxe additionnelle à la TASCOM,Low-yield budget-raising levy on production paid by businesses,Low-yield budget-raising levy on production paid by businesses. Collector: DGFiP. Beneficiary: Budget général.,,,"Cour des comptes, Les taxes a faible rendement, annex listing, Apr 2025; file: code/data/france_tax/20250417-annexe-listing-des-taxes-concernees.xlsx; Cour Inventaire sheet id 178; Enjeu 2024",Cour low-yield-tax inventory id 178. Status: En vigueur entre 2019 et 2024. Objective: Rendement; payer: Entreprises; base: Production. The Cour annex is an individual-tax inventory and may overlap with Eurostat grouped/aggregate NTL rows; do not sum both sources without reconciliation. English name is a descriptive label generated from the Cour structured fields; the Cour annex does not provide an official English legal title. No known or estimated 2024 yield in the Cour annex; cannot be area-sized without an estimate.,Sector levy,Business,Business production and sector levies,Low-yield sector/professional levies,Taxe additionnelle à la TASCOM,Cour low-yield row classified from business/professional label.,"Business levy based on production, premises, turnover or sector activity.",no,,,0,
"Taxe additionnelle à la taxe de séjour dans les départements de l'Hérault, de l'Aude et des Pyrénées-Orientales",Low-yield budget-raising levy on consumption paid by individuals,Low-yield budget-raising levy on consumption paid by individuals. Collector: Communes / Groupements de communes. Beneficiary: Société de la Ligne Nouvelle Montpellier-Perpignan.,,,"Cour des comptes, Les taxes a faible rendement, annex listing, Apr 2025; file: code/data/france_tax/20250417-annexe-listing-des-taxes-concernees.xlsx; Cour Inventaire sheet id 351; Enjeu 2024",Cour low-yield-tax inventory id 351. Status: Créée entre 2019 et 2024. Objective: Rendement; payer: Particuliers; base: Consommation. The Cour annex is an individual-tax inventory and may overlap with Eurostat grouped/aggregate NTL rows; do not sum both sources without reconciliation. English name is a descriptive label generated from the Cour structured fields; the Cour annex does not provide an official English legal title. No known or estimated 2024 yield in the Cour annex; cannot be area-sized without an estimate.,Tourism tax,Goods/services,Immigration/nationality charges classified as taxes,Low-yield consumption/service levies,"Taxe additionnelle à la taxe de séjour dans les départements de l'Hérault, de l'Aude et des Pyrénées-Orientales",Cour low-yield row classified from legal label and base.,Additional Paris-region tax on tourist accommodation.,no,,,0,
"Taxe additionnelle à la taxe de séjour dans les départements de la Gironde, des Landes, du Lot-et-Garonne, des Pyrénées-Atlantiques, de la Haute-Garonne, du Gers, des Hautes-Pyrénées, de l'Ariège, du Lot, du Tarn et du Tarn-et-Garonne",Low-yield budget-raising levy on consumption paid by individuals,Low-yield budget-raising levy on consumption paid by individuals. Collector: Communes / Groupements de communes. Beneficiary: Société du Grand Projet du Sud-Ouest (SGPSO).,,,"Cour des comptes, Les taxes a faible rendement, annex listing, Apr 2025; file: code/data/france_tax/20250417-annexe-listing-des-taxes-concernees.xlsx; Cour Inventaire sheet id 350; Enjeu 2024",Cour low-yield-tax inventory id 350. Status: Créée entre 2019 et 2024. Objective: Rendement; payer: Particuliers; base: Consommation. The Cour annex is an individual-tax inventory and may overlap with Eurostat grouped/aggregate NTL rows; do not sum both sources without reconciliation. English name is a descriptive label generated from the Cour structured fields; the Cour annex does not provide an official English legal title. No known or estimated 2024 yield in the Cour annex; cannot be area-sized without an estimate.,Tourism tax,Goods/services,Immigration/nationality charges classified as taxes,Low-yield consumption/service levies,"Taxe additionnelle à la taxe de séjour dans les départements de la Gironde, des Landes, du Lot-et-Garonne, des Pyrénées-Atlantiques, de la Haute-Garonne, du Gers, des Hautes-Pyrénées, de l'Ariège, du Lot, du Tarn et du Tarn-et-Garonne",Cour low-yield row classified from legal label and base.,Additional Paris-region tax on tourist accommodation.,no,,,0,
"Taxe additionnelle à la taxe de séjour dans les départements des Bouches-du-Rhône, du Var et des Alpes-Maritimes",Low-yield budget-raising levy on consumption paid by individuals,Low-yield budget-raising levy on consumption paid by individuals. Collector: Communes / Groupements de communes. Beneficiary: Société de la Ligne Nouvelle Provence Côte d'Azur.,,,"Cour des comptes, Les taxes a faible rendement, annex listing, Apr 2025; file: code/data/france_tax/20250417-annexe-listing-des-taxes-concernees.xlsx; Cour Inventaire sheet id 349; Enjeu 2024",Cour low-yield-tax inventory id 349. Status: Créée entre 2019 et 2024. Objective: Rendement; payer: Particuliers; base: Consommation. The Cour annex is an individual-tax inventory and may overlap with Eurostat grouped/aggregate NTL rows; do not sum both sources without reconciliation. English name is a descriptive label generated from the Cour structured fields; the Cour annex does not provide an official English legal title. No known or estimated 2024 yield in the Cour annex; cannot be area-sized without an estimate.,Tourism tax,Goods/services,Immigration/nationality charges classified as taxes,Low-yield consumption/service levies,"Taxe additionnelle à la taxe de séjour dans les départements des Bouches-du-Rhône, du Var et des Alpes-Maritimes",Cour low-yield row classified from legal label and base.,Additional Paris-region tax on tourist accommodation.,no,,,0,
Taxe additionnelle à la taxe sur les certificats d'immatriculation des véhicules de tourisme (Art 34 LFI 2018),Low-yield budget-raising levy on consumption paid by individuals,Low-yield budget-raising levy on consumption paid by individuals. Collector: Professionnels du commerce de l'automobile titulaires d'une commission délivrée par l'administration des finances et ministère intérieur. Beneficiary: Budget général.,,,"Cour des comptes, Les taxes a faible rendement, annex listing, Apr 2025; file: code/data/france_tax/20250417-annexe-listing-des-taxes-concernees.xlsx; Cour Inventaire sheet id 182; Enjeu 2024",Cour low-yield-tax inventory id 182. Status: En vigueur entre 2019 et 2024. Objective: Rendement; payer: Particuliers; base: Consommation. The Cour annex is an individual-tax inventory and may overlap with Eurostat grouped/aggregate NTL rows; do not sum both sources without reconciliation. English name is a descriptive label generated from the Cour structured fields; the Cour annex does not provide an official English legal title. No known or estimated 2024 yield in the Cour annex; cannot be area-sized without an estimate.,Vehicle tax,Goods/services,Transport and vehicle taxes,Low-yield consumption/service levies,Taxe additionnelle à la taxe sur les certificats d'immatriculation des véhicules de tourisme (Art 34 LFI 2018),Cour low-yield row classified from legal label and base.,"Tax on vehicles, transport services or transport use.",no,,,0,
Taxe affectée au financement de l'institut des corps gras,Low-yield budget-raising levy on consumption paid by businesses,Low-yield budget-raising levy on consumption paid by businesses. Collector: Etablissement national des produits de l’agriculture et de la mer (FranceAgriMer). Beneficiary: Institut des corps gras (ITERG).,602515,0.000021,"Cour des comptes, Les taxes a faible rendement, annex listing, Apr 2025; file: code/data/france_tax/20250417-annexe-listing-des-taxes-concernees.xlsx; Cour Inventaire sheet id 190; Enjeu 2024","Cour low-yield-tax inventory id 190. Status: En vigueur entre 2019 et 2024. Objective: Rendement; payer: Entreprises; base: Consommation. The Cour annex is an individual-tax inventory and may overlap with Eurostat grouped/aggregate NTL rows; do not sum both sources without reconciliation. English name is a descriptive label generated from the Cour structured fields; the Cour annex does not provide an official English legal title. Cour Enjeu 2019: EUR 0.509m. Revenue is the Cour 'enjeu 2024' figure, in EUR after conversion from EUR millions.",Oils/fats levy,Business,Business production and sector levies,Low-yield sector/professional levies,Taxe affectée au financement de l'institut des corps gras,Cour low-yield row classified from business/professional label.,"Business levy based on production, premises, turnover or sector activity.",yes,602515,0.000021,0,
Taxe affectée au financement d’un nouveau Centre Technique Industriel de la plasturgie et des composites,Low-yield market-failure correction levy on consumption paid by businesses,Low-yield market-failure correction levy on consumption paid by businesses. Collector: DGDDI. Beneficiary: Centre technique industriel de la plasturgie et des composites (CTIPC).,7440000,0.000255,"Cour des comptes, Les taxes a faible rendement, annex listing, Apr 2025; file: code/data/france_tax/20250417-annexe-listing-des-taxes-concernees.xlsx; Cour Inventaire sheet id 189; Enjeu 2024","Cour low-yield-tax inventory id 189. Status: En vigueur entre 2019 et 2024. Objective: Correction défaillance marché; payer: Entreprises; base: Consommation. The Cour annex is an individual-tax inventory and may overlap with Eurostat grouped/aggregate NTL rows; do not sum both sources without reconciliation. English name is a descriptive label generated from the Cour structured fields; the Cour annex does not provide an official English legal title. Cour Enjeu 2019: EUR 6.376m. Revenue is the Cour 'enjeu 2024' figure, in EUR after conversion from EUR millions.",Plastics industry levy,Business,Business production and sector levies,Low-yield sector/professional levies,Taxe affectée au financement d’un nouveau Centre Technique Industriel de la plasturgie et des composites,Cour low-yield row classified from business/professional label.,Levy used to fund a technical centre for the plastics and composites industry.,yes,7440000,0.000255,0,
Taxe annuelle due par les laboratoires de biologie médicale,Low-yield budget-raising levy on production paid by businesses,Low-yield budget-raising levy on production paid by businesses. Collector: Agences régionales de santé (ARS). Beneficiary: Caisse nationale d'assurance-maladie (CNAM).,71000000,0.002432,"Cour des comptes, Les taxes a faible rendement, annex listing, Apr 2025; file: code/data/france_tax/20250417-annexe-listing-des-taxes-concernees.xlsx; Cour Inventaire sheet id 192; Enjeu 2024","Cour low-yield-tax inventory id 192. Status: En vigueur entre 2019 et 2024. Objective: Rendement; payer: Entreprises; base: Production. The Cour annex is an individual-tax inventory and may overlap with Eurostat grouped/aggregate NTL rows; do not sum both sources without reconciliation. English name is a descriptive label generated from the Cour structured fields; the Cour annex does not provide an official English legal title. Revenue is the Cour 'enjeu 2024' figure, in EUR after conversion from EUR millions.",Medical lab levy,Goods/services,Insurance taxes,Low-yield insurance levies,Taxe annuelle due par les laboratoires de biologie médicale,Cour low-yield row classified from insurance label.,Tax or levy on insurance contracts or premiums.,yes,71000000,0.002432,0,
Taxe annuelle sur la vente des produits phytopharmaceutiques,Low-yield behavioural incentive levy on consumption paid by businesses,Low-yield behavioural incentive levy on consumption paid by businesses. Collector: DGFiP. Beneficiary: Agence nationale de sécurité sanitaire (Anses).,4179000,0.000143,"Cour des comptes, Les taxes a faible rendement, annex listing, Apr 2025; file: code/data/france_tax/20250417-annexe-listing-des-taxes-concernees.xlsx; Cour Inventaire sheet id 194; Enjeu 2024","Cour low-yield-tax inventory id 194. Status: En vigueur entre 2019 et 2024. Objective: Incitation; payer: Entreprises; base: Consommation. The Cour annex is an individual-tax inventory and may overlap with Eurostat grouped/aggregate NTL rows; do not sum both sources without reconciliation. English name is a descriptive label generated from the Cour structured fields; the Cour annex does not provide an official English legal title. Cour Enjeu 2019: EUR 4.42m. Revenue is the Cour 'enjeu 2024' figure, in EUR after conversion from EUR millions.",Pesticides approval fee 1,Business,Business production and sector levies,Low-yield pharmaceutical/health-product levies,Taxe annuelle sur la vente des produits phytopharmaceutiques,Cour low-yield row classified from pharmaceutical/health-product label.,"Business levy based on production, premises, turnover or sector activity.",yes,4179000,0.000143,0,
"Taxe annuelle sur les engins maritimes à usage personnel (TAEMUP) – Part ""filière de responsabilité élargie du producteur""",Low-yield service-related levy on consumption paid by individuals,Low-yield service-related levy on consumption paid by individuals. Collector: Guichet unique de la fiscalité de la plaisance (GUFIP). Beneficiary: Filière de responsabilité élargie du producteur (REP) relative aux navires de plaisance et de sport hors d’usage (NPSHU).,44900000,0.001538,"Cour des comptes, Les taxes a faible rendement, annex listing, Apr 2025; file: code/data/france_tax/20250417-annexe-listing-des-taxes-concernees.xlsx; Cour Inventaire sheet id 197; Enjeu 2024","Cour low-yield-tax inventory id 197. Status: En vigueur entre 2019 et 2024. Objective: Service rendu; payer: Particuliers; base: Consommation. The Cour annex is an individual-tax inventory and may overlap with Eurostat grouped/aggregate NTL rows; do not sum both sources without reconciliation. English name is a descriptive label generated from the Cour structured fields; the Cour annex does not provide an official English legal title. Cour Enjeu 2019: EUR 0.876m. Revenue is the Cour 'enjeu 2024' figure, in EUR after conversion from EUR millions.",Pleasure craft tax 1,Other,Service-related tax-like charges,Low-yield administrative/service charges,"Taxe annuelle sur les engins maritimes à usage personnel (TAEMUP) – Part ""filière de responsabilité élargie du producteur""",Cour service-related row without clearer UK-equivalent category.,Annual tax on certain pleasure craft.,yes,44900000,0.001538,0,
"Taxe annuelle sur les engins maritimes à usage personnel (TAEMUP) – Part ""organismes de secours et de sauvetage en mer agréés""",Low-yield service-related levy on consumption paid by individuals,Low-yield service-related levy on consumption paid by individuals. Collector: Guichet unique de la fiscalité de la plaisance (GUFIP). Beneficiary: Organismes de secours et de sauvetage en mer agréés (Art L742-9 Code de la sécurité intérieure).,44900000,0.001538,"Cour des comptes, Les taxes a faible rendement, annex listing, Apr 2025; file: code/data/france_tax/20250417-annexe-listing-des-taxes-concernees.xlsx; Cour Inventaire sheet id 198; Enjeu 2024","Cour low-yield-tax inventory id 198. Status: En vigueur entre 2019 et 2024. Objective: Service rendu; payer: Particuliers; base: Consommation. The Cour annex is an individual-tax inventory and may overlap with Eurostat grouped/aggregate NTL rows; do not sum both sources without reconciliation. English name is a descriptive label generated from the Cour structured fields; the Cour annex does not provide an official English legal title. Revenue is the Cour 'enjeu 2024' figure, in EUR after conversion from EUR millions.",Pleasure craft tax 2,Other,Service-related tax-like charges,Low-yield administrative/service charges,"Taxe annuelle sur les engins maritimes à usage personnel (TAEMUP) – Part ""organismes de secours et de sauvetage en mer agréés""",Cour service-related row without clearer UK-equivalent category.,Annual tax on certain pleasure craft.,yes,44900000,0.001538,0,
"Taxe annuelle sur les engins maritimes à usage personnel (TAEMUP), fraction perçue sur les engins battant pavillon français (ex-Droit annuel de francisation et de navigation hors Corse - Fraction CELRL)",Low-yield service-related levy on capital paid by individuals,"Low-yield service-related levy on capital paid by individuals. Collector: Direction générale des affaires maritimes, de la pêche et de l'aquaculture (DGAMPA). Beneficiary: Conservatoire de l'espace littoral et des rivages lacustres.",44900000,0.001538,"Cour des comptes, Les taxes a faible rendement, annex listing, Apr 2025; file: code/data/france_tax/20250417-annexe-listing-des-taxes-concernees.xlsx; Cour Inventaire sheet id 59; Enjeu 2024","Cour low-yield-tax inventory id 59. Status: En vigueur entre 2019 et 2024. Objective: Service rendu; payer: Particuliers; base: Capital. The Cour annex is an individual-tax inventory and may overlap with Eurostat grouped/aggregate NTL rows; do not sum both sources without reconciliation. English name is a descriptive label generated from the Cour structured fields; the Cour annex does not provide an official English legal title. Cour Enjeu 2019: EUR 38.5m. Revenue is the Cour 'enjeu 2024' figure, in EUR after conversion from EUR millions.",Pleasure craft tax,Goods/services,Transport and vehicle taxes,Low-yield consumption/service levies,"Taxe annuelle sur les engins maritimes à usage personnel (TAEMUP), fraction perçue sur les engins battant pavillon français (ex-Droit annuel de francisation et de navigation hors Corse - Fraction CELRL)",Cour low-yield row classified from legal label and base.,Annual tax on certain pleasure craft.,yes,44900000,0.001538,0,
"Taxe annuelle sur les engins maritimes à usage personnel, fraction perçue sur les engins ne battant pas pavillon français (ex-Droit de passeport (applicable aux grands navires de plaisance))",Low-yield budget-raising levy on capital paid by individuals,Low-yield budget-raising levy on capital paid by individuals. Collector: DGDDI. Beneficiary: Budget général.,160000,0.000005,"Cour des comptes, Les taxes a faible rendement, annex listing, Apr 2025; file: code/data/france_tax/20250417-annexe-listing-des-taxes-concernees.xlsx; Cour Inventaire sheet id 65; Enjeu 2024","Cour low-yield-tax inventory id 65. Status: En vigueur entre 2019 et 2024. Objective: Rendement; payer: Particuliers; base: Capital. The Cour annex is an individual-tax inventory and may overlap with Eurostat grouped/aggregate NTL rows; do not sum both sources without reconciliation. English name is a descriptive label generated from the Cour structured fields; the Cour annex does not provide an official English legal title. Revenue is the Cour 'enjeu 2024' figure, in EUR after conversion from EUR millions.",Pleasure craft tax,Wealth,Other capital taxes,Low-yield capital/wealth levies,"Taxe annuelle sur les engins maritimes à usage personnel, fraction perçue sur les engins ne battant pas pavillon français (ex-Droit de passeport (applicable aux grands navires de plaisance))",Cour low-yield row classified from Cour capital base.,Annual tax on certain pleasure craft.,yes,160000,0.000005,0,
"Taxe annuelle sur les locaux à usage de bureaux, les locaux commerciaux, les locaux de stockage et les surfaces de stationnement annexées à ces catégories de locaux perçue dans la région Ile-de-France",Low-yield budget-raising levy on capital paid by businesses,Low-yield budget-raising levy on capital paid by businesses. Collector: DGFiP. Beneficiary: Fonds national d'aide au logement (FNAL).,24200000,0.000829,"Cour des comptes, Les taxes a faible rendement, annex listing, Apr 2025; file: code/data/france_tax/20250417-annexe-listing-des-taxes-concernees.xlsx; Cour Inventaire sheet id 199; Enjeu 2024","Cour low-yield-tax inventory id 199. Status: En vigueur entre 2019 et 2024. Objective: Rendement; payer: Entreprises; base: Capital. The Cour annex is an individual-tax inventory and may overlap with Eurostat grouped/aggregate NTL rows; do not sum both sources without reconciliation. English name is a descriptive label generated from the Cour structured fields; the Cour annex does not provide an official English legal title. Cour Enjeu 2019: EUR 116.1m. Revenue is the Cour 'enjeu 2024' figure, in EUR after conversion from EUR millions.",Parking spaces tax,Environmental,"Water, plant and animal inspection levies",Low-yield water/agri-food inspection levies,"Taxe annuelle sur les locaux à usage de bureaux, les locaux commerciaux, les locaux de stockage et les surfaces de stationnement annexées à ces catégories de locaux perçue dans la région Ile-de-France",Cour low-yield row classified from water/agri-food inspection label.,Tax on parking spaces.,yes,24200000,0.000829,0,
"Taxe annuelle sur les locaux à usage de bureaux, les locaux commerciaux, les locaux de stockage et les surfaces de stationnement perçue dans les départements des Bouches-du-Rhône, du Var et des Alpes-Maritimes",Low-yield service-related levy on capital paid by businesses,Low-yield service-related levy on capital paid by businesses. Collector: DGFiP. Beneficiary: Budget général.,,,"Cour des comptes, Les taxes a faible rendement, annex listing, Apr 2025; file: code/data/france_tax/20250417-annexe-listing-des-taxes-concernees.xlsx; Cour Inventaire sheet id 362; Enjeu 2024",Cour low-yield-tax inventory id 362. Status: Créée entre 2019 et 2024. Objective: Service rendu; payer: Entreprises; base: Capital. The Cour annex is an individual-tax inventory and may overlap with Eurostat grouped/aggregate NTL rows; do not sum both sources without reconciliation. English name is a descriptive label generated from the Cour structured fields; the Cour annex does not provide an official English legal title. No known or estimated 2024 yield in the Cour annex; cannot be area-sized without an estimate.,Parking spaces tax,Environmental,"Water, plant and animal inspection levies",Low-yield water/agri-food inspection levies,"Taxe annuelle sur les locaux à usage de bureaux, les locaux commerciaux, les locaux de stockage et les surfaces de stationnement perçue dans les départements des Bouches-du-Rhône, du Var et des Alpes-Maritimes",Cour low-yield row classified from water/agri-food inspection label.,Tax on parking spaces.,no,,,0,
Taxe annuelle sur les logements vacants,Low-yield behavioural incentive levy on capital paid by individuals,Low-yield behavioural incentive levy on capital paid by individuals. Collector: DGFiP. Beneficiary: Agence nationale de l’habitat (ANAH).,100517292,0.003442,"Cour des comptes, Les taxes a faible rendement, annex listing, Apr 2025; file: code/data/france_tax/20250417-annexe-listing-des-taxes-concernees.xlsx; Cour Inventaire sheet id 200; Enjeu 2019 uprated to 2024 using INSEE CPI",Cour low-yield-tax inventory id 200. Status: En vigueur entre 2019 et 2024. Objective: Incitation; payer: Particuliers; base: Capital. The Cour annex is an individual-tax inventory and may overlap with Eurostat grouped/aggregate NTL rows; do not sum both sources without reconciliation. English name is a descriptive label generated from the Cour structured fields; the Cour annex does not provide an official English legal title. Cour Enjeu 2019: EUR 87.456m. No Cour Enjeu 2024 figure; revenue is an estimate from Cour Enjeu 2019 uprated to 2024 using INSEE annual-average CPI inflation for 2020-2024. CPI uprating factor used: 1.149347008.,Vacant homes tax,Land,"Land, buildings and development levies",Low-yield property/development taxes,Taxe annuelle sur les logements vacants,Cour low-yield row classified from land/property label.,Annual tax on vacant dwellings.,yes,100517292,0.003442,0,
Taxe annuelle sur les médicaments pharmaceutiques vétérinaires,Low-yield budget-raising levy on production paid by businesses,Low-yield budget-raising levy on production paid by businesses. Collector: Agence nationale de sécurité sanitaire (ANSES). Beneficiary: Agence nationale de sécurité sanitaire (Anses).,4450000,0.000152,"Cour des comptes, Les taxes a faible rendement, annex listing, Apr 2025; file: code/data/france_tax/20250417-annexe-listing-des-taxes-concernees.xlsx; Cour Inventaire sheet id 201; Enjeu 2024","Cour low-yield-tax inventory id 201. Status: En vigueur entre 2019 et 2024. Objective: Rendement; payer: Entreprises; base: Production. The Cour annex is an individual-tax inventory and may overlap with Eurostat grouped/aggregate NTL rows; do not sum both sources without reconciliation. English name is a descriptive label generated from the Cour structured fields; the Cour annex does not provide an official English legal title. Cour Enjeu 2019: EUR 3.701m. Revenue is the Cour 'enjeu 2024' figure, in EUR after conversion from EUR millions.",Agri-food inspection fee 1,Business,Business production and sector levies,Low-yield pharmaceutical/health-product levies,Taxe annuelle sur les médicaments pharmaceutiques vétérinaires,Cour low-yield row classified from pharmaceutical/health-product label.,"Business levy based on production, premises, turnover or sector activity.",yes,4450000,0.000152,0,
Taxe applicable aux demandes de validation d'une attestation d'accueil,Low-yield service-related levy on consumption paid by individuals,Low-yield service-related levy on consumption paid by individuals. Collector: Communes. Beneficiary: Office français de l'immigration et de l'intégration (OFII).,,,"Cour des comptes, Les taxes a faible rendement, annex listing, Apr 2025; file: code/data/france_tax/20250417-annexe-listing-des-taxes-concernees.xlsx; Cour Inventaire sheet id 203; Enjeu 2024",Cour low-yield-tax inventory id 203. Status: En vigueur entre 2019 et 2024. Objective: Service rendu; payer: Particuliers; base: Consommation. The Cour annex is an individual-tax inventory and may overlap with Eurostat grouped/aggregate NTL rows; do not sum both sources without reconciliation. English name is a descriptive label generated from the Cour structured fields; the Cour annex does not provide an official English legal title. No known or estimated 2024 yield in the Cour annex; cannot be area-sized without an estimate.,Service charge,Other,Service-related tax-like charges,Low-yield administrative/service charges,Taxe applicable aux demandes de validation d'une attestation d'accueil,Cour service-related row without clearer UK-equivalent category.,Service-related charge treated as tax revenue.,no,,,0,
Taxe chambre métier,Tax benefitting to the Chamber of Trades and Crafts,Eurostat national-tax-list line classified as ESA code D29A. Economic function: capital/stock of wealth.,214000000,0.007329,"Eurostat, National Tax Lists - individual taxes, updated 22 Apr 2026; file: code/data/france_tax/eurostat_national_tax_lists_2025_2026-04-22.xlsx; FR sheet; STO D29A; DETAILS C14; 2024","Eurostat NTL covers general government plus EU institutions (S.13 + S.212), so local taxes are in scope.",Trades chamber tax,Business,Business production and sector levies,Production/sector levies,Taxe chambre métier,French-specific production/sector business levy.,A business levy used to fund chambers of trades and crafts.,yes,214000000,0.007329,0,
Taxe d'habitation - Part sur la consommation,Council tax - Tax on consumption,Eurostat national-tax-list line classified as ESA code D59A. Economic function: consumption. Environmental/property tag: recurrent immovable property.,1327000000,0.045447,"Eurostat, National Tax Lists - individual taxes, updated 22 Apr 2026; file: code/data/france_tax/eurostat_national_tax_lists_2025_2026-04-22.xlsx; FR sheet; STO D59A; DETAILS C05; 2024","Eurostat NTL covers general government plus EU institutions (S.13 + S.212), so local taxes are in scope.",Residence tax: consumption,Land,Recurrent land and property taxes,Land/buildings/business premises,Taxe d'habitation - Part sur la consommation,UK-equivalent treatment: land/property taxes align with council tax/business rates/property taxes.,The consumption element of France's residence tax.,yes,1327000000,0.045447,0,
Taxe d'habitation - Part sur le capital,Council tax - Tax on capital,Eurostat national-tax-list line classified as ESA code D59A. Economic function: capital/stock of wealth. Environmental/property tag: recurrent immovable property.,1990000000,0.068153,"Eurostat, National Tax Lists - individual taxes, updated 22 Apr 2026; file: code/data/france_tax/eurostat_national_tax_lists_2025_2026-04-22.xlsx; FR sheet; STO D59A; DETAILS C04; 2024","Eurostat NTL covers general government plus EU institutions (S.13 + S.212), so local taxes are in scope.",Residence tax: capital,Land,Recurrent land and property taxes,Land/buildings/business premises,Taxe d'habitation - Part sur le capital,UK-equivalent treatment: land/property taxes align with council tax/business rates/property taxes.,The capital element of France's residence tax.,yes,1990000000,0.068153,0,
Taxe d'habitation sur les logements vacants,Low-yield behavioural incentive levy on capital paid by individuals,Low-yield behavioural incentive levy on capital paid by individuals. Collector: DGFiP. Beneficiary: Communes / EPCI.,,,"Cour des comptes, Les taxes a faible rendement, annex listing, Apr 2025; file: code/data/france_tax/20250417-annexe-listing-des-taxes-concernees.xlsx; Cour Inventaire sheet id 212; Enjeu 2024",Cour low-yield-tax inventory id 212. Status: En vigueur entre 2019 et 2024. Objective: Incitation; payer: Particuliers; base: Capital. The Cour annex is an individual-tax inventory and may overlap with Eurostat grouped/aggregate NTL rows; do not sum both sources without reconciliation. English name is a descriptive label generated from the Cour structured fields; the Cour annex does not provide an official English legal title. No known or estimated 2024 yield in the Cour annex; cannot be area-sized without an estimate.,Vacant homes tax,Land,"Land, buildings and development levies",Low-yield property/development taxes,Taxe d'habitation sur les logements vacants,Cour low-yield row classified from land/property label.,Annual tax on vacant dwellings.,no,,,0,
Taxe de balayage,Low-yield budget-raising levy on capital paid by individuals,Low-yield budget-raising levy on capital paid by individuals. Collector: Direction générale des collectivités locales (DGCL). Beneficiary: Communes.,117511142,0.004024,"Cour des comptes, Les taxes a faible rendement, annex listing, Apr 2025; file: code/data/france_tax/20250417-annexe-listing-des-taxes-concernees.xlsx; Cour Inventaire sheet id 206; Enjeu 2024","Cour low-yield-tax inventory id 206. Status: En vigueur entre 2019 et 2024. Objective: Rendement; payer: Particuliers; base: Capital. The Cour annex is an individual-tax inventory and may overlap with Eurostat grouped/aggregate NTL rows; do not sum both sources without reconciliation. English name is a descriptive label generated from the Cour structured fields; the Cour annex does not provide an official English legal title. Cour Enjeu 2019: EUR 110.34m. Revenue is the Cour 'enjeu 2024' figure, in EUR after conversion from EUR millions.",Street sweeping tax,Wealth,Other capital taxes,Low-yield capital/wealth levies,Taxe de balayage,Cour low-yield row classified from Cour capital base.,Local tax used to fund street sweeping.,yes,117511142,0.004024,0,
Taxe de protection des obtentions végétales,Low-yield service-related levy on consumption paid by businesses,Low-yield service-related levy on consumption paid by businesses. Collector: Comité de protection des obtentions végétales (CPOV). Beneficiary: Comité de protection des obtentions végétales (CPOV).,,,"Cour des comptes, Les taxes a faible rendement, annex listing, Apr 2025; file: code/data/france_tax/20250417-annexe-listing-des-taxes-concernees.xlsx; Cour Inventaire sheet id 207; Enjeu 2024",Cour low-yield-tax inventory id 207. Status: En vigueur entre 2019 et 2024. Objective: Service rendu; payer: Entreprises; base: Consommation. The Cour annex is an individual-tax inventory and may overlap with Eurostat grouped/aggregate NTL rows; do not sum both sources without reconciliation. English name is a descriptive label generated from the Cour structured fields; the Cour annex does not provide an official English legal title. No known or estimated 2024 yield in the Cour annex; cannot be area-sized without an estimate.,Sector levy,Business,Business production and sector levies,Low-yield sector/professional levies,Taxe de protection des obtentions végétales,Cour low-yield row classified from business/professional label.,"Business levy based on production, premises, turnover or sector activity.",no,,,0,
Taxe de risque systémique,Tax on systemic risk,Eurostat national-tax-list line classified as ESA code D59F. Economic function: capital/stock of wealth. Environmental/property tag: other property.,28000000,0.000959,"Eurostat, National Tax Lists - individual taxes, updated 22 Apr 2026; file: code/data/france_tax/eurostat_national_tax_lists_2025_2026-04-22.xlsx; FR sheet; STO D59F; DETAILS C02; 2024","Eurostat NTL covers general government plus EU institutions (S.13 + S.212), so local taxes are in scope.",Systemic risk tax,Business,Profit and sector taxes,Corporate and sector profits,Taxe de risque systémique,UK-equivalent treatment: corporation/profit/sector levies sit with business taxes.,Levy on financial institutions linked to systemic-risk regulation.,yes,28000000,0.000959,0,
Taxe de solidarité additionnelle,Solidarity tax on supplementary health insurance,Eurostat national-tax-list line classified as ESA code D214G. Economic function: consumption.,6211000000,0.212713,"Eurostat, National Tax Lists - individual taxes, updated 22 Apr 2026; file: code/data/france_tax/eurostat_national_tax_lists_2025_2026-04-22.xlsx; FR sheet; STO D214G; DETAILS C01; 2024","Eurostat NTL covers general government plus EU institutions (S.13 + S.212), so local taxes are in scope.",Health insurance levy,Goods/services,Insurance taxes,Insurance-premium taxes,Taxe de solidarité additionnelle,Direct UK equivalent: insurance premium tax.,Levy on complementary health insurance contracts.,yes,6211000000,0.212713,0,
Taxe destinée à financer le développement de la formation professionnelle dans les transports routiers,Low-yield market-failure correction levy on capital paid by businesses,"Low-yield market-failure correction levy on capital paid by businesses. Collector: Ministère des transports et de la mobilité durable. Beneficiary: AFTRAL, anciennement AFT-IFTIM.",62000000,0.002123,"Cour des comptes, Les taxes a faible rendement, annex listing, Apr 2025; file: code/data/france_tax/20250417-annexe-listing-des-taxes-concernees.xlsx; Cour Inventaire sheet id 211; Enjeu 2024","Cour low-yield-tax inventory id 211. Status: En vigueur entre 2019 et 2024. Objective: Correction défaillance marché; payer: Entreprises; base: Capital. The Cour annex is an individual-tax inventory and may overlap with Eurostat grouped/aggregate NTL rows; do not sum both sources without reconciliation. English name is a descriptive label generated from the Cour structured fields; the Cour annex does not provide an official English legal title. Cour Enjeu 2019: EUR 63.426m. Revenue is the Cour 'enjeu 2024' figure, in EUR after conversion from EUR millions.",Transport levy,Employment,Employer payroll and labour levies,Low-yield payroll/workforce levies,Taxe destinée à financer le développement de la formation professionnelle dans les transports routiers,Cour low-yield row classified from base/payer/legal label.,"Tax on vehicles, transport services or transport use.",yes,62000000,0.002123,0,
"Taxe due par les concessionnaires de mines d'or, les amodiataires des concessions de mines d'or et les titulaires de permis et d'autorisations d'exploitation de mines d'or exploitées en Guyane (taxe additionnelle aurifère)",Low-yield budget-raising levy on production paid by businesses,Low-yield budget-raising levy on production paid by businesses. Collector: DGFiP. Beneficiary: Collectivités territoriales de l'outre-mer.,,,"Cour des comptes, Les taxes a faible rendement, annex listing, Apr 2025; file: code/data/france_tax/20250417-annexe-listing-des-taxes-concernees.xlsx; Cour Inventaire sheet id 213; Enjeu 2024",Cour low-yield-tax inventory id 213. Status: En vigueur entre 2019 et 2024. Objective: Rendement; payer: Entreprises; base: Production. The Cour annex is an individual-tax inventory and may overlap with Eurostat grouped/aggregate NTL rows; do not sum both sources without reconciliation. English name is a descriptive label generated from the Cour structured fields; the Cour annex does not provide an official English legal title. No known or estimated 2024 yield in the Cour annex; cannot be area-sized without an estimate.,Gold mining tax,Land,"Land, buildings and development levies",Low-yield property/development taxes,"Taxe due par les concessionnaires de mines d'or, les amodiataires des concessions de mines d'or et les titulaires de permis et d'autorisations d'exploitation de mines d'or exploitées en Guyane (taxe additionnelle aurifère)",Cour low-yield row classified from land/property label.,Tax or compulsory charge grouped under land.,no,,,0,
"Taxe due par les entreprises de transport public aérien et maritime (Corse, DOM)",Tax paid by air and water public transport corporations (Corse and oversea territories),Eurostat national-tax-list line classified as ESA code D29B. Economic function: capital/stock of wealth. Environmental/property tag: transport.,47000000,0.001610,"Eurostat, National Tax Lists - individual taxes, updated 22 Apr 2026; file: code/data/france_tax/eurostat_national_tax_lists_2025_2026-04-22.xlsx; FR sheet; STO D29B; DETAILS C05; 2024","Eurostat NTL covers general government plus EU institutions (S.13 + S.212), so local taxes are in scope.",Corsica/overseas transport,Goods/services,Transport and vehicle taxes,Vehicle/transport-use taxes,"Taxe due par les entreprises de transport public aérien et maritime (Corse, DOM)",Direct UK equivalent: vehicle/transport taxes.,"Tax on vehicles, transport services or transport use.",yes,47000000,0.001610,0,
Taxe due par les opérateurs de communications électroniques,Tax on electronic communications,Eurostat national-tax-list line classified as ESA code D214H. Economic function: consumption.,236000000,0.008082,"Eurostat, National Tax Lists - individual taxes, updated 22 Apr 2026; file: code/data/france_tax/eurostat_national_tax_lists_2025_2026-04-22.xlsx; FR sheet; STO D214H; DETAILS C11; 2024","Eurostat NTL covers general government plus EU institutions (S.13 + S.212), so local taxes are in scope.",Telecoms operator tax,Business,Business production and sector levies,Production/sector levies,Taxe due par les opérateurs de communications électroniques,French-specific production/sector business levy.,Tax on electronic communications operators.,yes,236000000,0.008082,0,
Taxe départementale additionnelle à certains droits d'enregistrement,Low-yield budget-raising levy on capital paid by individuals,Low-yield budget-raising levy on capital paid by individuals. Collector: DGFiP. Beneficiary: Départements.,122205226,0.004185,"Cour des comptes, Les taxes a faible rendement, annex listing, Apr 2025; file: code/data/france_tax/20250417-annexe-listing-des-taxes-concernees.xlsx; Cour Inventaire sheet id 210; Enjeu 2024","Cour low-yield-tax inventory id 210. Status: En vigueur entre 2019 et 2024. Objective: Rendement; payer: Particuliers; base: Capital. The Cour annex is an individual-tax inventory and may overlap with Eurostat grouped/aggregate NTL rows; do not sum both sources without reconciliation. English name is a descriptive label generated from the Cour structured fields; the Cour annex does not provide an official English legal title. Cour Enjeu 2019: EUR 146.943m. Revenue is the Cour 'enjeu 2024' figure, in EUR after conversion from EUR millions.",Registration surtax,Wealth,Other capital taxes,Low-yield capital/wealth levies,Taxe départementale additionnelle à certains droits d'enregistrement,Cour low-yield row classified from Cour capital base.,Departmental surtax on some registration duties.,yes,122205226,0.004185,0,
Taxe exceptionnelle de solidarité sur les hautes rémunérations,Exceptional levy on high wages,Eurostat national-tax-list line classified as ESA code D29C. Economic function: employer labour.,2000000,0.000068,"Eurostat, National Tax Lists - individual taxes, updated 22 Apr 2026; file: code/data/france_tax/eurostat_national_tax_lists_2025_2026-04-22.xlsx; FR sheet; STO D29C; DETAILS C11; 2024","Eurostat NTL covers general government plus EU institutions (S.13 + S.212), so local taxes are in scope.",High pay levy,Employment,Employer payroll and labour levies,Payroll levies,Taxe exceptionnelle de solidarité sur les hautes rémunérations,"UK-equivalent treatment: employer payroll levies sit with employment taxes, like apprenticeship levy/NICs.","Employer levy connected with payroll, employees or workforce costs.",yes,2000000,0.000068,0,
Taxe exceptionnelle sur la réserve de capitalisation (exit-tax),Low-yield budget-raising levy on capital paid by individuals,Low-yield budget-raising levy on capital paid by individuals. Collector: DGFiP. Beneficiary: Caisse nationale d'allocations familiales (CNAF).,1149347,0.000039,"Cour des comptes, Les taxes a faible rendement, annex listing, Apr 2025; file: code/data/france_tax/20250417-annexe-listing-des-taxes-concernees.xlsx; Cour Inventaire sheet id 217; Enjeu 2019 uprated to 2024 using INSEE CPI",Cour low-yield-tax inventory id 217. Status: En vigueur entre 2019 et 2024. Objective: Rendement; payer: Particuliers; base: Capital. The Cour annex is an individual-tax inventory and may overlap with Eurostat grouped/aggregate NTL rows; do not sum both sources without reconciliation. English name is a descriptive label generated from the Cour structured fields; the Cour annex does not provide an official English legal title. Cour Enjeu 2019: EUR 1m. No Cour Enjeu 2024 figure; revenue is an estimate from Cour Enjeu 2019 uprated to 2024 using INSEE annual-average CPI inflation for 2020-2024. CPI uprating factor used: 1.149347008.,Insurer reserve exit tax,Wealth,Other capital taxes,Low-yield capital/wealth levies,Taxe exceptionnelle sur la réserve de capitalisation (exit-tax),Cour low-yield row classified from Cour capital base.,One-off tax on insurers' capitalisation reserves.,yes,1149347,0.000039,0,
Taxe fixe pour la gestion des certificats d'immatriculation des véhicules,Low-yield service-related levy on consumption paid by individuals,"Low-yield service-related levy on consumption paid by individuals. Collector: Professionnels du commerce de l'automobile titulaires d'une commission délivrée par l'administration des finances et ministère intérieur. Beneficiary: France Titres, anciennement ANTS.",42000000,0.001438,"Cour des comptes, Les taxes a faible rendement, annex listing, Apr 2025; file: code/data/france_tax/20250417-annexe-listing-des-taxes-concernees.xlsx; Cour Inventaire sheet id 232; Enjeu 2024","Cour low-yield-tax inventory id 232. Status: En vigueur entre 2019 et 2024. Objective: Service rendu; payer: Particuliers; base: Consommation. The Cour annex is an individual-tax inventory and may overlap with Eurostat grouped/aggregate NTL rows; do not sum both sources without reconciliation. English name is a descriptive label generated from the Cour structured fields; the Cour annex does not provide an official English legal title. Cour Enjeu 2019: EUR 46.4m. Revenue is the Cour 'enjeu 2024' figure, in EUR after conversion from EUR millions.",Vehicle tax,Goods/services,Transport and vehicle taxes,Low-yield consumption/service levies,Taxe fixe pour la gestion des certificats d'immatriculation des véhicules,Cour low-yield row classified from legal label and base.,"Tax on vehicles, transport services or transport use.",yes,42000000,0.001438,0,
Taxe forfaitaire représentative des droits et frais payés par l'adjudicataire du droit de pêche et de chasse,Low-yield service-related levy on consumption paid by individuals,"Low-yield service-related levy on consumption paid by individuals. Collector: Office français de la biodiversité (OFB), anciennement ONCFS. Beneficiary: Budget général.",,,"Cour des comptes, Les taxes a faible rendement, annex listing, Apr 2025; file: code/data/france_tax/20250417-annexe-listing-des-taxes-concernees.xlsx; Cour Inventaire sheet id 218; Enjeu 2024",Cour low-yield-tax inventory id 218. Status: En vigueur entre 2019 et 2024. Objective: Service rendu; payer: Particuliers; base: Consommation. The Cour annex is an individual-tax inventory and may overlap with Eurostat grouped/aggregate NTL rows; do not sum both sources without reconciliation. English name is a descriptive label generated from the Cour structured fields; the Cour annex does not provide an official English legal title. No known or estimated 2024 yield in the Cour annex; cannot be area-sized without an estimate.,Service charge,Other,Service-related tax-like charges,Low-yield administrative/service charges,Taxe forfaitaire représentative des droits et frais payés par l'adjudicataire du droit de pêche et de chasse,Cour service-related row without clearer UK-equivalent category.,Service-related charge treated as tax revenue.,no,,,0,
Taxe forfaitaire sur la cession à titre onéreux des terrains nus qui ont été rendus constructibles du fait de leur classement,Low-yield behavioural incentive levy on capital paid by individuals,Low-yield behavioural incentive levy on capital paid by individuals. Collector: DGFiP. Beneficiary: Communes.,,,"Cour des comptes, Les taxes a faible rendement, annex listing, Apr 2025; file: code/data/france_tax/20250417-annexe-listing-des-taxes-concernees.xlsx; Cour Inventaire sheet id 219; Enjeu 2024",Cour low-yield-tax inventory id 219. Status: En vigueur entre 2019 et 2024. Objective: Incitation; payer: Particuliers; base: Capital. The Cour annex is an individual-tax inventory and may overlap with Eurostat grouped/aggregate NTL rows; do not sum both sources without reconciliation. English name is a descriptive label generated from the Cour structured fields; the Cour annex does not provide an official English legal title. No known or estimated 2024 yield in the Cour annex; cannot be area-sized without an estimate.,Development land tax,Land,"Land, buildings and development levies",Low-yield property/development taxes,Taxe forfaitaire sur la cession à titre onéreux des terrains nus qui ont été rendus constructibles du fait de leur classement,Cour low-yield row classified from land/property label.,Tax on sales of undeveloped land made buildable by planning decisions.,no,,,0,
"Taxe forfaitaire sur les cessions à titre onéreux ou les exportations de métaux précieux, de bijoux, d'objets d’art, d'antiquités",Low-yield budget-raising levy on capital paid by individuals,Low-yield budget-raising levy on capital paid by individuals. Collector: DGFiP / DGDDI (exportation). Beneficiary: Budget général.,115691909,0.003962,"Cour des comptes, Les taxes a faible rendement, annex listing, Apr 2025; file: code/data/france_tax/20250417-annexe-listing-des-taxes-concernees.xlsx; Cour Inventaire sheet id 221; Enjeu 2024","Cour low-yield-tax inventory id 221. Status: En vigueur entre 2019 et 2024. Objective: Rendement; payer: Particuliers; base: Capital. The Cour annex is an individual-tax inventory and may overlap with Eurostat grouped/aggregate NTL rows; do not sum both sources without reconciliation. English name is a descriptive label generated from the Cour structured fields; the Cour annex does not provide an official English legal title. Cour Enjeu 2019: EUR 107.323m. Revenue is the Cour 'enjeu 2024' figure, in EUR after conversion from EUR millions.",Precious metals tax,Wealth,Financial capital taxes,Low-yield financial-capital levies,"Taxe forfaitaire sur les cessions à titre onéreux ou les exportations de métaux précieux, de bijoux, d'objets d’art, d'antiquités",Cour low-yield row classified from financial-capital label.,"Tax on financial assets, investment income or securities transactions.",yes,115691909,0.003962,0,
Taxe GEMAPI,Tax for aquatic environment and flood prevention,Eurostat national-tax-list line classified as ESA code D29A. Economic function: capital/stock of wealth.,532000000,0.018220,"Eurostat, National Tax Lists - individual taxes, updated 22 Apr 2026; file: code/data/france_tax/eurostat_national_tax_lists_2025_2026-04-22.xlsx; FR sheet; STO D29A; DETAILS C18; 2024","Eurostat NTL covers general government plus EU institutions (S.13 + S.212), so local taxes are in scope.",Flood prevention tax,Environmental,Water and flood levies,Water/flood/resource levies,Taxe GEMAPI,UK-equivalent treatment: water/resource charges sit with environmental taxes.,Local tax used to fund flood prevention and aquatic-environment management.,yes,532000000,0.018220,0,
Taxe incitative relative à l'utilisation d'énergie renouvelable dans le transport (TIRUERT) (remplace la TGAP carburants fossiles),Low-yield behavioural incentive levy on production paid by businesses,Low-yield behavioural incentive levy on production paid by businesses. Collector: DGDDI. Beneficiary: Budget général.,,,"Cour des comptes, Les taxes a faible rendement, annex listing, Apr 2025; file: code/data/france_tax/20250417-annexe-listing-des-taxes-concernees.xlsx; Cour Inventaire sheet id 326; Enjeu 2024",Cour low-yield-tax inventory id 326. Status: En vigueur entre 2019 et 2024. Objective: Incitation; payer: Entreprises; base: Production. The Cour annex is an individual-tax inventory and may overlap with Eurostat grouped/aggregate NTL rows; do not sum both sources without reconciliation. English name is a descriptive label generated from the Cour structured fields; the Cour annex does not provide an official English legal title. No known or estimated 2024 yield in the Cour annex; cannot be area-sized without an estimate.,Transport levy,Goods/services,Transport and vehicle taxes,Low-yield consumption/service levies,Taxe incitative relative à l'utilisation d'énergie renouvelable dans le transport (TIRUERT) (remplace la TGAP carburants fossiles),Cour low-yield row classified from legal label and base.,"Tax on vehicles, transport services or transport use.",no,,,0,
Taxe intérieure de consommation des produits énergétiques,Domestic duty on energy products,Eurostat national-tax-list line classified as ESA code D214A. Economic function: consumption. Environmental/property tag: energy.,29554000000,1.012158,"Eurostat, National Tax Lists - individual taxes, updated 22 Apr 2026; file: code/data/france_tax/eurostat_national_tax_lists_2025_2026-04-22.xlsx; FR sheet; STO D214A; DETAILS C06; 2024","Eurostat NTL covers general government plus EU institutions (S.13 + S.212), so local taxes are in scope.",Energy products duty,Goods/services,Energy and fuel duties,Energy/fuel consumption duties,Taxe intérieure de consommation des produits énergétiques,UK-equivalent treatment: energy/fuel consumption duties sit with goods/services rather than environmental taxes.,"Excise duty on petrol, diesel and other energy products.",yes,29554000000,1.012158,0,
Taxe intérieure sur la consommation de gaz naturel,Other domestic duties,Eurostat national-tax-list line classified as ESA code D214A. Economic function: consumption. Environmental/property tag: energy.,3183000000,0.109011,"Eurostat, National Tax Lists - individual taxes, updated 22 Apr 2026; file: code/data/france_tax/eurostat_national_tax_lists_2025_2026-04-22.xlsx; FR sheet; STO D214A; DETAILS C02; 2024","Eurostat NTL covers general government plus EU institutions (S.13 + S.212), so local taxes are in scope.",Natural gas duty,Goods/services,Energy and fuel duties,Energy/fuel consumption duties,Taxe intérieure sur la consommation de gaz naturel,UK-equivalent treatment: energy/fuel consumption duties sit with goods/services rather than environmental taxes.,Excise duty on natural gas consumption.,yes,3151161702,0.107920,-31838298,Netted Cour known-yield overlap for Goods/services / Energy and fuel duties.
Taxe perçue lors de la mise sur le marché de médicaments vétérinaires,Low-yield service-related levy on production paid by businesses,Low-yield service-related levy on production paid by businesses. Collector: Agence nationale de sécurité sanitaire (ANSES). Beneficiary: Agence nationale de sécurité sanitaire (Anses).,4607000,0.000158,"Cour des comptes, Les taxes a faible rendement, annex listing, Apr 2025; file: code/data/france_tax/20250417-annexe-listing-des-taxes-concernees.xlsx; Cour Inventaire sheet id 225; Enjeu 2024","Cour low-yield-tax inventory id 225. Status: En vigueur entre 2019 et 2024. Objective: Service rendu; payer: Entreprises; base: Production. The Cour annex is an individual-tax inventory and may overlap with Eurostat grouped/aggregate NTL rows; do not sum both sources without reconciliation. English name is a descriptive label generated from the Cour structured fields; the Cour annex does not provide an official English legal title. Cour Enjeu 2019: EUR 3.738m. Revenue is the Cour 'enjeu 2024' figure, in EUR after conversion from EUR millions.",Agri-food inspection fee 2,Business,Business production and sector levies,Low-yield pharmaceutical/health-product levies,Taxe perçue lors de la mise sur le marché de médicaments vétérinaires,Cour low-yield row classified from pharmaceutical/health-product label.,"Business levy based on production, premises, turnover or sector activity.",yes,4607000,0.000158,0,
"Taxe pour création de locaux à usage de bureaux, de locaux commerciaux et de locaux de stockage (TCBCE)",Low-yield budget-raising levy on production paid by businesses,Low-yield budget-raising levy on production paid by businesses. Collector: Ministère de la transition écologique et de la cohésion des territoires. Beneficiary: Région Ile-de-France.,,,"Cour des comptes, Les taxes a faible rendement, annex listing, Apr 2025; file: code/data/france_tax/20250417-annexe-listing-des-taxes-concernees.xlsx; Cour Inventaire sheet id 227; Enjeu 2024",Cour low-yield-tax inventory id 227. Status: En vigueur entre 2019 et 2024. Objective: Rendement; payer: Entreprises; base: Production. The Cour annex is an individual-tax inventory and may overlap with Eurostat grouped/aggregate NTL rows; do not sum both sources without reconciliation. English name is a descriptive label generated from the Cour structured fields; the Cour annex does not provide an official English legal title. No known or estimated 2024 yield in the Cour annex; cannot be area-sized without an estimate.,Office premises tax,Environmental,"Water, plant and animal inspection levies",Low-yield water/agri-food inspection levies,"Taxe pour création de locaux à usage de bureaux, de locaux commerciaux et de locaux de stockage (TCBCE)",Cour low-yield row classified from water/agri-food inspection label.,Tax on offices and similar premises.,no,,,0,
Taxe pour frais de chambre de métiers (CMA),Low-yield budget-raising levy on production paid by businesses,Low-yield budget-raising levy on production paid by businesses. Collector: URSSAF. Beneficiary: Chambres de métiers et d'artisanat (CMA).,,,"Cour des comptes, Les taxes a faible rendement, annex listing, Apr 2025; file: code/data/france_tax/20250417-annexe-listing-des-taxes-concernees.xlsx; Cour Inventaire sheet id 343; Enjeu 2024",Cour low-yield-tax inventory id 343. Status: En vigueur entre 2019 et 2024. Objective: Rendement; payer: Entreprises; base: Production. The Cour annex is an individual-tax inventory and may overlap with Eurostat grouped/aggregate NTL rows; do not sum both sources without reconciliation. English name is a descriptive label generated from the Cour structured fields; the Cour annex does not provide an official English legal title. No known or estimated 2024 yield in the Cour annex; cannot be area-sized without an estimate.,Trades chamber tax,Business,Business production and sector levies,Low-yield sector/professional levies,Taxe pour frais de chambre de métiers (CMA),Cour low-yield row classified from business/professional label.,A business levy used to fund chambers of trades and crafts.,no,,,0,
Taxe pour frais de chambre de métiers d'Alsace,Low-yield budget-raising levy on production paid by businesses,Low-yield budget-raising levy on production paid by businesses. Collector: DGFiP. Beneficiary: Chambres de métiers et de l'artisanat (CMA) d'Alsace.,,,"Cour des comptes, Les taxes a faible rendement, annex listing, Apr 2025; file: code/data/france_tax/20250417-annexe-listing-des-taxes-concernees.xlsx; Cour Inventaire sheet id 228; Enjeu 2024",Cour low-yield-tax inventory id 228. Status: En vigueur entre 2019 et 2024. Objective: Rendement; payer: Entreprises; base: Production. The Cour annex is an individual-tax inventory and may overlap with Eurostat grouped/aggregate NTL rows; do not sum both sources without reconciliation. English name is a descriptive label generated from the Cour structured fields; the Cour annex does not provide an official English legal title. No known or estimated 2024 yield in the Cour annex; cannot be area-sized without an estimate.,Trades chamber tax,Business,Business production and sector levies,Low-yield sector/professional levies,Taxe pour frais de chambre de métiers d'Alsace,Cour low-yield row classified from business/professional label.,A business levy used to fund chambers of trades and crafts.,no,,,0,
Taxe pour frais de chambre de métiers de Moselle,Low-yield budget-raising levy on production paid by businesses,Low-yield budget-raising levy on production paid by businesses. Collector: DGFiP. Beneficiary: Chambres de métiers et de l'artisanat (CMA) de Moselle.,,,"Cour des comptes, Les taxes a faible rendement, annex listing, Apr 2025; file: code/data/france_tax/20250417-annexe-listing-des-taxes-concernees.xlsx; Cour Inventaire sheet id 229; Enjeu 2024",Cour low-yield-tax inventory id 229. Status: En vigueur entre 2019 et 2024. Objective: Rendement; payer: Entreprises; base: Production. The Cour annex is an individual-tax inventory and may overlap with Eurostat grouped/aggregate NTL rows; do not sum both sources without reconciliation. English name is a descriptive label generated from the Cour structured fields; the Cour annex does not provide an official English legal title. No known or estimated 2024 yield in the Cour annex; cannot be area-sized without an estimate.,Trades chamber tax,Business,Business production and sector levies,Low-yield sector/professional levies,Taxe pour frais de chambre de métiers de Moselle,Cour low-yield row classified from business/professional label.,A business levy used to fund chambers of trades and crafts.,no,,,0,
Taxe pour l'évaluation et le contrôle de la mise sur le marché des produits phytopharmaceutiques et des matières fertilisantes,Low-yield market-failure correction levy on production paid by businesses,Low-yield market-failure correction levy on production paid by businesses. Collector: Agence nationale de sécurité sanitaire (ANSES). Beneficiary: Agence nationale de sécurité sanitaire (Anses).,10000000,0.000342,"Cour des comptes, Les taxes a faible rendement, annex listing, Apr 2025; file: code/data/france_tax/20250417-annexe-listing-des-taxes-concernees.xlsx; Cour Inventaire sheet id 243; Enjeu 2024","Cour low-yield-tax inventory id 243. Status: En vigueur entre 2019 et 2024. Objective: Correction défaillance marché; payer: Entreprises; base: Production. The Cour annex is an individual-tax inventory and may overlap with Eurostat grouped/aggregate NTL rows; do not sum both sources without reconciliation. English name is a descriptive label generated from the Cour structured fields; the Cour annex does not provide an official English legal title. Cour Enjeu 2019: EUR 10.495m. Revenue is the Cour 'enjeu 2024' figure, in EUR after conversion from EUR millions.",Pesticides approval fee 2,Business,Business production and sector levies,Low-yield pharmaceutical/health-product levies,Taxe pour l'évaluation et le contrôle de la mise sur le marché des produits phytopharmaceutiques et des matières fertilisantes,Cour low-yield row classified from pharmaceutical/health-product label.,"Business levy based on production, premises, turnover or sector activity.",yes,10000000,0.000342,0,
Taxe pour le développement de l'industrie de la conservation des produits agricoles,Low-yield market-failure correction levy on production paid by businesses,Low-yield market-failure correction levy on production paid by businesses. Collector: Centre technique de la conservation des produits agricoles (CTCPA). Beneficiary: Centre technique de la conservation des produits agricoles (CTCPA).,,,"Cour des comptes, Les taxes a faible rendement, annex listing, Apr 2025; file: code/data/france_tax/20250417-annexe-listing-des-taxes-concernees.xlsx; Cour Inventaire sheet id 235; Enjeu 2024",Cour low-yield-tax inventory id 235. Status: En vigueur entre 2019 et 2024. Objective: Correction défaillance marché; payer: Entreprises; base: Production. The Cour annex is an individual-tax inventory and may overlap with Eurostat grouped/aggregate NTL rows; do not sum both sources without reconciliation. English name is a descriptive label generated from the Cour structured fields; the Cour annex does not provide an official English legal title. No known or estimated 2024 yield in the Cour annex; cannot be area-sized without an estimate.,Sector levy,Business,Business production and sector levies,Low-yield sector/professional levies,Taxe pour le développement de l'industrie de la conservation des produits agricoles,Cour low-yield row classified from business/professional label.,France's value added tax on goods and services.,no,,,0,
"Taxe pour le développement de la formation professionnelle dans les métiers de réparation de l’automobile, du cycle et du motocycle",Low-yield market-failure correction levy on payroll paid by businesses,Low-yield market-failure correction levy on payroll paid by businesses. Collector: DGFiP. Beneficiary: Association nationale pour la formation automobile (ANFA).,28000000,0.000959,"Cour des comptes, Les taxes a faible rendement, annex listing, Apr 2025; file: code/data/france_tax/20250417-annexe-listing-des-taxes-concernees.xlsx; Cour Inventaire sheet id 234; Enjeu 2024","Cour low-yield-tax inventory id 234. Status: En vigueur entre 2019 et 2024. Objective: Correction défaillance marché; payer: Entreprises; base: Masse salariale. The Cour annex is an individual-tax inventory and may overlap with Eurostat grouped/aggregate NTL rows; do not sum both sources without reconciliation. English name is a descriptive label generated from the Cour structured fields; the Cour annex does not provide an official English legal title. Cour Enjeu 2019: EUR 33.476m. Revenue is the Cour 'enjeu 2024' figure, in EUR after conversion from EUR millions.",Vehicle repair levy,Employment,Employer payroll and labour levies,Low-yield payroll/workforce levies,"Taxe pour le développement de la formation professionnelle dans les métiers de réparation de l’automobile, du cycle et du motocycle",Cour low-yield row classified from base/payer/legal label.,"Employer levy connected with payroll, employees or workforce costs.",yes,28000000,0.000959,0,
Taxe pour le financement du fonds de soutien aux collectivités territoriales ayant contracté des produits structurés,Low-yield budget-raising levy on capital paid by businesses,Low-yield budget-raising levy on capital paid by businesses. Collector: DGFiP. Beneficiary: Budget général.,,,"Cour des comptes, Les taxes a faible rendement, annex listing, Apr 2025; file: code/data/france_tax/20250417-annexe-listing-des-taxes-concernees.xlsx; Cour Inventaire sheet id 340; Enjeu 2024",Cour low-yield-tax inventory id 340. Status: En vigueur entre 2019 et 2024. Objective: Rendement; payer: Entreprises; base: Capital. The Cour annex is an individual-tax inventory and may overlap with Eurostat grouped/aggregate NTL rows; do not sum both sources without reconciliation. English name is a descriptive label generated from the Cour structured fields; the Cour annex does not provide an official English legal title. No known or estimated 2024 yield in the Cour annex; cannot be area-sized without an estimate.,Capital levy,Wealth,Other capital taxes,Low-yield capital/wealth levies,Taxe pour le financement du fonds de soutien aux collectivités territoriales ayant contracté des produits structurés,Cour low-yield row classified from Cour capital base.,Tax or compulsory charge grouped under wealth.,no,,,0,
Taxe pour les chambres de commerce et d'industrie (TCCI),Low-yield budget-raising levy on production paid by businesses,Low-yield budget-raising levy on production paid by businesses. Collector: URSSAF. Beneficiary: Chambres de commerce et d'industrie (CCI).,988438,0.000034,"Cour des comptes, Les taxes a faible rendement, annex listing, Apr 2025; file: code/data/france_tax/20250417-annexe-listing-des-taxes-concernees.xlsx; Cour Inventaire sheet id 344; Enjeu 2019 uprated to 2024 using INSEE CPI",Cour low-yield-tax inventory id 344. Status: En vigueur entre 2019 et 2024. Objective: Rendement; payer: Entreprises; base: Production. The Cour annex is an individual-tax inventory and may overlap with Eurostat grouped/aggregate NTL rows; do not sum both sources without reconciliation. English name is a descriptive label generated from the Cour structured fields; the Cour annex does not provide an official English legal title. Cour Enjeu 2019: EUR 0.86m. No Cour Enjeu 2024 figure; revenue is an estimate from Cour Enjeu 2019 uprated to 2024 using INSEE annual-average CPI inflation for 2020-2024. CPI uprating factor used: 1.149347008.,Commerce chamber tax 2,Business,Business production and sector levies,Low-yield sector/professional levies,Taxe pour les chambres de commerce et d'industrie (TCCI),Cour low-yield row classified from business/professional label.,A business levy used to fund chambers of commerce.,yes,988438,0.000034,0,
Taxe pour non raccordement à l’égout - Participation pour le financement de l'assainissement collectif (PAC),Low-yield service-related levy on production paid by individuals,Low-yield service-related levy on production paid by individuals. Collector: Collectivités territoriales / EPCI. Beneficiary: Communes.,1331000,0.000046,"Cour des comptes, Les taxes a faible rendement, annex listing, Apr 2025; file: code/data/france_tax/20250417-annexe-listing-des-taxes-concernees.xlsx; Cour Inventaire sheet id 111; Enjeu 2024","Cour low-yield-tax inventory id 111. Status: En vigueur entre 2019 et 2024. Objective: Service rendu; payer: Particuliers; base: Production. The Cour annex is an individual-tax inventory and may overlap with Eurostat grouped/aggregate NTL rows; do not sum both sources without reconciliation. English name is a descriptive label generated from the Cour structured fields; the Cour annex does not provide an official English legal title. Cour Enjeu 2019: EUR 0.979m. Revenue is the Cour 'enjeu 2024' figure, in EUR after conversion from EUR millions.",Water levy,Other,Service-related tax-like charges,Low-yield administrative/service charges,Taxe pour non raccordement à l’égout - Participation pour le financement de l'assainissement collectif (PAC),Cour service-related row without clearer UK-equivalent category.,"Water, sewerage or sanitation-related levy.",yes,1331000,0.000046,0,
Taxe spéciale complémentaire à la taxe spéciale d'équipement destinée au financement du GPSO,Low-yield budget-raising levy on capital paid by businesses,Low-yield budget-raising levy on capital paid by businesses. Collector: DGFiP. Beneficiary: Société du Grand Projet Ferroviaire du Sud-Ouest (SGPSO).,,,"Cour des comptes, Les taxes a faible rendement, annex listing, Apr 2025; file: code/data/france_tax/20250417-annexe-listing-des-taxes-concernees.xlsx; Cour Inventaire sheet id 352; Enjeu 2024",Cour low-yield-tax inventory id 352. Status: Créée entre 2019 et 2024. Objective: Rendement; payer: Entreprises; base: Capital. The Cour annex is an individual-tax inventory and may overlap with Eurostat grouped/aggregate NTL rows; do not sum both sources without reconciliation. English name is a descriptive label generated from the Cour structured fields; the Cour annex does not provide an official English legal title. No known or estimated 2024 yield in the Cour annex; cannot be area-sized without an estimate.,Capital levy,Wealth,Other capital taxes,Low-yield capital/wealth levies,Taxe spéciale complémentaire à la taxe spéciale d'équipement destinée au financement du GPSO,Cour low-yield row classified from Cour capital base.,Tax or compulsory charge grouped under wealth.,no,,,0,
Taxe spéciale d'équipement au profit de l'EPA de Guyane,Low-yield budget-raising levy on capital paid by individuals,Low-yield budget-raising levy on capital paid by individuals. Collector: DGFiP. Beneficiary: Etablissement public foncier et d’aménagement (EPFA) en Guyane.,4300000,0.000147,"Cour des comptes, Les taxes a faible rendement, annex listing, Apr 2025; file: code/data/france_tax/20250417-annexe-listing-des-taxes-concernees.xlsx; Cour Inventaire sheet id 245; Enjeu 2024","Cour low-yield-tax inventory id 245. Status: En vigueur entre 2019 et 2024. Objective: Rendement; payer: Particuliers; base: Capital. The Cour annex is an individual-tax inventory and may overlap with Eurostat grouped/aggregate NTL rows; do not sum both sources without reconciliation. English name is a descriptive label generated from the Cour structured fields; the Cour annex does not provide an official English legal title. Cour Enjeu 2019: EUR 3.886m. Revenue is the Cour 'enjeu 2024' figure, in EUR after conversion from EUR millions.",Guyane land agency,Land,"Land, buildings and development levies",Low-yield property/development taxes,Taxe spéciale d'équipement au profit de l'EPA de Guyane,Cour low-yield row classified from land/property label.,Special equipment tax used to fund the Guyane public land agency.,yes,4300000,0.000147,0,
Taxe spéciale d'équipement au profit de l'EPF de Lorraine,Low-yield budget-raising levy on capital paid by individuals,Low-yield budget-raising levy on capital paid by individuals. Collector: DGFiP. Beneficiary: Etablissement public foncier (EPF) de Lorraine.,27761328,0.000951,"Cour des comptes, Les taxes a faible rendement, annex listing, Apr 2025; file: code/data/france_tax/20250417-annexe-listing-des-taxes-concernees.xlsx; Cour Inventaire sheet id 246; Enjeu 2019 uprated to 2024 using INSEE CPI",Cour low-yield-tax inventory id 246. Status: En vigueur entre 2019 et 2024. Objective: Rendement; payer: Particuliers; base: Capital. The Cour annex is an individual-tax inventory and may overlap with Eurostat grouped/aggregate NTL rows; do not sum both sources without reconciliation. English name is a descriptive label generated from the Cour structured fields; the Cour annex does not provide an official English legal title. Cour Enjeu 2019: EUR 24.154m. No Cour Enjeu 2024 figure; revenue is an estimate from Cour Enjeu 2019 uprated to 2024 using INSEE annual-average CPI inflation for 2020-2024. CPI uprating factor used: 1.149347008.,Lorraine land agency,Land,"Land, buildings and development levies",Low-yield property/development taxes,Taxe spéciale d'équipement au profit de l'EPF de Lorraine,Cour low-yield row classified from land/property label.,Special equipment tax used to fund the Lorraine public land agency.,yes,27761328,0.000951,0,
Taxe spéciale d'équipement au profit de l'EPF de Normandie,Low-yield budget-raising levy on capital paid by individuals,Low-yield budget-raising levy on capital paid by individuals. Collector: DGFiP. Beneficiary: Etablissement public foncier (EPF) de Normandie.,11064000,0.000379,"Cour des comptes, Les taxes a faible rendement, annex listing, Apr 2025; file: code/data/france_tax/20250417-annexe-listing-des-taxes-concernees.xlsx; Cour Inventaire sheet id 247; Enjeu 2024","Cour low-yield-tax inventory id 247. Status: En vigueur entre 2019 et 2024. Objective: Rendement; payer: Particuliers; base: Capital. The Cour annex is an individual-tax inventory and may overlap with Eurostat grouped/aggregate NTL rows; do not sum both sources without reconciliation. English name is a descriptive label generated from the Cour structured fields; the Cour annex does not provide an official English legal title. Cour Enjeu 2019: EUR 14.272m. Revenue is the Cour 'enjeu 2024' figure, in EUR after conversion from EUR millions.",Normandie land agency,Land,"Land, buildings and development levies",Low-yield property/development taxes,Taxe spéciale d'équipement au profit de l'EPF de Normandie,Cour low-yield row classified from land/property label.,Special equipment tax used to fund the Normandie public land agency.,yes,11064000,0.000379,0,
Taxe spéciale d'équipement au profit de l'EPF de PACA,Low-yield budget-raising levy on capital paid by individuals,Low-yield budget-raising levy on capital paid by individuals. Collector: DGFiP. Beneficiary: Etablissement public foncier (EPF) de PACA.,41700000,0.001428,"Cour des comptes, Les taxes a faible rendement, annex listing, Apr 2025; file: code/data/france_tax/20250417-annexe-listing-des-taxes-concernees.xlsx; Cour Inventaire sheet id 248; Enjeu 2024","Cour low-yield-tax inventory id 248. Status: En vigueur entre 2019 et 2024. Objective: Rendement; payer: Particuliers; base: Capital. The Cour annex is an individual-tax inventory and may overlap with Eurostat grouped/aggregate NTL rows; do not sum both sources without reconciliation. English name is a descriptive label generated from the Cour structured fields; the Cour annex does not provide an official English legal title. Cour Enjeu 2019: EUR 54.931m. Revenue is the Cour 'enjeu 2024' figure, in EUR after conversion from EUR millions.",PACA land agency,Land,"Land, buildings and development levies",Low-yield property/development taxes,Taxe spéciale d'équipement au profit de l'EPF de PACA,Cour low-yield row classified from land/property label.,Special equipment tax used to fund the PACA public land agency.,yes,41700000,0.001428,0,
Taxe spéciale d'équipement au profit de l'établissement public Société du Grand Paris,Low-yield budget-raising levy on capital paid by businesses,Low-yield budget-raising levy on capital paid by businesses. Collector: DGFiP. Beneficiary: Société des grands projets (SGP).,67079589,0.002297,"Cour des comptes, Les taxes a faible rendement, annex listing, Apr 2025; file: code/data/france_tax/20250417-annexe-listing-des-taxes-concernees.xlsx; Cour Inventaire sheet id 249; Enjeu 2024","Cour low-yield-tax inventory id 249. Status: En vigueur entre 2019 et 2024. Objective: Rendement; payer: Entreprises; base: Capital. The Cour annex is an individual-tax inventory and may overlap with Eurostat grouped/aggregate NTL rows; do not sum both sources without reconciliation. English name is a descriptive label generated from the Cour structured fields; the Cour annex does not provide an official English legal title. Cour Enjeu 2019: EUR 117m. Revenue is the Cour 'enjeu 2024' figure, in EUR after conversion from EUR millions.",Grand Paris levy,Goods/services,"Betting, gaming and lottery",Low-yield consumption/service levies,Taxe spéciale d'équipement au profit de l'établissement public Société du Grand Paris,Cour low-yield row classified from legal label and base.,Special equipment tax used to fund Grand Paris infrastructure.,yes,67079589,0.002297,0,
Taxe spéciale due en cas de non-respect de l’engagement de conserver pendant 5 ans les parts de FCPR ou FCPI,Low-yield behavioural incentive levy on capital paid by businesses,Low-yield behavioural incentive levy on capital paid by businesses. Collector: DGFiP. Beneficiary: Budget général.,,,"Cour des comptes, Les taxes a faible rendement, annex listing, Apr 2025; file: code/data/france_tax/20250417-annexe-listing-des-taxes-concernees.xlsx; Cour Inventaire sheet id 339; Enjeu 2024",Cour low-yield-tax inventory id 339. Status: En vigueur entre 2019 et 2024. Objective: Incitation; payer: Entreprises; base: Capital. The Cour annex is an individual-tax inventory and may overlap with Eurostat grouped/aggregate NTL rows; do not sum both sources without reconciliation. English name is a descriptive label generated from the Cour structured fields; the Cour annex does not provide an official English legal title. No known or estimated 2024 yield in the Cour annex; cannot be area-sized without an estimate.,Low-yield behavioural incentive…,Wealth,Financial capital taxes,Low-yield financial-capital levies,Taxe spéciale due en cas de non-respect de l’engagement de conserver pendant 5 ans les parts de FCPR ou FCPI,Cour low-yield row classified from financial-capital label.,"Tax on financial assets, investment income or securities transactions.",no,,,0,
Taxe spéciale d’équipement affectée à la SGPSO,Low-yield budget-raising levy on capital paid by other payers,Low-yield budget-raising levy on capital paid by other payers. Collector: DGFiP. Beneficiary: Société du Grand Projet Ferroviaire du Sud-Ouest (SGPSO).,,,"Cour des comptes, Les taxes a faible rendement, annex listing, Apr 2025; file: code/data/france_tax/20250417-annexe-listing-des-taxes-concernees.xlsx; Cour Inventaire sheet id 353; Enjeu 2024",Cour low-yield-tax inventory id 353. Status: Créée entre 2019 et 2024. Objective: Rendement; payer: Autres; base: Capital. The Cour annex is an individual-tax inventory and may overlap with Eurostat grouped/aggregate NTL rows; do not sum both sources without reconciliation. English name is a descriptive label generated from the Cour structured fields; the Cour annex does not provide an official English legal title. No known or estimated 2024 yield in the Cour annex; cannot be area-sized without an estimate.,Capital levy,Wealth,Other capital taxes,Low-yield capital/wealth levies,Taxe spéciale d’équipement affectée à la SGPSO,Cour low-yield row classified from Cour capital base.,Tax or compulsory charge grouped under wealth.,no,,,0,
Taxe spéciale sur les conventions d'assurance,Special tax on insurance policies,Eurostat national-tax-list line classified as ESA code D214G. Economic function: consumption.,10031000000,0.343539,"Eurostat, National Tax Lists - individual taxes, updated 22 Apr 2026; file: code/data/france_tax/eurostat_national_tax_lists_2025_2026-04-22.xlsx; FR sheet; STO D214G; DETAILS C04; 2024","Eurostat NTL covers general government plus EU institutions (S.13 + S.212), so local taxes are in scope.",Insurance contracts tax,Goods/services,Insurance taxes,Insurance-premium taxes,Taxe spéciale sur les conventions d'assurance,Direct UK equivalent: insurance premium tax.,Tax on insurance contracts.,yes,9064124520,0.310426,-966875480,Netted Cour known-yield overlap for Goods/services / Insurance taxes.
Taxe spéciale sur les véhicules routiers (taxe à l'essieu),Axle tax,Eurostat national-tax-list line classified as ESA code D29B. Economic function: capital/stock of wealth. Environmental/property tag: transport.,154000000,0.005274,"Eurostat, National Tax Lists - individual taxes, updated 22 Apr 2026; file: code/data/france_tax/eurostat_national_tax_lists_2025_2026-04-22.xlsx; FR sheet; STO D29B; DETAILS C02; 2024","Eurostat NTL covers general government plus EU institutions (S.13 + S.212), so local taxes are in scope.",Axle tax,Goods/services,Transport and vehicle taxes,Vehicle/transport-use taxes,Taxe spéciale sur les véhicules routiers (taxe à l'essieu),Direct UK equivalent: vehicle/transport taxes.,Tax on heavy goods vehicles by axle or weight.,yes,154000000,0.005274,0,
Taxe sur construction de bureaux et sur les locaux à usage de bureaux,Tax on the creation and on the use of offices,Eurostat national-tax-list line classified as ESA code D29A. Economic function: capital/stock of wealth.,1055000000,0.036131,"Eurostat, National Tax Lists - individual taxes, updated 22 Apr 2026; file: code/data/france_tax/eurostat_national_tax_lists_2025_2026-04-22.xlsx; FR sheet; STO D29A; DETAILS C16; 2024","Eurostat NTL covers general government plus EU institutions (S.13 + S.212), so local taxes are in scope.",Office premises tax,Land,Recurrent land and property taxes,Land/buildings/business premises,Taxe sur construction de bureaux et sur les locaux à usage de bureaux,UK-equivalent treatment: land/property taxes align with council tax/business rates/property taxes.,Tax on offices and similar premises.,yes,1055000000,0.036131,0,
Taxe sur infrastructures de transport longues distances,Tax on long-distance transport infrastructures,Eurostat national-tax-list line classified as ESA code D51O. Economic function: corporate capital income.,549000000,0.018802,"Eurostat, National Tax Lists - individual taxes, updated 22 Apr 2026; file: code/data/france_tax/eurostat_national_tax_lists_2025_2026-04-22.xlsx; FR sheet; STO D51O; DETAILS C10; 2024","Eurostat NTL covers general government plus EU institutions (S.13 + S.212), so local taxes are in scope.",Long-distance transport,Business,Profit and sector taxes,Corporate and sector profits,Taxe sur infrastructures de transport longues distances,UK-equivalent treatment: corporation/profit/sector levies sit with business taxes.,A sector levy on long-distance transport infrastructure.,yes,549000000,0.018802,0,
Taxe sur l'exploration d'hydrocarbures,Low-yield behavioural incentive levy on production paid by businesses,Low-yield behavioural incentive levy on production paid by businesses. Collector: DGFiP. Beneficiary: Collectivité territoriale de Guyane / Collectivité territoriale de Martinique.,,,"Cour des comptes, Les taxes a faible rendement, annex listing, Apr 2025; file: code/data/france_tax/20250417-annexe-listing-des-taxes-concernees.xlsx; Cour Inventaire sheet id 318; Enjeu 2024",Cour low-yield-tax inventory id 318. Status: En vigueur entre 2019 et 2024. Objective: Incitation; payer: Entreprises; base: Production. The Cour annex is an individual-tax inventory and may overlap with Eurostat grouped/aggregate NTL rows; do not sum both sources without reconciliation. English name is a descriptive label generated from the Cour structured fields; the Cour annex does not provide an official English legal title. No known or estimated 2024 yield in the Cour annex; cannot be area-sized without an estimate.,Hydrocarbon tax,Environmental,"Carbon, energy-transition and extraction levies",Low-yield emissions/resource levies,Taxe sur l'exploration d'hydrocarbures,Cour low-yield row classified from carbon/resource/energy-transition label.,Levy on the production of liquid or gaseous hydrocarbons.,no,,,0,
"Taxe sur l'utilisation des bandes "" 700 MHz "" et "" 800 MHz "" du spectre radioélectrique",Low-yield service-related levy on production paid by businesses,Low-yield service-related levy on production paid by businesses. Collector: Agence nationale des fréquences (ANFr). Beneficiary: Agence nationale des fréquences (ANFr).,,,"Cour des comptes, Les taxes a faible rendement, annex listing, Apr 2025; file: code/data/france_tax/20250417-annexe-listing-des-taxes-concernees.xlsx; Cour Inventaire sheet id 348; Enjeu 2024",Cour low-yield-tax inventory id 348. Status: En vigueur entre 2019 et 2024. Objective: Service rendu; payer: Entreprises; base: Production. The Cour annex is an individual-tax inventory and may overlap with Eurostat grouped/aggregate NTL rows; do not sum both sources without reconciliation. English name is a descriptive label generated from the Cour structured fields; the Cour annex does not provide an official English legal title. No known or estimated 2024 yield in the Cour annex; cannot be area-sized without an estimate.,Sector levy,Business,Business production and sector levies,Low-yield sector/professional levies,"Taxe sur l'utilisation des bandes "" 700 MHz "" et "" 800 MHz "" du spectre radioélectrique",Cour low-yield row classified from business/professional label.,"Business levy based on production, premises, turnover or sector activity.",no,,,0,
Taxe sur la cession de droits d'exploitation audiovisuelle des manifestations sportives mentionnée à l'article L. 455-29 (ex-Contribution sur la cession à un service de télévision des droits de diffusion de manifestations ou de compétitions sportives),Low-yield budget-raising levy on consumption paid by businesses,Low-yield budget-raising levy on consumption paid by businesses. Collector: DGFiP. Beneficiary: Centre national pour le développement du sport (CNDS).,59665000,0.002043,"Cour des comptes, Les taxes a faible rendement, annex listing, Apr 2025; file: code/data/france_tax/20250417-annexe-listing-des-taxes-concernees.xlsx; Cour Inventaire sheet id 32; Enjeu 2024","Cour low-yield-tax inventory id 32. Status: En vigueur entre 2019 et 2024. Objective: Rendement; payer: Entreprises; base: Consommation. The Cour annex is an individual-tax inventory and may overlap with Eurostat grouped/aggregate NTL rows; do not sum both sources without reconciliation. English name is a descriptive label generated from the Cour structured fields; the Cour annex does not provide an official English legal title. Cour Enjeu 2019: EUR 54.302m. Revenue is the Cour 'enjeu 2024' figure, in EUR after conversion from EUR millions.",Film/media levy,Business,Business production and sector levies,Low-yield sector/professional levies,Taxe sur la cession de droits d'exploitation audiovisuelle des manifestations sportives mentionnée à l'article L. 455-29 (ex-Contribution sur la cession à un service de télévision des droits de diffusion de manifestations ou de compétitions sportives),Cour low-yield row classified from business/professional label.,"Business levy based on production, premises, turnover or sector activity.",yes,59665000,0.002043,0,
Taxe sur la cession à titre onéreux des terrains nus rendus constructibles,Low-yield behavioural incentive levy on capital paid by individuals,Low-yield behavioural incentive levy on capital paid by individuals. Collector: DGFiP. Beneficiary: Agence de services et de paiement (ASP).,16000000,0.000548,"Cour des comptes, Les taxes a faible rendement, annex listing, Apr 2025; file: code/data/france_tax/20250417-annexe-listing-des-taxes-concernees.xlsx; Cour Inventaire sheet id 256; Enjeu 2024","Cour low-yield-tax inventory id 256. Status: En vigueur entre 2019 et 2024. Objective: Incitation; payer: Particuliers; base: Capital. The Cour annex is an individual-tax inventory and may overlap with Eurostat grouped/aggregate NTL rows; do not sum both sources without reconciliation. English name is a descriptive label generated from the Cour structured fields; the Cour annex does not provide an official English legal title. Cour Enjeu 2019: EUR 27.426m. Revenue is the Cour 'enjeu 2024' figure, in EUR after conversion from EUR millions.",Development land tax,Land,"Land, buildings and development levies",Low-yield property/development taxes,Taxe sur la cession à titre onéreux des terrains nus rendus constructibles,Cour low-yield row classified from land/property label.,Tax on sales of undeveloped land made buildable by planning decisions.,yes,16000000,0.000548,0,
Taxe sur la mise en relation par voie électronique en vue de fournir certaines prestations de transport dite ARPE (ex-Taxe sur les exploitants de plateformes de mises en relation par voie électronique en vue de fournir certaines prestations de transport),Low-yield budget-raising levy on production paid by businesses,Low-yield budget-raising levy on production paid by businesses. Collector: DGFiP. Beneficiary: Autorité des relations sociales des plateformes d'emploi (ARPE).,1425000,0.000049,"Cour des comptes, Les taxes a faible rendement, annex listing, Apr 2025; file: code/data/france_tax/20250417-annexe-listing-des-taxes-concernees.xlsx; Cour Inventaire sheet id 290; Enjeu 2024","Cour low-yield-tax inventory id 290. Status: Créée entre 2019 et 2024. Objective: Rendement; payer: Entreprises; base: Production. The Cour annex is an individual-tax inventory and may overlap with Eurostat grouped/aggregate NTL rows; do not sum both sources without reconciliation. English name is a descriptive label generated from the Cour structured fields; the Cour annex does not provide an official English legal title. Revenue is the Cour 'enjeu 2024' figure, in EUR after conversion from EUR millions.",Transport levy 4,Goods/services,Transport and vehicle taxes,Low-yield consumption/service levies,Taxe sur la mise en relation par voie électronique en vue de fournir certaines prestations de transport dite ARPE (ex-Taxe sur les exploitants de plateformes de mises en relation par voie électronique en vue de fournir certaines prestations de transport),Cour low-yield row classified from legal label and base.,"Tax on vehicles, transport services or transport use.",yes,1425000,0.000049,0,
Taxe sur la mise à disposition de phonogrammes et de vidéomusiques / Taxe sur le chiffre d'affaires des plateformes d'écoute de musique en ligne/Taxe sur les services de streaming musical,Low-yield budget-raising levy on consumption paid by businesses,Low-yield budget-raising levy on consumption paid by businesses. Collector: DGFiP. Beneficiary: Centre national de la musique (CNM).,13000000,0.000445,"Cour des comptes, Les taxes a faible rendement, annex listing, Apr 2025; file: code/data/france_tax/20250417-annexe-listing-des-taxes-concernees.xlsx; Cour Inventaire sheet id 263; Enjeu 2024","Cour low-yield-tax inventory id 263. Status: Créée entre 2019 et 2024. Objective: Rendement; payer: Entreprises; base: Consommation. The Cour annex is an individual-tax inventory and may overlap with Eurostat grouped/aggregate NTL rows; do not sum both sources without reconciliation. English name is a descriptive label generated from the Cour structured fields; the Cour annex does not provide an official English legal title. Revenue is the Cour 'enjeu 2024' figure, in EUR after conversion from EUR millions.",Music streaming tax,Business,Business production and sector levies,Low-yield sector/professional levies,Taxe sur la mise à disposition de phonogrammes et de vidéomusiques / Taxe sur le chiffre d'affaires des plateformes d'écoute de musique en ligne/Taxe sur les services de streaming musical,Cour low-yield row classified from business/professional label.,"Business levy based on production, premises, turnover or sector activity.",yes,13000000,0.000445,0,
Taxe sur la production et la distribution d'œuvres cinématographiques et taxe sur les spectacles cinématographiques (ex-Cotisations des entreprises cinématographiques),Low-yield budget-raising levy on production paid by businesses,Low-yield budget-raising levy on production paid by businesses. Collector: Centre national du cinéma et de l'image animée (CNC). Beneficiary: Centre national du cinéma et de l'image animée (CNC).,10725000,0.000367,"Cour des comptes, Les taxes a faible rendement, annex listing, Apr 2025; file: code/data/france_tax/20250417-annexe-listing-des-taxes-concernees.xlsx; Cour Inventaire sheet id 53; Enjeu 2024","Cour low-yield-tax inventory id 53. Status: En vigueur entre 2019 et 2024. Objective: Rendement; payer: Entreprises; base: Production. The Cour annex is an individual-tax inventory and may overlap with Eurostat grouped/aggregate NTL rows; do not sum both sources without reconciliation. English name is a descriptive label generated from the Cour structured fields; the Cour annex does not provide an official English legal title. Cour Enjeu 2019: EUR 9.225m. Revenue is the Cour 'enjeu 2024' figure, in EUR after conversion from EUR millions.",Film/media levy 1,Goods/services,Specific services and media taxes,Low-yield consumption/service levies,Taxe sur la production et la distribution d'œuvres cinématographiques et taxe sur les spectacles cinématographiques (ex-Cotisations des entreprises cinématographiques),Cour low-yield row classified from legal label and base.,"Tax on a specific service, media or entertainment activity.",yes,10725000,0.000367,0,
Taxe sur la publicité diffusée au moyen de documents imprimés (ex-Taxe sur certaines dépenses de publicité),Low-yield budget-raising levy on production paid by businesses,Low-yield budget-raising levy on production paid by businesses. Collector: DGFiP. Beneficiary: Budget général.,17912746,0.000613,"Cour des comptes, Les taxes a faible rendement, annex listing, Apr 2025; file: code/data/france_tax/20250417-annexe-listing-des-taxes-concernees.xlsx; Cour Inventaire sheet id 254; Enjeu 2024","Cour low-yield-tax inventory id 254. Status: En vigueur entre 2019 et 2024. Objective: Rendement; payer: Entreprises; base: Production. The Cour annex is an individual-tax inventory and may overlap with Eurostat grouped/aggregate NTL rows; do not sum both sources without reconciliation. English name is a descriptive label generated from the Cour structured fields; the Cour annex does not provide an official English legal title. Cour Enjeu 2019: EUR 23.111m. Revenue is the Cour 'enjeu 2024' figure, in EUR after conversion from EUR millions.",Advertising levy,Goods/services,Specific services and media taxes,Low-yield consumption/service levies,Taxe sur la publicité diffusée au moyen de documents imprimés (ex-Taxe sur certaines dépenses de publicité),Cour low-yield row classified from legal label and base.,"Tax on a specific service, media or entertainment activity.",yes,17912746,0.000613,0,
"Taxe sur la publicité diffusée au moyen de services de contenus audiovisuels à la demande (CIBS, art.L454-16) (ex- CGI, art 1609 sexdecies B)",Low-yield budget-raising levy on production paid by businesses,Low-yield budget-raising levy on production paid by businesses. Collector: Centre national du cinéma et de l'image animée (CNC). Beneficiary: Centre national du cinéma et de l'image animée (CNC).,,,"Cour des comptes, Les taxes a faible rendement, annex listing, Apr 2025; file: code/data/france_tax/20250417-annexe-listing-des-taxes-concernees.xlsx; Cour Inventaire sheet id 337; Enjeu 2024",Cour low-yield-tax inventory id 337. Status: En vigueur entre 2019 et 2024. Objective: Rendement; payer: Entreprises; base: Production. The Cour annex is an individual-tax inventory and may overlap with Eurostat grouped/aggregate NTL rows; do not sum both sources without reconciliation. English name is a descriptive label generated from the Cour structured fields; the Cour annex does not provide an official English legal title. No known or estimated 2024 yield in the Cour annex; cannot be area-sized without an estimate.,Advertising levy,Goods/services,Specific services and media taxes,Low-yield consumption/service levies,"Taxe sur la publicité diffusée au moyen de services de contenus audiovisuels à la demande (CIBS, art.L454-16) (ex- CGI, art 1609 sexdecies B)",Cour low-yield row classified from legal label and base.,"Tax on a specific service, media or entertainment activity.",no,,,0,
Taxe sur le chiffre d'affaires des exploitants agricoles,Low-yield budget-raising levy on production paid by businesses,Low-yield budget-raising levy on production paid by businesses. Collector: DGFiP. Beneficiary: Budget général.,,,"Cour des comptes, Les taxes a faible rendement, annex listing, Apr 2025; file: code/data/france_tax/20250417-annexe-listing-des-taxes-concernees.xlsx; Cour Inventaire sheet id 262; Enjeu 2024",Cour low-yield-tax inventory id 262. Status: En vigueur entre 2019 et 2024. Objective: Rendement; payer: Entreprises; base: Production. The Cour annex is an individual-tax inventory and may overlap with Eurostat grouped/aggregate NTL rows; do not sum both sources without reconciliation. English name is a descriptive label generated from the Cour structured fields; the Cour annex does not provide an official English legal title. No known or estimated 2024 yield in the Cour annex; cannot be area-sized without an estimate.,Sector levy,Business,Business production and sector levies,Low-yield sector/professional levies,Taxe sur le chiffre d'affaires des exploitants agricoles,Cour low-yield row classified from business/professional label.,"Business levy based on production, premises, turnover or sector activity.",no,,,0,
Taxe sur le non paiement de la participation des employeurs au financement de la formation professionnelle continue,Low-yield behavioural incentive levy on payroll paid by businesses,Low-yield behavioural incentive levy on payroll paid by businesses. Collector: URSSAF. Beneficiary: Budget général.,39126071,0.001340,"Cour des comptes, Les taxes a faible rendement, annex listing, Apr 2025; file: code/data/france_tax/20250417-annexe-listing-des-taxes-concernees.xlsx; Cour Inventaire sheet id 264; Enjeu 2019 uprated to 2024 using INSEE CPI",Cour low-yield-tax inventory id 264. Status: En vigueur entre 2019 et 2024. Objective: Incitation; payer: Entreprises; base: Masse salariale. The Cour annex is an individual-tax inventory and may overlap with Eurostat grouped/aggregate NTL rows; do not sum both sources without reconciliation. English name is a descriptive label generated from the Cour structured fields; the Cour annex does not provide an official English legal title. Cour Enjeu 2019: EUR 34.042m. No Cour Enjeu 2024 figure; revenue is an estimate from Cour Enjeu 2019 uprated to 2024 using INSEE annual-average CPI inflation for 2020-2024. CPI uprating factor used: 1.149347008.,Training default levy,Employment,Employer payroll and labour levies,Low-yield payroll/workforce levies,Taxe sur le non paiement de la participation des employeurs au financement de la formation professionnelle continue,Cour low-yield row classified from base/payer/legal label.,"Employer levy connected with payroll, employees or workforce costs.",yes,39126071,0.001340,0,
"Taxe sur le permis de conduire des bateaux de plaisance à moteur, fraction perçue sur les candidatures aux examens et fraction perçue sur les délivrances du titre",Low-yield service-related levy on consumption paid by individuals,Low-yield service-related levy on consumption paid by individuals. Collector: DGFiP. Beneficiary: Budget général.,,,"Cour des comptes, Les taxes a faible rendement, annex listing, Apr 2025; file: code/data/france_tax/20250417-annexe-listing-des-taxes-concernees.xlsx; Cour Inventaire sheet id 265; Enjeu 2024",Cour low-yield-tax inventory id 265. Status: En vigueur entre 2019 et 2024. Objective: Service rendu; payer: Particuliers; base: Consommation. The Cour annex is an individual-tax inventory and may overlap with Eurostat grouped/aggregate NTL rows; do not sum both sources without reconciliation. English name is a descriptive label generated from the Cour structured fields; the Cour annex does not provide an official English legal title. No known or estimated 2024 yield in the Cour annex; cannot be area-sized without an estimate.,Driving licence tax,Goods/services,Transport and vehicle taxes,Low-yield consumption/service levies,"Taxe sur le permis de conduire des bateaux de plaisance à moteur, fraction perçue sur les candidatures aux examens et fraction perçue sur les délivrances du titre",Cour low-yield row classified from legal label and base.,"Tax on vehicles, transport services or transport use.",no,,,0,
Taxe sur le renouvellement du permis de conduire mentionnée à l'article L. 421-168 (ex-Droit de timbre pour la délivrance du permis de conduire en cas de perte ou de vol),Low-yield service-related levy on consumption paid by individuals,"Low-yield service-related levy on consumption paid by individuals. Collector: France Titres, anciennement ANTS. Beneficiary: Budget général.",8780000,0.000301,"Cour des comptes, Les taxes a faible rendement, annex listing, Apr 2025; file: code/data/france_tax/20250417-annexe-listing-des-taxes-concernees.xlsx; Cour Inventaire sheet id 67; Enjeu 2024","Cour low-yield-tax inventory id 67. Status: En vigueur entre 2019 et 2024. Objective: Service rendu; payer: Particuliers; base: Consommation. The Cour annex is an individual-tax inventory and may overlap with Eurostat grouped/aggregate NTL rows; do not sum both sources without reconciliation. English name is a descriptive label generated from the Cour structured fields; the Cour annex does not provide an official English legal title. Cour Enjeu 2019: EUR 9.604m. Revenue is the Cour 'enjeu 2024' figure, in EUR after conversion from EUR millions.",Driving licence tax,Goods/services,Transport and vehicle taxes,Low-yield consumption/service levies,Taxe sur le renouvellement du permis de conduire mentionnée à l'article L. 421-168 (ex-Droit de timbre pour la délivrance du permis de conduire en cas de perte ou de vol),Cour low-yield row classified from legal label and base.,"Tax on vehicles, transport services or transport use.",yes,8780000,0.000301,0,
Taxe sur le transport de passagers maritimes embarqués à destination d'espaces naturels protégés,Low-yield service-related levy on consumption paid by businesses,Low-yield service-related levy on consumption paid by businesses. Collector: DGDDI. Beneficiary: Personne publique assurant la gestion de l'espace naturel protégé concerné ou commune d'implantation de l'espace.,4500000,0.000154,"Cour des comptes, Les taxes a faible rendement, annex listing, Apr 2025; file: code/data/france_tax/20250417-annexe-listing-des-taxes-concernees.xlsx; Cour Inventaire sheet id 296; Enjeu 2024","Cour low-yield-tax inventory id 296. Status: En vigueur entre 2019 et 2024. Objective: Service rendu; payer: Entreprises; base: Consommation. The Cour annex is an individual-tax inventory and may overlap with Eurostat grouped/aggregate NTL rows; do not sum both sources without reconciliation. English name is a descriptive label generated from the Cour structured fields; the Cour annex does not provide an official English legal title. Cour Enjeu 2019: EUR 3.626m. Revenue is the Cour 'enjeu 2024' figure, in EUR after conversion from EUR millions.",Transport levy 5,Goods/services,Transport and vehicle taxes,Low-yield consumption/service levies,Taxe sur le transport de passagers maritimes embarqués à destination d'espaces naturels protégés,Cour low-yield row classified from legal label and base.,"Tax on vehicles, transport services or transport use.",yes,4500000,0.000154,0,
Taxe sur les boissons édulcorées,Low-yield behavioural incentive levy on consumption paid by businesses,Low-yield behavioural incentive levy on consumption paid by businesses. Collector: DGFiP. Beneficiary: Caisse nationale d'assurance-maladie (CNAM).,45000000,0.001541,"Cour des comptes, Les taxes a faible rendement, annex listing, Apr 2025; file: code/data/france_tax/20250417-annexe-listing-des-taxes-concernees.xlsx; Cour Inventaire sheet id 275; Enjeu 2024","Cour low-yield-tax inventory id 275. Status: En vigueur entre 2019 et 2024. Objective: Incitation; payer: Entreprises; base: Consommation. The Cour annex is an individual-tax inventory and may overlap with Eurostat grouped/aggregate NTL rows; do not sum both sources without reconciliation. English name is a descriptive label generated from the Cour structured fields; the Cour annex does not provide an official English legal title. Cour Enjeu 2019: EUR 39.027m. Revenue is the Cour 'enjeu 2024' figure, in EUR after conversion from EUR millions.",Sweet drinks tax,Goods/services,Insurance taxes,Low-yield insurance levies,Taxe sur les boissons édulcorées,Cour low-yield row classified from insurance label.,Tax on sweetened drinks.,yes,45000000,0.001541,0,
Taxe sur les certificats d'immatriculation des véhicules,Tax on vehicle registration certificate,Eurostat national-tax-list line classified as ESA code D214D. Economic function: consumption. Environmental/property tag: transport.,3122000000,0.106921,"Eurostat, National Tax Lists - individual taxes, updated 22 Apr 2026; file: code/data/france_tax/eurostat_national_tax_lists_2025_2026-04-22.xlsx; FR sheet; STO D214D; DETAILS C01; 2024","Eurostat NTL covers general government plus EU institutions (S.13 + S.212), so local taxes are in scope.",Vehicle registration tax,Goods/services,Transport and vehicle taxes,Vehicle/transport-use taxes,Taxe sur les certificats d'immatriculation des véhicules,Direct UK equivalent: vehicle/transport taxes.,Tax paid when vehicles are registered.,yes,2656494950,0.090979,-465505050,Netted Cour known-yield overlap for Goods/services / Transport and vehicle taxes.
Taxe sur les demandes de visa ou de renouvellement de visa de publicité et sur les dépôts de publicité pharmaceutiques,Low-yield service-related levy on production paid by businesses,Low-yield service-related levy on production paid by businesses. Collector: Agence nationale de sécurité du médicament et des produits de santé (ANSM). Beneficiary: Caisse nationale d'assurance-maladie (CNAM).,,,"Cour des comptes, Les taxes a faible rendement, annex listing, Apr 2025; file: code/data/france_tax/20250417-annexe-listing-des-taxes-concernees.xlsx; Cour Inventaire sheet id 285; Enjeu 2024",Cour low-yield-tax inventory id 285. Status: En vigueur entre 2019 et 2024. Objective: Service rendu; payer: Entreprises; base: Production. The Cour annex is an individual-tax inventory and may overlap with Eurostat grouped/aggregate NTL rows; do not sum both sources without reconciliation. English name is a descriptive label generated from the Cour structured fields; the Cour annex does not provide an official English legal title. No known or estimated 2024 yield in the Cour annex; cannot be area-sized without an estimate.,Advertising levy,Business,Business production and sector levies,Low-yield pharmaceutical/health-product levies,Taxe sur les demandes de visa ou de renouvellement de visa de publicité et sur les dépôts de publicité pharmaceutiques,Cour low-yield row classified from pharmaceutical/health-product label.,"Business levy based on production, premises, turnover or sector activity.",no,,,0,
Taxe sur les déchets réceptionnés dans une installation de stockage ou un incinérateur de déchets ménagers,Low-yield budget-raising levy on production paid by businesses,Low-yield budget-raising levy on production paid by businesses. Collector: Direction générale des collectivités locales (DGCL). Beneficiary: Communes.,19699412,0.000675,"Cour des comptes, Les taxes a faible rendement, annex listing, Apr 2025; file: code/data/france_tax/20250417-annexe-listing-des-taxes-concernees.xlsx; Cour Inventaire sheet id 282; Enjeu 2024","Cour low-yield-tax inventory id 282. Status: En vigueur entre 2019 et 2024. Objective: Rendement; payer: Entreprises; base: Production. The Cour annex is an individual-tax inventory and may overlap with Eurostat grouped/aggregate NTL rows; do not sum both sources without reconciliation. English name is a descriptive label generated from the Cour structured fields; the Cour annex does not provide an official English legal title. Cour Enjeu 2019: EUR 18.108m. Revenue is the Cour 'enjeu 2024' figure, in EUR after conversion from EUR millions.",Pollution tax,Environmental,Pollution taxes,Low-yield pollution levies,Taxe sur les déchets réceptionnés dans une installation de stockage ou un incinérateur de déchets ménagers,Cour low-yield row classified from pollution label.,Tax on pollution or environmentally harmful activities.,yes,19699412,0.000675,0,
Taxe sur les entreprises ayant bénéficié de quotas d'émission de gaz à effet de serre,Low-yield behavioural incentive levy on production paid by businesses,Low-yield behavioural incentive levy on production paid by businesses. Collector: DGFiP. Beneficiary: Budget général.,,,"Cour des comptes, Les taxes a faible rendement, annex listing, Apr 2025; file: code/data/france_tax/20250417-annexe-listing-des-taxes-concernees.xlsx; Cour Inventaire sheet id 287; Enjeu 2024",Cour low-yield-tax inventory id 287. Status: En vigueur entre 2019 et 2024. Objective: Incitation; payer: Entreprises; base: Production. The Cour annex is an individual-tax inventory and may overlap with Eurostat grouped/aggregate NTL rows; do not sum both sources without reconciliation. English name is a descriptive label generated from the Cour structured fields; the Cour annex does not provide an official English legal title. No known or estimated 2024 yield in the Cour annex; cannot be area-sized without an estimate.,Sector levy,Business,Business production and sector levies,Low-yield sector/professional levies,Taxe sur les entreprises ayant bénéficié de quotas d'émission de gaz à effet de serre,Cour low-yield row classified from business/professional label.,"Business levy based on production, premises, turnover or sector activity.",no,,,0,
Taxe sur les excédents de provisions des entreprises d'assurances de dommages,Low-yield behavioural incentive levy on production paid by businesses,Low-yield behavioural incentive levy on production paid by businesses. Collector: DGFiP. Beneficiary: Budget général.,,,"Cour des comptes, Les taxes a faible rendement, annex listing, Apr 2025; file: code/data/france_tax/20250417-annexe-listing-des-taxes-concernees.xlsx; Cour Inventaire sheet id 289; Enjeu 2024",Cour low-yield-tax inventory id 289. Status: En vigueur entre 2019 et 2024. Objective: Incitation; payer: Entreprises; base: Production. The Cour annex is an individual-tax inventory and may overlap with Eurostat grouped/aggregate NTL rows; do not sum both sources without reconciliation. English name is a descriptive label generated from the Cour structured fields; the Cour annex does not provide an official English legal title. No known or estimated 2024 yield in the Cour annex; cannot be area-sized without an estimate.,Insurance company levy,Goods/services,Insurance taxes,Low-yield insurance levies,Taxe sur les excédents de provisions des entreprises d'assurances de dommages,Cour low-yield row classified from insurance label.,Tax or levy on insurance contracts or premiums.,no,,,0,
Taxe sur les mises à disposition de produits pétroliers pour le stockage stratégique,Tax on the sales of oil products for strategic storage,Eurostat national-tax-list line classified as ESA code D214A. Economic function: consumption. Environmental/property tag: energy.,599000000,0.020514,"Eurostat, National Tax Lists - individual taxes, updated 22 Apr 2026; file: code/data/france_tax/eurostat_national_tax_lists_2025_2026-04-22.xlsx; FR sheet; STO D214A; DETAILS C11; 2024","Eurostat NTL covers general government plus EU institutions (S.13 + S.212), so local taxes are in scope.",Oil storage levy,Goods/services,Energy and fuel duties,Energy/fuel consumption duties,Taxe sur les mises à disposition de produits pétroliers pour le stockage stratégique,UK-equivalent treatment: energy/fuel consumption duties sit with goods/services rather than environmental taxes.,Levy on oil products used to fund strategic oil stocks.,yes,599000000,0.020514,0,
Taxe sur les nuisances sonores aériennes,Low-yield behavioural incentive levy on production paid by businesses,Low-yield behavioural incentive levy on production paid by businesses. Collector: Direction générale de l’aviation civile (DGAC). Beneficiary: Certains exploitants d'aérodromes.,48090000,0.001647,"Cour des comptes, Les taxes a faible rendement, annex listing, Apr 2025; file: code/data/france_tax/20250417-annexe-listing-des-taxes-concernees.xlsx; Cour Inventaire sheet id 293; Enjeu 2024","Cour low-yield-tax inventory id 293. Status: En vigueur entre 2019 et 2024. Objective: Incitation; payer: Entreprises; base: Production. The Cour annex is an individual-tax inventory and may overlap with Eurostat grouped/aggregate NTL rows; do not sum both sources without reconciliation. English name is a descriptive label generated from the Cour structured fields; the Cour annex does not provide an official English legal title. Cour Enjeu 2019: EUR 49.526m. Revenue is the Cour 'enjeu 2024' figure, in EUR after conversion from EUR millions.",Airport noise tax,Business,Business production and sector levies,Low-yield sector/professional levies,Taxe sur les nuisances sonores aériennes,Cour low-yield row classified from business/professional label.,"Business levy based on production, premises, turnover or sector activity.",yes,48090000,0.001647,0,
Taxe sur les ordres annulés dans le cadre d’opérations à haute fréquence,Low-yield behavioural incentive levy on production paid by businesses,Low-yield behavioural incentive levy on production paid by businesses. Collector: DGFiP. Beneficiary: Budget général.,,,"Cour des comptes, Les taxes a faible rendement, annex listing, Apr 2025; file: code/data/france_tax/20250417-annexe-listing-des-taxes-concernees.xlsx; Cour Inventaire sheet id 294; Enjeu 2024",Cour low-yield-tax inventory id 294. Status: En vigueur entre 2019 et 2024. Objective: Incitation; payer: Entreprises; base: Production. The Cour annex is an individual-tax inventory and may overlap with Eurostat grouped/aggregate NTL rows; do not sum both sources without reconciliation. English name is a descriptive label generated from the Cour structured fields; the Cour annex does not provide an official English legal title. No known or estimated 2024 yield in the Cour annex; cannot be area-sized without an estimate.,Low-yield behavioural incentive…,Wealth,Financial capital taxes,Low-yield financial-capital levies,Taxe sur les ordres annulés dans le cadre d’opérations à haute fréquence,Cour low-yield row classified from financial-capital label.,"Tax on financial assets, investment income or securities transactions.",no,,,0,
Taxe sur les papiers graphiques,Low-yield behavioural incentive levy on consumption paid by businesses,Low-yield behavioural incentive levy on consumption paid by businesses. Collector: EcoFolio. Beneficiary: EcoFolio.,,,"Cour des comptes, Les taxes a faible rendement, annex listing, Apr 2025; file: code/data/france_tax/20250417-annexe-listing-des-taxes-concernees.xlsx; Cour Inventaire sheet id 295; Enjeu 2024",Cour low-yield-tax inventory id 295. Status: En vigueur entre 2019 et 2024. Objective: Incitation; payer: Entreprises; base: Consommation. The Cour annex is an individual-tax inventory and may overlap with Eurostat grouped/aggregate NTL rows; do not sum both sources without reconciliation. English name is a descriptive label generated from the Cour structured fields; the Cour annex does not provide an official English legal title. No known or estimated 2024 yield in the Cour annex; cannot be area-sized without an estimate.,Paper industry levy,Business,Business production and sector levies,Low-yield sector/professional levies,Taxe sur les papiers graphiques,Cour low-yield row classified from business/professional label.,"Business levy based on production, premises, turnover or sector activity.",no,,,0,
Taxe sur les plus-values immobilières (PVI) autres que terrains à bâtir,Low-yield budget-raising levy on capital paid by individuals,Low-yield budget-raising levy on capital paid by individuals. Collector: DGFiP. Beneficiary: Caisse de garantie du logement locatif social (CGLLS).,104097508,0.003565,"Cour des comptes, Les taxes a faible rendement, annex listing, Apr 2025; file: code/data/france_tax/20250417-annexe-listing-des-taxes-concernees.xlsx; Cour Inventaire sheet id 299; Enjeu 2019 uprated to 2024 using INSEE CPI",Cour low-yield-tax inventory id 299. Status: En vigueur entre 2019 et 2024. Objective: Rendement; payer: Particuliers; base: Capital. The Cour annex is an individual-tax inventory and may overlap with Eurostat grouped/aggregate NTL rows; do not sum both sources without reconciliation. English name is a descriptive label generated from the Cour structured fields; the Cour annex does not provide an official English legal title. Cour Enjeu 2019: EUR 90.571m. No Cour Enjeu 2024 figure; revenue is an estimate from Cour Enjeu 2019 uprated to 2024 using INSEE annual-average CPI inflation for 2020-2024. CPI uprating factor used: 1.149347008.,Property gains tax,Land,"Land, buildings and development levies",Low-yield property/development taxes,Taxe sur les plus-values immobilières (PVI) autres que terrains à bâtir,Cour low-yield row classified from land/property label.,Tax on some real-estate capital gains.,yes,104097508,0.003565,0,
Taxe sur les primes d'assurances,Low-yield budget-raising levy on consumption paid by individuals,Low-yield budget-raising levy on consumption paid by individuals. Collector: Fonds de garantie des assurances obligatoires de dommages (FGAO). Beneficiary: Fonds de garantie des assurances obligatoires de dommages (FGAO).,107208656,0.003672,"Cour des comptes, Les taxes a faible rendement, annex listing, Apr 2025; file: code/data/france_tax/20250417-annexe-listing-des-taxes-concernees.xlsx; Cour Inventaire sheet id 302; Enjeu 2024","Cour low-yield-tax inventory id 302. Status: En vigueur entre 2019 et 2024. Objective: Rendement; payer: Particuliers; base: Consommation. The Cour annex is an individual-tax inventory and may overlap with Eurostat grouped/aggregate NTL rows; do not sum both sources without reconciliation. English name is a descriptive label generated from the Cour structured fields; the Cour annex does not provide an official English legal title. Cour Enjeu 2019: EUR 93m. Revenue is the Cour 'enjeu 2024' figure, in EUR after conversion from EUR millions.",Insurance premiums tax,Goods/services,Insurance taxes,Low-yield insurance levies,Taxe sur les primes d'assurances,Cour low-yield row classified from insurance label.,Tax on insurance premiums.,yes,107208656,0.003672,0,
Taxe sur les produits de la fonderie,Low-yield budget-raising levy on consumption paid by businesses,Low-yield budget-raising levy on consumption paid by businesses. Collector: Centre technique des industries de la fonderie (CTIF). Beneficiary: Centre technique interprofessionnel des fruits et légumes (CTIFL).,7440000,0.000255,"Cour des comptes, Les taxes a faible rendement, annex listing, Apr 2025; file: code/data/france_tax/20250417-annexe-listing-des-taxes-concernees.xlsx; Cour Inventaire sheet id 304; Enjeu 2024","Cour low-yield-tax inventory id 304. Status: En vigueur entre 2019 et 2024. Objective: Rendement; payer: Entreprises; base: Consommation. The Cour annex is an individual-tax inventory and may overlap with Eurostat grouped/aggregate NTL rows; do not sum both sources without reconciliation. English name is a descriptive label generated from the Cour structured fields; the Cour annex does not provide an official English legal title. Cour Enjeu 2019: EUR 5.519m. Revenue is the Cour 'enjeu 2024' figure, in EUR after conversion from EUR millions.",Foundry products tax,Business,Business production and sector levies,Low-yield sector/professional levies,Taxe sur les produits de la fonderie,Cour low-yield row classified from business/professional label.,"Business levy based on production, premises, turnover or sector activity.",yes,7440000,0.000255,0,
Taxe sur les prémix,Low-yield behavioural incentive levy on consumption paid by businesses,Low-yield behavioural incentive levy on consumption paid by businesses. Collector: DGDDI. Beneficiary: Caisse nationale d'assurance-maladie (CNAM).,,,"Cour des comptes, Les taxes a faible rendement, annex listing, Apr 2025; file: code/data/france_tax/20250417-annexe-listing-des-taxes-concernees.xlsx; Cour Inventaire sheet id 301; Enjeu 2024",Cour low-yield-tax inventory id 301. Status: En vigueur entre 2019 et 2024. Objective: Incitation; payer: Entreprises; base: Consommation. The Cour annex is an individual-tax inventory and may overlap with Eurostat grouped/aggregate NTL rows; do not sum both sources without reconciliation. English name is a descriptive label generated from the Cour structured fields; the Cour annex does not provide an official English legal title. No known or estimated 2024 yield in the Cour annex; cannot be area-sized without an estimate.,Low-yield behavioural incentive…,Goods/services,Insurance taxes,Low-yield insurance levies,Taxe sur les prémix,Cour low-yield row classified from insurance label.,"Duty or levy on alcohol, soft drinks or similar products.",no,,,0,
Taxe sur les remontées mécaniques (communes),Low-yield budget-raising levy on consumption paid by businesses,Low-yield budget-raising levy on consumption paid by businesses. Collector: Communes. Beneficiary: Communes.,70962573,0.002430,"Cour des comptes, Les taxes a faible rendement, annex listing, Apr 2025; file: code/data/france_tax/20250417-annexe-listing-des-taxes-concernees.xlsx; Cour Inventaire sheet id 307; Enjeu 2024","Cour low-yield-tax inventory id 307. Status: En vigueur entre 2019 et 2024. Objective: Rendement; payer: Entreprises; base: Consommation. The Cour annex is an individual-tax inventory and may overlap with Eurostat grouped/aggregate NTL rows; do not sum both sources without reconciliation. English name is a descriptive label generated from the Cour structured fields; the Cour annex does not provide an official English legal title. Cour Enjeu 2019: EUR 39.513m. Revenue is the Cour 'enjeu 2024' figure, in EUR after conversion from EUR millions.",Ski lift tax local,Business,Business production and sector levies,Low-yield sector/professional levies,Taxe sur les remontées mécaniques (communes),Cour low-yield row classified from business/professional label.,"Business levy based on production, premises, turnover or sector activity.",yes,70962573,0.002430,0,
Taxe sur les remontées mécaniques (départements),Low-yield budget-raising levy on consumption paid by businesses,Low-yield budget-raising levy on consumption paid by businesses. Collector: Départements. Beneficiary: Départements.,70962573,0.002430,"Cour des comptes, Les taxes a faible rendement, annex listing, Apr 2025; file: code/data/france_tax/20250417-annexe-listing-des-taxes-concernees.xlsx; Cour Inventaire sheet id 308; Enjeu 2024","Cour low-yield-tax inventory id 308. Status: En vigueur entre 2019 et 2024. Objective: Rendement; payer: Entreprises; base: Consommation. The Cour annex is an individual-tax inventory and may overlap with Eurostat grouped/aggregate NTL rows; do not sum both sources without reconciliation. English name is a descriptive label generated from the Cour structured fields; the Cour annex does not provide an official English legal title. Cour Enjeu 2019: EUR 19.052m. Revenue is the Cour 'enjeu 2024' figure, in EUR after conversion from EUR millions.",Ski lift tax dept,Business,Business production and sector levies,Low-yield sector/professional levies,Taxe sur les remontées mécaniques (départements),Cour low-yield row classified from business/professional label.,"Business levy based on production, premises, turnover or sector activity.",yes,70962573,0.002430,0,
Taxe sur les services de communication électronique,Low-yield budget-raising levy on production paid by businesses,Low-yield budget-raising levy on production paid by businesses. Collector: DGFiP. Beneficiary: Budget général.,,,"Cour des comptes, Les taxes a faible rendement, annex listing, Apr 2025; file: code/data/france_tax/20250417-annexe-listing-des-taxes-concernees.xlsx; Cour Inventaire sheet id 338; Enjeu 2024",Cour low-yield-tax inventory id 338. Status: En vigueur entre 2019 et 2024. Objective: Rendement; payer: Entreprises; base: Production. The Cour annex is an individual-tax inventory and may overlap with Eurostat grouped/aggregate NTL rows; do not sum both sources without reconciliation. English name is a descriptive label generated from the Cour structured fields; the Cour annex does not provide an official English legal title. No known or estimated 2024 yield in the Cour annex; cannot be area-sized without an estimate.,Sector levy,Business,Business production and sector levies,Low-yield sector/professional levies,Taxe sur les services de communication électronique,Cour low-yield row classified from business/professional label.,"Business levy based on production, premises, turnover or sector activity.",no,,,0,
Taxe sur les services de contenus audiovisuels à la demande,Low-yield budget-raising levy on consumption paid by businesses,Low-yield budget-raising levy on consumption paid by businesses. Collector: Centre national du cinéma et de l'image animée (CNC). Beneficiary: Centre national du cinéma et de l'image animée (CNC).,,,"Cour des comptes, Les taxes a faible rendement, annex listing, Apr 2025; file: code/data/france_tax/20250417-annexe-listing-des-taxes-concernees.xlsx; Cour Inventaire sheet id 336; Enjeu 2024",Cour low-yield-tax inventory id 336. Status: En vigueur entre 2019 et 2024. Objective: Rendement; payer: Entreprises; base: Consommation. The Cour annex is an individual-tax inventory and may overlap with Eurostat grouped/aggregate NTL rows; do not sum both sources without reconciliation. English name is a descriptive label generated from the Cour structured fields; the Cour annex does not provide an official English legal title. No known or estimated 2024 yield in the Cour annex; cannot be area-sized without an estimate.,Low-yield budget-raising levy o…,Goods/services,Specific services and media taxes,Low-yield consumption/service levies,Taxe sur les services de contenus audiovisuels à la demande,Cour low-yield row classified from legal label and base.,"Tax on a specific service, media or entertainment activity.",no,,,0,
Taxe sur les services numériques,Tax on digital services,Eurostat national-tax-list line classified as ESA code D214I. Economic function: consumption.,785000000,0.026884,"Eurostat, National Tax Lists - individual taxes, updated 22 Apr 2026; file: code/data/france_tax/eurostat_national_tax_lists_2025_2026-04-22.xlsx; FR sheet; STO D214I; DETAILS C02; 2024","Eurostat NTL covers general government plus EU institutions (S.13 + S.212), so local taxes are in scope.",Digital services tax,Business,Profit and sector taxes,Corporate and sector profits,Taxe sur les services numériques,UK-equivalent treatment: corporation/profit/sector levies sit with business taxes.,A tax on revenues from large digital-services businesses.,yes,785000000,0.026884,0,
Taxe sur les spectacles cinématographiques (ex-TSA - Taxe sur le prix des entrées aux séances organisées par les exploitants d’établissements de spectacles cinématographiques),Low-yield budget-raising levy on consumption paid by individuals,Low-yield budget-raising levy on consumption paid by individuals. Collector: Centre national du cinéma et de l'image animée (CNC). Beneficiary: Centre national du cinéma et de l'image animée (CNC).,143000000,0.004897,"Cour des comptes, Les taxes a faible rendement, annex listing, Apr 2025; file: code/data/france_tax/20250417-annexe-listing-des-taxes-concernees.xlsx; Cour Inventaire sheet id 332; Enjeu 2024","Cour low-yield-tax inventory id 332. Status: En vigueur entre 2019 et 2024. Objective: Rendement; payer: Particuliers; base: Consommation. The Cour annex is an individual-tax inventory and may overlap with Eurostat grouped/aggregate NTL rows; do not sum both sources without reconciliation. English name is a descriptive label generated from the Cour structured fields; the Cour annex does not provide an official English legal title. Cour Enjeu 2019: EUR 154.402m. Revenue is the Cour 'enjeu 2024' figure, in EUR after conversion from EUR millions.",Film/media levy 2,Goods/services,Specific services and media taxes,Low-yield consumption/service levies,Taxe sur les spectacles cinématographiques (ex-TSA - Taxe sur le prix des entrées aux séances organisées par les exploitants d’établissements de spectacles cinématographiques),Cour low-yield row classified from legal label and base.,"Tax on a specific service, media or entertainment activity.",yes,143000000,0.004897,0,
Taxe sur les spectacles perçue au profit de l’Association pour le soutien du théâtre privé,Low-yield budget-raising levy on consumption paid by individuals,"Low-yield budget-raising levy on consumption paid by individuals. Collector: Association pour le Soutien du Théâtre Privé (ASTP) / Société des auteurs, compositeurs et éditeurs de musique (SACEM) / Société des auteurs et compositeurs dramatiques (SACD). Beneficiary: Association pour le soutien du théâtre privé (ASTP).",8500000,0.000291,"Cour des comptes, Les taxes a faible rendement, annex listing, Apr 2025; file: code/data/france_tax/20250417-annexe-listing-des-taxes-concernees.xlsx; Cour Inventaire sheet id 311; Enjeu 2024","Cour low-yield-tax inventory id 311. Status: En vigueur entre 2019 et 2024. Objective: Rendement; payer: Particuliers; base: Consommation. The Cour annex is an individual-tax inventory and may overlap with Eurostat grouped/aggregate NTL rows; do not sum both sources without reconciliation. English name is a descriptive label generated from the Cour structured fields; the Cour annex does not provide an official English legal title. Cour Enjeu 2019: EUR 8m. Revenue is the Cour 'enjeu 2024' figure, in EUR after conversion from EUR millions.",Private theatre tax,Goods/services,Specific services and media taxes,Low-yield consumption/service levies,Taxe sur les spectacles perçue au profit de l’Association pour le soutien du théâtre privé,Cour low-yield row classified from legal label and base.,"Tax on a specific service, media or entertainment activity.",yes,8500000,0.000291,0,
Taxe sur les spectacles vivants (ex-taxe sur les spectacles de variété),Low-yield budget-raising levy on consumption paid by individuals,"Low-yield budget-raising levy on consumption paid by individuals. Collector: Centre national de la chanson des variétés et du jazz (CNV), Société des auteurs, compositeurs et éditeurs de musique (SACEM). Beneficiary: Centre national de la musique (CNM) / Centre national de la chanson, des variétés et du jazz (CNV) (jusqu'en 2020).",32000000,0.001096,"Cour des comptes, Les taxes a faible rendement, annex listing, Apr 2025; file: code/data/france_tax/20250417-annexe-listing-des-taxes-concernees.xlsx; Cour Inventaire sheet id 310; Enjeu 2024","Cour low-yield-tax inventory id 310. Status: En vigueur entre 2019 et 2024. Objective: Rendement; payer: Particuliers; base: Consommation. The Cour annex is an individual-tax inventory and may overlap with Eurostat grouped/aggregate NTL rows; do not sum both sources without reconciliation. English name is a descriptive label generated from the Cour structured fields; the Cour annex does not provide an official English legal title. Cour Enjeu 2019: EUR 36.004m. Revenue is the Cour 'enjeu 2024' figure, in EUR after conversion from EUR millions.",Live performance tax,Goods/services,Specific services and media taxes,Low-yield consumption/service levies,Taxe sur les spectacles vivants (ex-taxe sur les spectacles de variété),Cour low-yield row classified from legal label and base.,"Tax on a specific service, media or entertainment activity.",yes,32000000,0.001096,0,
Taxe sur les surfaces commerciales,Tax on commercial areas,Eurostat national-tax-list line classified as ESA code D29A. Economic function: capital/stock of wealth.,1268000000,0.043426,"Eurostat, National Tax Lists - individual taxes, updated 22 Apr 2026; file: code/data/france_tax/eurostat_national_tax_lists_2025_2026-04-22.xlsx; FR sheet; STO D29A; DETAILS C12; 2024","Eurostat NTL covers general government plus EU institutions (S.13 + S.212), so local taxes are in scope.",Retail area tax,Business,Business production and sector levies,Production/sector levies,Taxe sur les surfaces commerciales,French-specific production/sector business levy.,A tax on large retail premises.,yes,1268000000,0.043426,0,
Taxe sur les surfaces de stationnement,Low-yield budget-raising levy on capital paid by individuals,Low-yield budget-raising levy on capital paid by individuals. Collector: DGFiP. Beneficiary: Société des grands projets (SGP).,15896141,0.000544,"Cour des comptes, Les taxes a faible rendement, annex listing, Apr 2025; file: code/data/france_tax/20250417-annexe-listing-des-taxes-concernees.xlsx; Cour Inventaire sheet id 312; Enjeu 2024","Cour low-yield-tax inventory id 312. Status: En vigueur entre 2019 et 2024. Objective: Rendement; payer: Particuliers; base: Capital. The Cour annex is an individual-tax inventory and may overlap with Eurostat grouped/aggregate NTL rows; do not sum both sources without reconciliation. English name is a descriptive label generated from the Cour structured fields; the Cour annex does not provide an official English legal title. Cour Enjeu 2019: EUR 4m. Revenue is the Cour 'enjeu 2024' figure, in EUR after conversion from EUR millions.",Parking spaces tax,Wealth,Other capital taxes,Low-yield capital/wealth levies,Taxe sur les surfaces de stationnement,Cour low-yield row classified from Cour capital base.,Tax on parking spaces.,yes,15896141,0.000544,0,
Taxe sur les titres de séjour et de voyage électroniques,Low-yield service-related levy on consumption paid by individuals,"Low-yield service-related levy on consumption paid by individuals. Collector: Ministère de l'intérieur. Beneficiary: France Titres, anciennement ANTS.",20900000,0.000716,"Cour des comptes, Les taxes a faible rendement, annex listing, Apr 2025; file: code/data/france_tax/20250417-annexe-listing-des-taxes-concernees.xlsx; Cour Inventaire sheet id 313; Enjeu 2024","Cour low-yield-tax inventory id 313. Status: En vigueur entre 2019 et 2024. Objective: Service rendu; payer: Particuliers; base: Consommation. The Cour annex is an individual-tax inventory and may overlap with Eurostat grouped/aggregate NTL rows; do not sum both sources without reconciliation. English name is a descriptive label generated from the Cour structured fields; the Cour annex does not provide an official English legal title. Cour Enjeu 2019: EUR 18.085m. Revenue is the Cour 'enjeu 2024' figure, in EUR after conversion from EUR millions.",Residence permit tax,Goods/services,Immigration/nationality charges classified as taxes,Low-yield consumption/service levies,Taxe sur les titres de séjour et de voyage électroniques,Cour low-yield row classified from legal label and base.,Tax on electronic residence and travel permits.,yes,20900000,0.000716,0,
Taxe sur les transactions financières,Tax on financial transactions,Eurostat national-tax-list line classified as ESA code D214C. Economic function: capital/stock of wealth. Environmental/property tag: other property.,1851000000,0.063393,"Eurostat, National Tax Lists - individual taxes, updated 22 Apr 2026; file: code/data/france_tax/eurostat_national_tax_lists_2025_2026-04-22.xlsx; FR sheet; STO D214C; DETAILS C03; 2024","Eurostat NTL covers general government plus EU institutions (S.13 + S.212), so local taxes are in scope.",Financial transaction tax,Wealth,Financial capital taxes,Financial assets/transactions,Taxe sur les transactions financières,UK-equivalent treatment: financial-capital taxes sit with wealth.,Tax on transactions in certain financial securities.,yes,1735308091,0.059430,-115691909,Netted Cour known-yield overlap for Wealth / Financial capital taxes.
Taxe sur les ventes et locations de vidéogrammes destinés à l'usage privé du public,Low-yield budget-raising levy on consumption paid by individuals,Low-yield budget-raising levy on consumption paid by individuals. Collector: DGFiP. Beneficiary: Centre national du cinéma et de l'image animée (CNC).,139500000,0.004778,"Cour des comptes, Les taxes a faible rendement, annex listing, Apr 2025; file: code/data/france_tax/20250417-annexe-listing-des-taxes-concernees.xlsx; Cour Inventaire sheet id 315; Enjeu 2024","Cour low-yield-tax inventory id 315. Status: En vigueur entre 2019 et 2024. Objective: Rendement; payer: Particuliers; base: Consommation. The Cour annex is an individual-tax inventory and may overlap with Eurostat grouped/aggregate NTL rows; do not sum both sources without reconciliation. English name is a descriptive label generated from the Cour structured fields; the Cour annex does not provide an official English legal title. Cour Enjeu 2019: EUR 34.223m. Revenue is the Cour 'enjeu 2024' figure, in EUR after conversion from EUR millions.",Consumption levy,Goods/services,Other consumption taxes,Low-yield consumption levies,Taxe sur les ventes et locations de vidéogrammes destinés à l'usage privé du public,Cour low-yield row classified from Cour base.,"Other tax on goods, services or consumption.",yes,139500000,0.004778,0,
Taxe sur les véhicules de tourisme des sociétés,Tax on corporations' cars,Eurostat national-tax-list line classified as ESA code D29B. Economic function: capital/stock of wealth. Environmental/property tag: transport.,991000000,0.033940,"Eurostat, National Tax Lists - individual taxes, updated 22 Apr 2026; file: code/data/france_tax/eurostat_national_tax_lists_2025_2026-04-22.xlsx; FR sheet; STO D29B; DETAILS C04; 2024","Eurostat NTL covers general government plus EU institutions (S.13 + S.212), so local taxes are in scope.",Company car tax,Goods/services,Transport and vehicle taxes,Vehicle/transport-use taxes,Taxe sur les véhicules de tourisme des sociétés,Direct UK equivalent: vehicle/transport taxes.,Tax on company cars.,yes,991000000,0.033940,0,
Taxe sur les émissions de CO2,Emission permits (EU ETS),Eurostat national-tax-list line classified as ESA code D29F. Economic function: consumption. Environmental/property tag: energy.,2113000000,0.072365,"Eurostat, National Tax Lists - individual taxes, updated 22 Apr 2026; file: code/data/france_tax/eurostat_national_tax_lists_2025_2026-04-22.xlsx; FR sheet; STO D29F; DETAILS C02; 2024","Eurostat NTL covers general government plus EU institutions (S.13 + S.212), so local taxes are in scope.",CO2 emissions tax,Environmental,Carbon and emissions taxes,CO2/ETS-style levies,Taxe sur les émissions de CO2,UK-equivalent treatment: carbon/emissions taxes sit with environmental taxes.,Tax on carbon dioxide emissions from vehicles.,yes,2113000000,0.072365,0,
Taxe sur les éoliennes maritimes,Low-yield behavioural incentive levy on production paid by businesses,Low-yield behavioural incentive levy on production paid by businesses. Collector: DGFiP. Beneficiary: Communes.,8027848,0.000275,"Cour des comptes, Les taxes a faible rendement, annex listing, Apr 2025; file: code/data/france_tax/20250417-annexe-listing-des-taxes-concernees.xlsx; Cour Inventaire sheet id 288; Enjeu 2024","Cour low-yield-tax inventory id 288. Status: En vigueur entre 2019 et 2024. Objective: Incitation; payer: Entreprises; base: Production. The Cour annex is an individual-tax inventory and may overlap with Eurostat grouped/aggregate NTL rows; do not sum both sources without reconciliation. English name is a descriptive label generated from the Cour structured fields; the Cour annex does not provide an official English legal title. Cour Enjeu 2019: EUR 107.707m. Revenue is the Cour 'enjeu 2024' figure, in EUR after conversion from EUR millions.",Wind farm tax 2,Environmental,"Carbon, energy-transition and extraction levies",Low-yield emissions/resource levies,Taxe sur les éoliennes maritimes,Cour low-yield row classified from carbon/resource/energy-transition label.,Tax on wind farms or marine turbines.,yes,8027848,0.000275,0,
Taxe sur primes d'assurance automobile,Tax on automobile insurance premium,Eurostat national-tax-list line classified as ESA code D214G. Economic function: consumption. Environmental/property tag: transport.,1255000000,0.042981,"Eurostat, National Tax Lists - individual taxes, updated 22 Apr 2026; file: code/data/france_tax/eurostat_national_tax_lists_2025_2026-04-22.xlsx; FR sheet; STO D214G; DETAILS C05; 2024","Eurostat NTL covers general government plus EU institutions (S.13 + S.212), so local taxes are in scope.",Car insurance tax,Goods/services,Insurance taxes,Insurance-premium taxes,Taxe sur primes d'assurance automobile,Direct UK equivalent: insurance premium tax.,Tax on motor insurance premiums.,yes,1255000000,0.042981,0,
Taxes au profit de l'Association sur la garantie des salaires,Employer contributions to the wage guarantee scheme (AGS),Eurostat national-tax-list line classified as ESA code D29C. Economic function: employer labour.,1468000000,0.050276,"Eurostat, National Tax Lists - individual taxes, updated 22 Apr 2026; file: code/data/france_tax/eurostat_national_tax_lists_2025_2026-04-22.xlsx; FR sheet; STO D29C; DETAILS C04; 2024","Eurostat NTL covers general government plus EU institutions (S.13 + S.212), so local taxes are in scope.",Wage guarantee levy,Employment,Employer payroll and labour levies,Payroll levies,Taxes au profit de l'Association sur la garantie des salaires,"UK-equivalent treatment: employer payroll levies sit with employment taxes, like apprenticeship levy/NICs.",Employer levy funding the wage-guarantee scheme for insolvent employers.,yes,1468000000,0.050276,0,
"Taxes pharmaceutiques (contribution grossistes répartiteurs, taxe sur les ventes de médicaments et de cosmétiques)",Pharmaceutical taxes,Eurostat national-tax-list line classified as ESA code D214I. Economic function: consumption.,957000000,0.032775,"Eurostat, National Tax Lists - individual taxes, updated 22 Apr 2026; file: code/data/france_tax/eurostat_national_tax_lists_2025_2026-04-22.xlsx; FR sheet; STO D214I; DETAILS C01; 2024","Eurostat NTL covers general government plus EU institutions (S.13 + S.212), so local taxes are in scope.",Pharmaceutical taxes,Business,Business production and sector levies,Production/sector levies,"Taxes pharmaceutiques (contribution grossistes répartiteurs, taxe sur les ventes de médicaments et de cosmétiques)",French-specific production/sector business levy.,Sector levies on pharmaceutical and health-product businesses.,yes,957000000,0.032775,0,
Taxes spéciales d'équipement 50 pas géométrique Guadeloupe,Low-yield budget-raising levy on capital paid by businesses,Low-yield budget-raising levy on capital paid by businesses. Collector: DGFiP. Beneficiary: Zone des 50 pas géométriques de Guadeloupe.,997000,0.000034,"Cour des comptes, Les taxes a faible rendement, annex listing, Apr 2025; file: code/data/france_tax/20250417-annexe-listing-des-taxes-concernees.xlsx; Cour Inventaire sheet id 322; Enjeu 2024","Cour low-yield-tax inventory id 322. Status: En vigueur entre 2019 et 2024. Objective: Rendement; payer: Entreprises; base: Capital. The Cour annex is an individual-tax inventory and may overlap with Eurostat grouped/aggregate NTL rows; do not sum both sources without reconciliation. English name is a descriptive label generated from the Cour structured fields; the Cour annex does not provide an official English legal title. Cour Enjeu 2019: EUR 1.415m. Revenue is the Cour 'enjeu 2024' figure, in EUR after conversion from EUR millions.",Guadeloupe coastal levy,Wealth,Other capital taxes,Low-yield capital/wealth levies,Taxes spéciales d'équipement 50 pas géométrique Guadeloupe,Cour low-yield row classified from Cour capital base.,Special equipment tax for Guadeloupe's coastal-zone public body.,yes,997000,0.000034,0,
Taxes spéciales d'équipement 50 pas géométrique Martinique,Low-yield budget-raising levy on capital paid by businesses,Low-yield budget-raising levy on capital paid by businesses. Collector: DGFiP. Beneficiary: Zone des 50 pas géométriques de Martinique.,975000,0.000033,"Cour des comptes, Les taxes a faible rendement, annex listing, Apr 2025; file: code/data/france_tax/20250417-annexe-listing-des-taxes-concernees.xlsx; Cour Inventaire sheet id 323; Enjeu 2024","Cour low-yield-tax inventory id 323. Status: En vigueur entre 2019 et 2024. Objective: Rendement; payer: Entreprises; base: Capital. The Cour annex is an individual-tax inventory and may overlap with Eurostat grouped/aggregate NTL rows; do not sum both sources without reconciliation. English name is a descriptive label generated from the Cour structured fields; the Cour annex does not provide an official English legal title. Cour Enjeu 2019: EUR 1.415m. Revenue is the Cour 'enjeu 2024' figure, in EUR after conversion from EUR millions.",Martinique coastal levy,Wealth,Other capital taxes,Low-yield capital/wealth levies,Taxes spéciales d'équipement 50 pas géométrique Martinique,Cour low-yield row classified from Cour capital base.,Special equipment tax for Martinique's coastal-zone public body.,yes,975000,0.000033,0,
"Taxes sur l'affectation des véhicules à des fins économiques, taxe annuelle sur le transport lourd de marchandises (ex-taxe spéciale sur certains véhicules routiers (TSVR) / véhicules lourds et ex-taxe à l’essieu)",Low-yield budget-raising levy on production paid by businesses,Low-yield budget-raising levy on production paid by businesses. Collector: DGFiP. Beneficiary: Budget général.,175260720,0.006002,"Cour des comptes, Les taxes a faible rendement, annex listing, Apr 2025; file: code/data/france_tax/20250417-annexe-listing-des-taxes-concernees.xlsx; Cour Inventaire sheet id 191; Enjeu 2024","Cour low-yield-tax inventory id 191. Status: En vigueur entre 2019 et 2024. Objective: Rendement; payer: Entreprises; base: Production. The Cour annex is an individual-tax inventory and may overlap with Eurostat grouped/aggregate NTL rows; do not sum both sources without reconciliation. English name is a descriptive label generated from the Cour structured fields; the Cour annex does not provide an official English legal title. Revenue is the Cour 'enjeu 2024' figure, in EUR after conversion from EUR millions.",Transport levy 6,Goods/services,Transport and vehicle taxes,Low-yield consumption/service levies,"Taxes sur l'affectation des véhicules à des fins économiques, taxe annuelle sur le transport lourd de marchandises (ex-taxe spéciale sur certains véhicules routiers (TSVR) / véhicules lourds et ex-taxe à l’essieu)",Cour low-yield row classified from legal label and base.,"Tax on vehicles, transport services or transport use.",yes,175260720,0.006002,0,
Taxes sur la construction,Taxes on construction,Eurostat national-tax-list line classified as ESA code D214H. Economic function: consumption.,1194000000,0.040892,"Eurostat, National Tax Lists - individual taxes, updated 22 Apr 2026; file: code/data/france_tax/eurostat_national_tax_lists_2025_2026-04-22.xlsx; FR sheet; STO D214H; DETAILS C08; 2024","Eurostat NTL covers general government plus EU institutions (S.13 + S.212), so local taxes are in scope.",Construction taxes,Land,Recurrent land and property taxes,Land/buildings/business premises,Taxes sur la construction,UK-equivalent treatment: land/property taxes align with council tax/business rates/property taxes.,Taxes on construction and development.,yes,1194000000,0.040892,0,
Taxes sur les boissons,Taxes on beverages,Eurostat national-tax-list line classified as ESA code D214A. Economic function: consumption. Environmental/property tag: alcohol/tobacco.,4749000000,0.162643,"Eurostat, National Tax Lists - individual taxes, updated 22 Apr 2026; file: code/data/france_tax/eurostat_national_tax_lists_2025_2026-04-22.xlsx; FR sheet; STO D214A; DETAILS C09; 2024","Eurostat NTL covers general government plus EU institutions (S.13 + S.212), so local taxes are in scope.",Drinks taxes,Goods/services,"Alcohol, tobacco and drinks duties",Excise duties,Taxes sur les boissons,Direct UK equivalent: alcohol/tobacco/soft-drink-style duties.,"Duties on alcoholic, sugary or other drinks.",yes,4749000000,0.162643,0,
Taxes sur les jeux des casinos,Taxes on casinos' games,Eurostat national-tax-list line classified as ESA code D214F. Economic function: consumption.,1436000000,0.049180,"Eurostat, National Tax Lists - individual taxes, updated 22 Apr 2026; file: code/data/france_tax/eurostat_national_tax_lists_2025_2026-04-22.xlsx; FR sheet; STO D214F; DETAILS C02; 2024","Eurostat NTL covers general government plus EU institutions (S.13 + S.212), so local taxes are in scope.",Casino gaming taxes,Goods/services,"Betting, gaming and lottery",Gaming/gambling duties,Taxes sur les jeux des casinos,Direct UK equivalent: betting/gaming/lottery duties.,Taxes on casino gaming.,yes,1436000000,0.049180,0,
Taxes sur les paris hippiques,Taxes on horse-race bets,Eurostat national-tax-list line classified as ESA code D214F. Economic function: consumption.,1797000000,0.061543,"Eurostat, National Tax Lists - individual taxes, updated 22 Apr 2026; file: code/data/france_tax/eurostat_national_tax_lists_2025_2026-04-22.xlsx; FR sheet; STO D214F; DETAILS C03; 2024","Eurostat NTL covers general government plus EU institutions (S.13 + S.212), so local taxes are in scope.",Horse-race betting tax,Goods/services,"Betting, gaming and lottery",Gaming/gambling duties,Taxes sur les paris hippiques,Direct UK equivalent: betting/gaming/lottery duties.,Tax on horse-race betting.,yes,1797000000,0.061543,0,
"Taxes sur les produits de l'industrie et de l'artisanat, fraction perçue sur les biens des industries de l'ameublement (ex-Taxe pour le développement des industries de l'ameublement ainsi que les industries du bois)",Low-yield market-failure correction levy on production paid by businesses,"Low-yield market-failure correction levy on production paid by businesses. Collector: Comité professionnel de développement économique des industries françaises de l’ameublement (CODIFAB), DGFiP, DGDDI. Beneficiary: Comité professionnel de développement des industries françaises de l’ameublement et du bois (CODIFAB) / Institut Technologique Forêt Cellulose Bois-construction Ameublement (FCBA) / Centre technique des industries mécaniques (CETIM).",13070000,0.000448,"Cour des comptes, Les taxes a faible rendement, annex listing, Apr 2025; file: code/data/france_tax/20250417-annexe-listing-des-taxes-concernees.xlsx; Cour Inventaire sheet id 238; Enjeu 2024","Cour low-yield-tax inventory id 238. Status: En vigueur entre 2019 et 2024. Objective: Correction défaillance marché; payer: Entreprises; base: Production. The Cour annex is an individual-tax inventory and may overlap with Eurostat grouped/aggregate NTL rows; do not sum both sources without reconciliation. English name is a descriptive label generated from the Cour structured fields; the Cour annex does not provide an official English legal title. Cour Enjeu 2019: EUR 13.242m. Revenue is the Cour 'enjeu 2024' figure, in EUR after conversion from EUR millions.",Furniture industry levy,Land,"Land, buildings and development levies",Low-yield property/development taxes,"Taxes sur les produits de l'industrie et de l'artisanat, fraction perçue sur les biens des industries de l'ameublement (ex-Taxe pour le développement des industries de l'ameublement ainsi que les industries du bois)",Cour low-yield row classified from land/property label.,Industry levy on furniture and wood-sector goods.,yes,13070000,0.000448,0,
"Taxes sur les produits de l'industrie et de l'artisanat, fraction perçue sur les biens des industries de l'habillement (ex-Taxe pour le développement des industries de l'habillement)",Low-yield market-failure correction levy on production paid by businesses,"Low-yield market-failure correction levy on production paid by businesses. Collector: Comité de développement et de promotion de l'habillement (DEFI), DGFiP, DGDDI. Beneficiary: Comité de développement et de promotion des industries du textile et de l’habillement (DEFI).",9950000,0.000341,"Cour des comptes, Les taxes a faible rendement, annex listing, Apr 2025; file: code/data/france_tax/20250417-annexe-listing-des-taxes-concernees.xlsx; Cour Inventaire sheet id 239; Enjeu 2024","Cour low-yield-tax inventory id 239. Status: En vigueur entre 2019 et 2024. Objective: Correction défaillance marché; payer: Entreprises; base: Production. The Cour annex is an individual-tax inventory and may overlap with Eurostat grouped/aggregate NTL rows; do not sum both sources without reconciliation. English name is a descriptive label generated from the Cour structured fields; the Cour annex does not provide an official English legal title. Cour Enjeu 2019: EUR 9.685m. Revenue is the Cour 'enjeu 2024' figure, in EUR after conversion from EUR millions.",Clothing industry levy,Business,Business production and sector levies,Low-yield sector/professional levies,"Taxes sur les produits de l'industrie et de l'artisanat, fraction perçue sur les biens des industries de l'habillement (ex-Taxe pour le développement des industries de l'habillement)",Cour low-yield row classified from business/professional label.,"Business levy based on production, premises, turnover or sector activity.",yes,9950000,0.000341,0,
"Taxes sur les produits de l'industrie et de l'artisanat, fraction perçue sur les biens des industries de l'horlogerie, de la bijouterie-joaillerie, de l'orfèvrerie et des arts de la table (ex-Taxes sur les produits de l'industrie et de l'artisanat Taxe pour le développement des industries de l'horlogerie, bijouterie, joaillerie, orfèvrerie et arts de la table)",Low-yield market-failure correction levy on production paid by businesses,"Low-yield market-failure correction levy on production paid by businesses. Collector: Comité Francéclat, DGFiP, DGDDI. Beneficiary: Comité professionnel de développement économique au service des secteurs de l’horlogerie, de la bijouterie, de la joaillerie, de l’orfèvrerie et des arts de la table (Francéclat).",19500000,0.000668,"Cour des comptes, Les taxes a faible rendement, annex listing, Apr 2025; file: code/data/france_tax/20250417-annexe-listing-des-taxes-concernees.xlsx; Cour Inventaire sheet id 240; Enjeu 2024","Cour low-yield-tax inventory id 240. Status: En vigueur entre 2019 et 2024. Objective: Correction défaillance marché; payer: Entreprises; base: Production. The Cour annex is an individual-tax inventory and may overlap with Eurostat grouped/aggregate NTL rows; do not sum both sources without reconciliation. English name is a descriptive label generated from the Cour structured fields; the Cour annex does not provide an official English legal title. Cour Enjeu 2019: EUR 12.677m. Revenue is the Cour 'enjeu 2024' figure, in EUR after conversion from EUR millions.",Jewellery/watch levy,Business,Business production and sector levies,Low-yield sector/professional levies,"Taxes sur les produits de l'industrie et de l'artisanat, fraction perçue sur les biens des industries de l'horlogerie, de la bijouterie-joaillerie, de l'orfèvrerie et des arts de la table (ex-Taxes sur les produits de l'industrie et de l'artisanat Taxe pour le développement des industries de l'horlogerie, bijouterie, joaillerie, orfèvrerie et arts de la table)",Cour low-yield row classified from business/professional label.,"Business levy based on production, premises, turnover or sector activity.",yes,19500000,0.000668,0,
"Taxes sur les produits de l'industrie et de l'artisanat, fraction perçue sur les biens des industries du béton, fraction perçue sur les biens des industries des matériaux de construction en terre cuite, raction perçue sur les biens des industries des roches ornementales et de constructionf (ex-Taxe pour le développement des industries du béton, de la terre cuite et des roches ornementales et de construction)",Low-yield market-failure correction levy on production paid by businesses,"Low-yield market-failure correction levy on production paid by businesses. Collector: Centres techniques des matériaux et composants pour la construction (CTMCC), DGDDI. Beneficiary: Centre technique de matériaux naturels de construction (CTMNC) / Centre d'études et de recherches de l'industrie du béton (CERIB).",15000000,0.000514,"Cour des comptes, Les taxes a faible rendement, annex listing, Apr 2025; file: code/data/france_tax/20250417-annexe-listing-des-taxes-concernees.xlsx; Cour Inventaire sheet id 241; Enjeu 2024","Cour low-yield-tax inventory id 241. Status: En vigueur entre 2019 et 2024. Objective: Correction défaillance marché; payer: Entreprises; base: Production. The Cour annex is an individual-tax inventory and may overlap with Eurostat grouped/aggregate NTL rows; do not sum both sources without reconciliation. English name is a descriptive label generated from the Cour structured fields; the Cour annex does not provide an official English legal title. Cour Enjeu 2019: EUR 13.097m. Revenue is the Cour 'enjeu 2024' figure, in EUR after conversion from EUR millions.",Building materials levy,Land,"Land, buildings and development levies",Low-yield property/development taxes,"Taxes sur les produits de l'industrie et de l'artisanat, fraction perçue sur les biens des industries du béton, fraction perçue sur les biens des industries des matériaux de construction en terre cuite, raction perçue sur les biens des industries des roches ornementales et de constructionf (ex-Taxe pour le développement des industries du béton, de la terre cuite et des roches ornementales et de construction)",Cour low-yield row classified from land/property label.,"Industry levy on concrete, terracotta and construction-material goods.",yes,15000000,0.000514,0,
"Taxes sur les produits de l'industrie et de l'artisanat, fraction perçue sur les biens des industries du cuir, de la chaussure et de la maroquinerie (ex-Taxe pour le développement des industries du cuir, de la maroquinerie, de la ganterie et de la chaussure)",Low-yield market-failure correction levy on production paid by businesses,"Low-yield market-failure correction levy on production paid by businesses. Collector: Centre technique du cuir (CTC), DGFiP, DGDDI. Beneficiary: Centre technique du cuir (CTC).",18781000,0.000643,"Cour des comptes, Les taxes a faible rendement, annex listing, Apr 2025; file: code/data/france_tax/20250417-annexe-listing-des-taxes-concernees.xlsx; Cour Inventaire sheet id 242; Enjeu 2024","Cour low-yield-tax inventory id 242. Status: En vigueur entre 2019 et 2024. Objective: Correction défaillance marché; payer: Entreprises; base: Production. The Cour annex is an individual-tax inventory and may overlap with Eurostat grouped/aggregate NTL rows; do not sum both sources without reconciliation. English name is a descriptive label generated from the Cour structured fields; the Cour annex does not provide an official English legal title. Cour Enjeu 2019: EUR 14.679m. Revenue is the Cour 'enjeu 2024' figure, in EUR after conversion from EUR millions.",Leather industry levy,Business,Business production and sector levies,Low-yield sector/professional levies,"Taxes sur les produits de l'industrie et de l'artisanat, fraction perçue sur les biens des industries du cuir, de la chaussure et de la maroquinerie (ex-Taxe pour le développement des industries du cuir, de la maroquinerie, de la ganterie et de la chaussure)",Cour low-yield row classified from business/professional label.,"Business levy based on production, premises, turnover or sector activity.",yes,18781000,0.000643,0,
"Taxes sur les produits de l'industrie et de l'artisanat, fraction sur les biens des industries de la construction métallique, de la mécanique,… (ex-Taxe pour le développement des industries de la mécanique, de la construction métallique, des matériels etc…)",Low-yield market-failure correction levy on production paid by businesses,"Low-yield market-failure correction levy on production paid by businesses. Collector: Comité de coordination des centres de recherche en mécanique (COREM), DGFiP, DGDDI. Beneficiary: Centre technique des industries mécaniques (CETIM) / Centre technique industriel de la construction métallique(CTICM) / Centre Technique des Industries Aérauliques et Thermiques (CETIAT) / Instituts de soudure.",115100000,0.003942,"Cour des comptes, Les taxes a faible rendement, annex listing, Apr 2025; file: code/data/france_tax/20250417-annexe-listing-des-taxes-concernees.xlsx; Cour Inventaire sheet id 237; Enjeu 2024","Cour low-yield-tax inventory id 237. Status: En vigueur entre 2019 et 2024. Objective: Correction défaillance marché; payer: Entreprises; base: Production. The Cour annex is an individual-tax inventory and may overlap with Eurostat grouped/aggregate NTL rows; do not sum both sources without reconciliation. English name is a descriptive label generated from the Cour structured fields; the Cour annex does not provide an official English legal title. Cour Enjeu 2019: EUR 73.404m. Revenue is the Cour 'enjeu 2024' figure, in EUR after conversion from EUR millions.",Mechanical industry levy,Land,"Land, buildings and development levies",Low-yield property/development taxes,"Taxes sur les produits de l'industrie et de l'artisanat, fraction sur les biens des industries de la construction métallique, de la mécanique,… (ex-Taxe pour le développement des industries de la mécanique, de la construction métallique, des matériels etc…)",Cour low-yield row classified from land/property label.,Industry levy on mechanical and metal-construction goods.,yes,115100000,0.003942,0,
"Taxes sur les produits de l'industrie et de l'artisanat, fraction sur les biens des industries du papier (ex-Taxe pour le développement des industries de fabrication du papier, du carton et de la pâte de cellulose)",Low-yield market-failure correction levy on production paid by businesses,"Low-yield market-failure correction levy on production paid by businesses. Collector: DGDDI. Beneficiary: Centre technique de l’industrie des papiers, cartons et celluloses (CTP).",2800000,0.000096,"Cour des comptes, Les taxes a faible rendement, annex listing, Apr 2025; file: code/data/france_tax/20250417-annexe-listing-des-taxes-concernees.xlsx; Cour Inventaire sheet id 236; Enjeu 2024","Cour low-yield-tax inventory id 236. Status: En vigueur entre 2019 et 2024. Objective: Correction défaillance marché; payer: Entreprises; base: Production. The Cour annex is an individual-tax inventory and may overlap with Eurostat grouped/aggregate NTL rows; do not sum both sources without reconciliation. English name is a descriptive label generated from the Cour structured fields; the Cour annex does not provide an official English legal title. Cour Enjeu 2019: EUR 1.238m. Revenue is the Cour 'enjeu 2024' figure, in EUR after conversion from EUR millions.",Paper industry levy,Business,Business production and sector levies,Low-yield sector/professional levies,"Taxes sur les produits de l'industrie et de l'artisanat, fraction sur les biens des industries du papier (ex-Taxe pour le développement des industries de fabrication du papier, du carton et de la pâte de cellulose)",Cour low-yield row classified from business/professional label.,"Business levy based on production, premises, turnover or sector activity.",yes,2800000,0.000096,0,
Taxes sur les salaires,Taxes on salaries,Eurostat national-tax-list line classified as ESA code D29C. Economic function: employer labour.,17315000000,0.593000,"Eurostat, National Tax Lists - individual taxes, updated 22 Apr 2026; file: code/data/france_tax/eurostat_national_tax_lists_2025_2026-04-22.xlsx; FR sheet; STO D29C; DETAILS C03; 2024","Eurostat NTL covers general government plus EU institutions (S.13 + S.212), so local taxes are in scope.",Payroll tax,Employment,Employer payroll and labour levies,Payroll levies,Taxes sur les salaires,"UK-equivalent treatment: employer payroll levies sit with employment taxes, like apprenticeship levy/NICs.","Tax on payrolls, mainly paid by employers outside the VAT system.",yes,16544143424,0.566600,-770856576,Netted Cour known-yield overlap for Employment / Employer payroll and labour levies.
Taxes sur les services professionnels hors droits de mutations,"Taxes on professional services, not including ownership transfer taxes",Eurostat national-tax-list line classified as ESA code D214H. Economic function: consumption.,1763000000,0.060379,"Eurostat, National Tax Lists - individual taxes, updated 22 Apr 2026; file: code/data/france_tax/eurostat_national_tax_lists_2025_2026-04-22.xlsx; FR sheet; STO D214H; DETAILS C09; 2024","Eurostat NTL covers general government plus EU institutions (S.13 + S.212), so local taxes are in scope.",Professional services tax,Land,Property transaction and registration taxes,Transfer/registration taxes,Taxes sur les services professionnels hors droits de mutations,UK-equivalent treatment: property-transfer duties sit with land/property taxes.,Tax on some professional services connected with property transactions.,yes,1763000000,0.060379,0,
Taxes sur les spectacles,Taxes on entertainment,Eurostat national-tax-list line classified as ESA code D214E. Economic function: consumption.,96000000,0.003288,"Eurostat, National Tax Lists - individual taxes, updated 22 Apr 2026; file: code/data/france_tax/eurostat_national_tax_lists_2025_2026-04-22.xlsx; FR sheet; STO D214E; DETAILS C02; 2024","Eurostat NTL covers general government plus EU institutions (S.13 + S.212), so local taxes are in scope.",Entertainment taxes,Goods/services,Specific services and media taxes,Services/media/entertainment,Taxes sur les spectacles,Specific consumption/service tax.,"Tax on a specific service, media or entertainment activity.",yes,96000000,0.003288,0,
Taxes sur les stations et liaisons radioélectriques privées,Low-yield budget-raising levy on consumption paid by businesses,Low-yield budget-raising levy on consumption paid by businesses. Collector: Agence nationale des fréquences (ANFr). Beneficiary: Budget général.,24724410,0.000847,"Cour des comptes, Les taxes a faible rendement, annex listing, Apr 2025; file: code/data/france_tax/20250417-annexe-listing-des-taxes-concernees.xlsx; Cour Inventaire sheet id 325; Enjeu 2024","Cour low-yield-tax inventory id 325. Status: En vigueur entre 2019 et 2024. Objective: Rendement; payer: Entreprises; base: Consommation. The Cour annex is an individual-tax inventory and may overlap with Eurostat grouped/aggregate NTL rows; do not sum both sources without reconciliation. English name is a descriptive label generated from the Cour structured fields; the Cour annex does not provide an official English legal title. Cour Enjeu 2019: EUR 25.537m. Revenue is the Cour 'enjeu 2024' figure, in EUR after conversion from EUR millions.",Private radio tax,Business,Business production and sector levies,Low-yield sector/professional levies,Taxes sur les stations et liaisons radioélectriques privées,Cour low-yield row classified from business/professional label.,"Business levy based on production, premises, turnover or sector activity.",yes,24724410,0.000847,0,
Taxes sur les tabacs,Taxes on tobaccos,Eurostat national-tax-list line classified as ESA code D214A. Economic function: consumption. Environmental/property tag: alcohol/tobacco.,13606000000,0.465975,"Eurostat, National Tax Lists - individual taxes, updated 22 Apr 2026; file: code/data/france_tax/eurostat_national_tax_lists_2025_2026-04-22.xlsx; FR sheet; STO D214A; DETAILS C10; 2024","Eurostat NTL covers general government plus EU institutions (S.13 + S.212), so local taxes are in scope.",Tobacco duties,Goods/services,"Alcohol, tobacco and drinks duties",Excise duties,Taxes sur les tabacs,Direct UK equivalent: alcohol/tobacco/soft-drink-style duties.,Excise duties on tobacco products.,yes,12709009992,0.435255,-896990008,"Netted Cour known-yield overlap for Goods/services / Alcohol, tobacco and drinks duties."
Taxes sur les transports,Taxes on transports,Eurostat national-tax-list line classified as ESA code D214H. Economic function: consumption. Environmental/property tag: transport.,1859000000,0.063667,"Eurostat, National Tax Lists - individual taxes, updated 22 Apr 2026; file: code/data/france_tax/eurostat_national_tax_lists_2025_2026-04-22.xlsx; FR sheet; STO D214H; DETAILS C10; 2024","Eurostat NTL covers general government plus EU institutions (S.13 + S.212), so local taxes are in scope.",Transport taxes,Goods/services,Transport and vehicle taxes,Vehicle/transport-use taxes,Taxes sur les transports,Direct UK equivalent: vehicle/transport taxes.,Taxes on transport services or transport use.,yes,1859000000,0.063667,0,
TGAP déchets,Low-yield behavioural incentive levy on production paid by businesses,Low-yield behavioural incentive levy on production paid by businesses. Collector: DGFiP. Beneficiary: Budget général.,,,"Cour des comptes, Les taxes a faible rendement, annex listing, Apr 2025; file: code/data/france_tax/20250417-annexe-listing-des-taxes-concernees.xlsx; Cour Inventaire sheet id 327; Enjeu 2024",Cour low-yield-tax inventory id 327. Status: En vigueur entre 2019 et 2024. Objective: Incitation; payer: Entreprises; base: Production. The Cour annex is an individual-tax inventory and may overlap with Eurostat grouped/aggregate NTL rows; do not sum both sources without reconciliation. English name is a descriptive label generated from the Cour structured fields; the Cour annex does not provide an official English legal title. No known or estimated 2024 yield in the Cour annex; cannot be area-sized without an estimate.,Pollution tax,Environmental,Pollution taxes,Low-yield pollution levies,TGAP déchets,Cour low-yield row classified from pollution label.,Tax on pollution or environmentally harmful activities.,no,,,0,
TGAP lessives,Low-yield behavioural incentive levy on production paid by businesses,Low-yield behavioural incentive levy on production paid by businesses. Collector: DGFiP. Beneficiary: Budget général / Agence de l'environnement et de la maîtrise de l'énergie (ADEME).,,,"Cour des comptes, Les taxes a faible rendement, annex listing, Apr 2025; file: code/data/france_tax/20250417-annexe-listing-des-taxes-concernees.xlsx; Cour Inventaire sheet id 329; Enjeu 2024",Cour low-yield-tax inventory id 329. Status: En vigueur entre 2019 et 2024. Objective: Incitation; payer: Entreprises; base: Production. The Cour annex is an individual-tax inventory and may overlap with Eurostat grouped/aggregate NTL rows; do not sum both sources without reconciliation. English name is a descriptive label generated from the Cour structured fields; the Cour annex does not provide an official English legal title. No known or estimated 2024 yield in the Cour annex; cannot be area-sized without an estimate.,Pollution tax,Environmental,Pollution taxes,Low-yield pollution levies,TGAP lessives,Cour low-yield row classified from pollution label.,Tax on pollution or environmentally harmful activities.,no,,,0,
TGAP matériaux d'extraction,Low-yield behavioural incentive levy on production paid by businesses,Low-yield behavioural incentive levy on production paid by businesses. Collector: DGFiP. Beneficiary: Budget général / Agence de l'environnement et de la maîtrise de l'énergie (ADEME).,,,"Cour des comptes, Les taxes a faible rendement, annex listing, Apr 2025; file: code/data/france_tax/20250417-annexe-listing-des-taxes-concernees.xlsx; Cour Inventaire sheet id 331; Enjeu 2024",Cour low-yield-tax inventory id 331. Status: En vigueur entre 2019 et 2024. Objective: Incitation; payer: Entreprises; base: Production. The Cour annex is an individual-tax inventory and may overlap with Eurostat grouped/aggregate NTL rows; do not sum both sources without reconciliation. English name is a descriptive label generated from the Cour structured fields; the Cour annex does not provide an official English legal title. No known or estimated 2024 yield in the Cour annex; cannot be area-sized without an estimate.,Pollution tax,Environmental,Pollution taxes,Low-yield pollution levies,TGAP matériaux d'extraction,Cour low-yield row classified from pollution label.,Tax on pollution or environmentally harmful activities.,no,,,0,
TGAP émissions polluantes,Low-yield behavioural incentive levy on production paid by businesses,Low-yield behavioural incentive levy on production paid by businesses. Collector: DGFiP. Beneficiary: Budget général / Agence de l'environnement et de la maîtrise de l'énergie (ADEME).,,,"Cour des comptes, Les taxes a faible rendement, annex listing, Apr 2025; file: code/data/france_tax/20250417-annexe-listing-des-taxes-concernees.xlsx; Cour Inventaire sheet id 328; Enjeu 2024",Cour low-yield-tax inventory id 328. Status: En vigueur entre 2019 et 2024. Objective: Incitation; payer: Entreprises; base: Production. The Cour annex is an individual-tax inventory and may overlap with Eurostat grouped/aggregate NTL rows; do not sum both sources without reconciliation. English name is a descriptive label generated from the Cour structured fields; the Cour annex does not provide an official English legal title. No known or estimated 2024 yield in the Cour annex; cannot be area-sized without an estimate.,Pollution tax,Environmental,Pollution taxes,Low-yield pollution levies,TGAP émissions polluantes,Cour low-yield row classified from pollution label.,Tax on pollution or environmentally harmful activities.,no,,,0,
TVA,VAT,Eurostat national-tax-list line classified as ESA code D211. Economic function: consumption.,206332000000,7.066406,"Eurostat, National Tax Lists - individual taxes, updated 22 Apr 2026; file: code/data/france_tax/eurostat_national_tax_lists_2025_2026-04-22.xlsx; FR sheet; STO D211; DETAILS C01; 2024","Eurostat NTL covers general government plus EU institutions (S.13 + S.212), so local taxes are in scope.",VAT,Goods/services,VAT,VAT,TVA,Direct UK equivalent: VAT.,France's value added tax on goods and services.,yes,206332000000,7.066406,0,
Versement mobilité,Transport compensation,Eurostat national-tax-list line classified as ESA code D29C. Economic function: employer labour.,12231000000,0.418884,"Eurostat, National Tax Lists - individual taxes, updated 22 Apr 2026; file: code/data/france_tax/eurostat_national_tax_lists_2025_2026-04-22.xlsx; FR sheet; STO D29C; DETAILS C07; 2024","Eurostat NTL covers general government plus EU institutions (S.13 + S.212), so local taxes are in scope.",Mobility payroll levy,Employment,Employer payroll and labour levies,Payroll levies,Versement mobilité,"UK-equivalent treatment: employer payroll levies sit with employment taxes, like apprenticeship levy/NICs.",Local payroll levy used to fund public transport.,yes,12231000000,0.418884,0,
Versement transport dû par les entreprises de plus de 9 salariés implantées en province,Low-yield budget-raising levy on payroll paid by businesses,Low-yield budget-raising levy on payroll paid by businesses. Collector: Collectivités territoriales. Beneficiary: Autorités organisatrices des transports urbains.,,,"Cour des comptes, Les taxes a faible rendement, annex listing, Apr 2025; file: code/data/france_tax/20250417-annexe-listing-des-taxes-concernees.xlsx; Cour Inventaire sheet id 335; Enjeu 2024",Cour low-yield-tax inventory id 335. Status: En vigueur entre 2019 et 2024. Objective: Rendement; payer: Entreprises; base: Masse salariale. The Cour annex is an individual-tax inventory and may overlap with Eurostat grouped/aggregate NTL rows; do not sum both sources without reconciliation. English name is a descriptive label generated from the Cour structured fields; the Cour annex does not provide an official English legal title. No known or estimated 2024 yield in the Cour annex; cannot be area-sized without an estimate.,Transport levy,Employment,Employer payroll and labour levies,Low-yield payroll/workforce levies,Versement transport dû par les entreprises de plus de 9 salariés implantées en province,Cour low-yield row classified from base/payer/legal label.,"Tax on vehicles, transport services or transport use.",no,,,0,
